customerID,gender,SeniorCitizen,Partner,Dependents,tenure,PhoneService,MultipleLines,InternetService,OnlineSecurity,OnlineBackup,DeviceProtection,TechSupport,StreamingTV,StreamingMovies,Contract,PaperlessBilling,PaymentMethod,MonthlyCharges,TotalCharges,CustomerServiceCalls,Churn
8270-TO,Female,0,No,No,18,Yes,Yes,Fiber optic,Yes,Yes,No,Yes,Yes,No,Month-to-month,No,Electronic check,103.42,1832.94,0,Yes
6191-UG,Male,1,Yes,No,12,Yes,No,Fiber optic,Yes,No,No,Yes,Yes,No,Month-to-month,Yes,Electronic check,93.5,1157.82,0,Yes
7265-SW,Female,0,No,No,72,Yes,No,No,No internet service,No internet service,No internet service,No internet service,No internet service,No internet service,Two year,No,Mailed check,18.5,1315.91,2,No
5426-KX,Male,0,No,No,5,Yes,No,DSL,No,No,Yes,Yes,No,Yes,Two year,No,Electronic check,72.34,342.7,0,Yes
9322-VU,Female,0,Yes,No,7,Yes,No,Fiber optic,Yes,No,No,No,Yes,Yes,Month-to-month,Yes,Mailed check,96.9,577.51,1,Yes
1769-XL,Male,1,Yes,No,15,Yes,Yes,Fiber optic,No,No,No,No,Yes,No,One year,Yes,Bank transfer (automatic),74.94,1120.31,0,No
7949-BU,Male,1,No,No,67,Yes,No,No,No internet service,No internet service,No internet service,No internet service,No internet service,No internet service,One year,Yes,Electronic check,19.84,1341.76,5,No
2184-LZ,Male,0,No,No,18,Yes,Yes,No,No internet service,No internet service,No internet service,No internet service,No internet service,No internet service,Month-to-month,Yes,Mailed check,23.23,519.93,1,Yes
7396-LY,Male,0,Yes,No,38,Yes,Yes,DSL,Yes,No,No,No,Yes,No,One year,Yes,Electronic check,62.93,2335.88,3,No
9666-JP,Male,0,Yes,No,26,Yes,Yes,DSL,No,No,No,Yes,Yes,No,One year,No,Electronic check,64.2,1703.2,5,No
1189-OS,Female,0,No,No,38,Yes,No,Fiber optic,No,No,Yes,Yes,Yes,No,Month-to-month,Yes,Mailed check,93.72,3608.87,1,No
2899-WT,Female,1,Yes,No,59,Yes,No,DSL,No,Yes,Yes,Yes,No,Yes,Month-to-month,Yes,Electronic check,80.36,4752.54,3,No
2528-CE,Male,0,Yes,No,52,Yes,Yes,DSL,Yes,No,No,No,No,Yes,Two year,Yes,Bank transfer (automatic),64.21,3424.89,2,No
4890-GU,Male,0,Yes,Yes,33,Yes,Yes,Fiber optic,Yes,No,No,No,Yes,Yes,Month-to-month,No,Electronic check,94.25,3148.34,1,Yes
6393-DY,Female,0,Yes,No,21,Yes,No,Fiber optic,No,Yes,No,No,No,No,Month-to-month,Yes,Credit card (automatic),70.05,1502.74,0,No
9433-ZI,Female,0,No,No,17,Yes,No,Fiber optic,No,No,No,Yes,Yes,Yes,Two year,Yes,Credit card (automatic),105.24,1761.52,0,No
8513-UB,Female,0,No,Yes,62,No,No phone service,Fiber optic,No,No,Yes,No,No,Yes,Two year,Yes,Electronic check,70.42,4381.37,0,No
7235-OG,Female,0,Yes,No,59,Yes,No,Fiber optic,Yes,Yes,No,No,Yes,No,Month-to-month,No,Electronic check,90.05,5265.6,1,No
1775-OC,Female,0,No,Yes,2,Yes,Yes,Fiber optic,No,No,Yes,No,Yes,No,Two year,Yes,Electronic check,85.39,123.7,1,No
4152-DR,Male,1,Yes,No,64,No,No phone service,No,No internet service,No internet service,No internet service,No internet service,No internet service,No internet service,Two year,Yes,Credit card (automatic),18.86,1227.44,1,No
4943-DB,Male,0,Yes,No,25,Yes,Yes,DSL,No,Yes,No,No,Yes,No,Month-to-month,No,Electronic check,63.95,1638.22,1,Yes
2021-FV,Female,0,No,Yes,41,Yes,Yes,DSL,No,No,Yes,No,No,No,Month-to-month,No,Mailed check,52.72,2166.66,3,No
4843-VR,Female,0,Yes,Yes,19,Yes,No,DSL,No,No,No,No,No,Yes,Month-to-month,Yes,Credit card (automatic),53.36,1059.67,2,No
7873-LB,Female,0,Yes,No,38,No,No phone service,No,No internet service,No internet service,No internet service,No internet service,No internet service,No internet service,One year,No,Electronic check,18.5,672.5,2,No
5297-DN,Female,0,Yes,Yes,25,Yes,No,DSL,Yes,No,Yes,No,No,No,One year,Yes,Bank transfer (automatic),60.34,1577.35,1,No
8629-WY,Female,0,No,Yes,39,Yes,No,Fiber optic,No,No,Yes,Yes,No,No,Month-to-month,No,Electronic check,82.94,3291.26,3,Yes
8869-HU,Female,0,Yes,Yes,4,No,No phone service,DSL,No,No,No,No,Yes,No,Month-to-month,No,Electronic check,45.17,232.25,2,No
7863-MR,Female,0,Yes,Yes,3,Yes,No,No,No internet service,No internet service,No internet service,No internet service,No internet service,No internet service,Month-to-month,Yes,Electronic check,18.5,18.5,1,Yes
1878-UX,Female,0,No,Yes,34,Yes,No,No,No internet service,No internet service,No internet service,No internet service,No internet service,No internet service,Month-to-month,No,Electronic check,18.5,648.65,0,No
5859-MI,Female,0,Yes,No,10,Yes,No,Fiber optic,Yes,No,No,Yes,Yes,No,Two year,No,Electronic check,96.91,1080.59,2,No
6276-OM,Male,0,Yes,No,27,Yes,Yes,DSL,No,Yes,No,No,Yes,Yes,Month-to-month,Yes,Bank transfer (automatic),77.25,1988.39,1,Yes
1064-YG,Female,1,Yes,Yes,1,Yes,Yes,DSL,No,Yes,No,No,Yes,Yes,Two year,No,Electronic check,78.94,74.17,1,No
3568-XA,Female,0,Yes,Yes,44,Yes,No,DSL,No,Yes,No,Yes,Yes,Yes,Two year,Yes,Credit card (automatic),85.14,3777.68,1,No
3027-HX,Male,0,Yes,No,52,Yes,No,DSL,Yes,No,No,Yes,Yes,Yes,Month-to-month,Yes,Electronic check,88.46,4564.77,0,No
6258-SQ,Male,1,No,Yes,25,Yes,Yes,DSL,Yes,Yes,No,No,No,Yes,Two year,Yes,Electronic check,70.81,1745.73,1,No
1391-CC,Male,0,No,No,65,Yes,No,DSL,No,No,No,Yes,No,Yes,Month-to-month,Yes,Mailed check,64.24,4153.45,1,No
6892-JG,Female,0,Yes,Yes,11,Yes,Yes,DSL,No,Yes,No,Yes,Yes,Yes,One year,Yes,Electronic check,83.79,879.41,3,No
7184-GI,Female,0,Yes,Yes,68,Yes,No,Fiber optic,No,No,No,Yes,No,Yes,One year,No,Electronic check,84.43,5769.24,2,No
4104-PW,Female,0,Yes,Yes,15,Yes,No,Fiber optic,No,No,No,Yes,Yes,No,Two year,Yes,Bank transfer (automatic),87.65,1248.25,5,Yes
3454-XE,Female,0,Yes,Yes,57,Yes,Yes,Fiber optic,Yes,No,No,No,No,No,One year,Yes,Bank transfer (automatic),68.31,3840.81,1,No
3731-HV,Male,1,Yes,No,64,Yes,Yes,No,No internet service,No internet service,No internet service,No internet service,No internet service,No internet service,One year,Yes,Electronic check,19.81,1232.0,0,No
9154-CA,Female,0,Yes,Yes,11,No,No phone service,DSL,Yes,No,Yes,No,Yes,Yes,Month-to-month,No,Bank transfer (automatic),68.85,833.12,0,No
9110-NC,Female,0,Yes,No,20,No,No phone service,DSL,No,No,Yes,No,Yes,Yes,One year,Yes,Bank transfer (automatic),69.66,1469.43,1,Yes
4840-EZ,Male,0,No,No,30,Yes,No,DSL,Yes,No,No,No,No,No,Month-to-month,Yes,Credit card (automatic),54.87,1653.98,3,No
1502-NG,Female,0,Yes,No,10,Yes,No,No,No internet service,No internet service,No internet service,No internet service,No internet service,No internet service,Month-to-month,No,Bank transfer (automatic),18.5,274.14,3,Yes
7938-IO,Female,1,Yes,Yes,54,Yes,Yes,DSL,No,No,No,No,Yes,Yes,One year,Yes,Electronic check,69.92,3773.02,1,No
6134-ZJ,Female,0,Yes,Yes,58,Yes,No,No,No internet service,No internet service,No internet service,No internet service,No internet service,No internet service,Month-to-month,Yes,Bank transfer (automatic),21.19,1314.8,2,No
8035-MS,Female,0,Yes,No,29,No,No phone service,DSL,No,Yes,No,No,No,Yes,One year,No,Electronic check,49.51,1462.65,2,Yes
1863-GQ,Male,0,No,Yes,1,Yes,Yes,Fiber optic,No,No,No,No,No,No,One year,Yes,Electronic check,65.41,77.1,1,Yes
9755-DE,Male,0,Yes,No,58,Yes,Yes,DSL,Yes,Yes,No,Yes,No,No,Month-to-month,Yes,Bank transfer (automatic),70.68,4063.96,1,No
8574-GM,Male,0,Yes,No,21,Yes,No,Fiber optic,Yes,Yes,No,Yes,Yes,No,Two year,No,Mailed check,102.09,2144.67,3,No
2678-KD,Male,0,Yes,No,15,Yes,No,No,No internet service,No internet service,No internet service,No internet service,No internet service,No internet service,Month-to-month,No,Credit card (automatic),22.38,314.1,4,No
7668-GS,Female,1,Yes,Yes,67,Yes,No,No,No internet service,No internet service,No internet service,No internet service,No internet service,No internet service,Month-to-month,No,Electronic check,18.5,1191.08,0,No
4157-BJ,Female,0,No,No,33,Yes,Yes,Fiber optic,No,Yes,Yes,No,No,No,Two year,Yes,Mailed check,81.16,2637.97,2,No
3693-LL,Female,0,No,No,38,Yes,No,DSL,No,Yes,No,No,Yes,Yes,Two year,Yes,Electronic check,80.22,3059.96,2,No
6450-ZW,Male,0,Yes,No,19,Yes,Yes,Fiber optic,No,Yes,No,Yes,No,No,Month-to-month,Yes,Mailed check,80.81,1482.19,0,No
6592-GA,Male,0,No,Yes,4,Yes,No,Fiber optic,Yes,No,Yes,No,No,No,Two year,Yes,Electronic check,79.46,353.91,2,No
2306-YT,Male,0,Yes,No,58,Yes,Yes,DSL,No,No,No,Yes,Yes,Yes,Two year,Yes,Electronic check,78.18,4513.7,3,No
6864-CG,Female,0,Yes,No,70,Yes,No,Fiber optic,Yes,No,No,No,No,Yes,Month-to-month,No,Mailed check,81.87,5725.12,1,No
9901-HI,Female,0,Yes,No,12,No,No phone service,DSL,No,No,No,Yes,No,No,Month-to-month,No,Mailed check,45.71,582.69,3,No
5413-EA,Male,0,No,No,17,Yes,No,DSL,No,Yes,No,No,No,Yes,Month-to-month,Yes,Electronic check,62.86,992.89,2,No
1663-OV,Male,0,Yes,No,1,Yes,No,Fiber optic,No,Yes,No,No,No,Yes,Month-to-month,No,Bank transfer (automatic),85.3,18.5,3,Yes
2495-IT,Female,1,No,Yes,14,Yes,No,DSL,No,No,No,No,Yes,Yes,Month-to-month,No,Mailed check,72.18,964.61,2,Yes
6232-QZ,Female,0,Yes,No,2,Yes,No,DSL,Yes,No,No,No,Yes,No,Month-to-month,Yes,Credit card (automatic),64.85,174.03,0,No
2291-GB,Female,0,Yes,No,4,Yes,Yes,DSL,Yes,Yes,No,Yes,No,No,Two year,Yes,Credit card (automatic),71.1,317.33,2,No
8554-QE,Male,0,No,Yes,66,Yes,No,Fiber optic,Yes,No,No,Yes,No,Yes,Two year,Yes,Bank transfer (automatic),90.45,5903.69,2,No
4696-XQ,Male,0,No,No,46,Yes,Yes,Fiber optic,No,Yes,No,No,No,No,Two year,Yes,Mailed check,71.46,3249.51,0,No
1698-QB,Male,0,No,No,50,Yes,Yes,DSL,No,Yes,Yes,No,Yes,No,Month-to-month,No,Mailed check,72.43,3626.56,4,Yes
5737-VW,Male,0,No,Yes,60,Yes,No,No,No internet service,No internet service,No internet service,No internet service,No internet service,No internet service,One year,Yes,Credit card (automatic),18.5,1095.62,4,No
9164-AA,Female,0,Yes,Yes,52,Yes,No,DSL,Yes,No,Yes,Yes,No,Yes,One year,No,Bank transfer (automatic),85.3,4463.26,2,No
6249-UL,Female,0,Yes,No,48,Yes,Yes,Fiber optic,Yes,Yes,Yes,No,No,No,One year,No,Electronic check,89.36,4313.19,1,No
6791-FW,Female,0,Yes,No,39,Yes,Yes,DSL,No,No,Yes,Yes,Yes,Yes,Month-to-month,Yes,Mailed check,83.23,3322.49,2,No
5931-WK,Male,0,Yes,No,70,Yes,Yes,Fiber optic,No,Yes,Yes,No,No,No,Month-to-month,No,Mailed check,78.94,5580.57,0,No
5218-QF,Female,0,No,Yes,60,Yes,Yes,Fiber optic,Yes,No,Yes,No,Yes,Yes,One year,Yes,Electronic check,103.95,6248.03,1,No
3327-ET,Female,1,No,Yes,30,No,No phone service,Fiber optic,No,Yes,No,Yes,Yes,Yes,Two year,Yes,Credit card (automatic),93.8,2821.98,1,No
8777-FV,Female,0,No,No,27,Yes,No,Fiber optic,No,Yes,Yes,No,No,Yes,Month-to-month,Yes,Electronic check,85.87,2368.94,2,Yes
2930-PP,Female,1,Yes,No,55,Yes,No,Fiber optic,No,Yes,No,No,Yes,Yes,Month-to-month,No,Mailed check,94.13,5274.12,3,No
9800-IF,Female,1,No,Yes,70,Yes,Yes,DSL,No,Yes,No,No,No,Yes,Month-to-month,No,Credit card (automatic),66.1,4569.19,2,No
3511-CT,Male,0,No,No,26,Yes,Yes,Fiber optic,No,Yes,Yes,No,Yes,No,One year,No,Bank transfer (automatic),91.32,2363.99,3,No
3811-DS,Female,0,Yes,No,42,Yes,No,DSL,No,No,No,No,No,Yes,Two year,Yes,Credit card (automatic),59.65,2456.18,3,No
2986-ST,Female,1,Yes,Yes,67,Yes,Yes,Fiber optic,No,No,No,Yes,Yes,Yes,Month-to-month,No,Electronic check,95.04,6426.77,1,No
3911-GT,Male,0,No,Yes,67,Yes,Yes,Fiber optic,Yes,Yes,No,Yes,Yes,No,Month-to-month,No,Mailed check,103.54,6973.57,1,No
9680-AH,Male,0,No,Yes,52,Yes,No,DSL,No,Yes,No,No,Yes,Yes,Month-to-month,Yes,Bank transfer (automatic),77.95,4012.93,3,Yes
6759-GR,Female,0,No,No,6,No,No phone service,Fiber optic,No,No,Yes,No,Yes,Yes,Month-to-month,Yes,Credit card (automatic),83.99,531.46,3,Yes
5736-KY,Female,0,Yes,Yes,10,Yes,Yes,No,No internet service,No internet service,No internet service,No internet service,No internet service,No internet service,Month-to-month,Yes,Credit card (automatic),20.43,165.29,1,No
7616-RW,Female,0,Yes,No,38,Yes,No,DSL,No,No,No,Yes,Yes,No,Two year,Yes,Electronic check,64.0,2442.62,1,No
6534-JC,Female,0,Yes,No,12,Yes,Yes,Fiber optic,No,No,Yes,No,No,No,Month-to-month,Yes,Bank transfer (automatic),73.62,957.88,0,Yes
1262-PZ,Male,0,Yes,No,46,Yes,No,Fiber optic,Yes,No,No,No,Yes,No,Month-to-month,No,Electronic check,89.96,4167.22,2,Yes
9815-YT,Female,0,No,Yes,49,Yes,Yes,DSL,No,Yes,Yes,No,Yes,No,One year,No,Mailed check,71.64,3579.76,2,No
3049-AP,Male,0,Yes,No,72,Yes,Yes,Fiber optic,No,No,No,No,No,Yes,Month-to-month,Yes,Mailed check,74.41,5430.52,1,No
5548-EW,Female,0,No,No,63,Yes,No,DSL,No,Yes,Yes,No,No,Yes,Two year,Yes,Electronic check,70.03,4363.37,3,Yes
8400-CS,Female,1,No,No,69,Yes,No,No,No internet service,No internet service,No internet service,No internet service,No internet service,No internet service,Month-to-month,No,Credit card (automatic),27.27,1972.29,1,No
3255-CT,Female,0,Yes,No,43,Yes,No,Fiber optic,No,No,No,No,No,Yes,Month-to-month,No,Bank transfer (automatic),73.09,3092.4,0,Yes
7295-VX,Male,0,Yes,No,60,Yes,Yes,No,No internet service,No internet service,No internet service,No internet service,No internet service,No internet service,One year,No,Electronic check,18.5,1004.56,2,No
2648-HD,Female,1,Yes,No,29,Yes,Yes,DSL,Yes,No,No,No,Yes,No,Two year,No,Mailed check,65.38,1884.45,2,No
5199-TC,Female,0,No,Yes,11,Yes,No,DSL,No,No,No,Yes,Yes,No,One year,Yes,Electronic check,70.38,701.84,1,No
3557-YC,Male,0,Yes,No,35,Yes,No,DSL,Yes,Yes,Yes,No,Yes,Yes,One year,No,Mailed check,86.78,3023.27,2,No
3200-RN,Female,1,Yes,No,23,No,No phone service,Fiber optic,No,Yes,No,No,No,Yes,Month-to-month,Yes,Mailed check,71.35,1668.17,1,No
5433-BV,Male,1,No,No,72,Yes,No,No,No internet service,No internet service,No internet service,No internet service,No internet service,No internet service,Month-to-month,No,Electronic check,18.5,1428.14,2,No
1956-ID,Female,0,No,Yes,21,Yes,No,No,No internet service,No internet service,No internet service,No internet service,No internet service,No internet service,Two year,No,Credit card (automatic),18.82,349.83,1,No
9352-DA,Male,0,Yes,Yes,37,Yes,No,Fiber optic,No,No,Yes,Yes,No,No,Month-to-month,Yes,Credit card (automatic),77.75,2832.06,3,Yes
5493-UP,Male,1,No,No,28,Yes,Yes,Fiber optic,No,Yes,No,No,No,Yes,Month-to-month,No,Bank transfer (automatic),87.16,2461.04,3,Yes
4987-XH,Male,0,No,Yes,58,No,No phone service,No,No internet service,No internet service,No internet service,No internet service,No internet service,No internet service,One year,Yes,Credit card (automatic),18.5,1042.83,2,No
2218-QA,Female,0,Yes,No,53,Yes,No,Fiber optic,No,No,No,Yes,Yes,No,Month-to-month,No,Bank transfer (automatic),90.27,4804.53,2,No
5555-SV,Male,0,Yes,No,28,Yes,No,Fiber optic,No,No,No,No,No,No,One year,No,Bank transfer (automatic),69.12,2055.72,2,No
4446-VN,Male,0,Yes,No,42,Yes,No,Fiber optic,Yes,Yes,Yes,No,No,Yes,Month-to-month,No,Electronic check,97.68,4007.88,4,Yes
2693-FF,Female,0,Yes,Yes,61,Yes,No,Fiber optic,No,No,Yes,Yes,Yes,No,Two year,No,Electronic check,85.44,5231.34,1,No
4436-SV,Male,0,Yes,Yes,33,Yes,Yes,Fiber optic,Yes,No,No,No,Yes,Yes,One year,Yes,Electronic check,98.49,3189.61,2,No
6895-BU,Female,0,Yes,No,55,Yes,No,Fiber optic,No,No,No,No,Yes,Yes,Month-to-month,No,Credit card (automatic),92.53,5053.88,1,No
5893-AO,Female,0,No,No,37,Yes,Yes,DSL,No,No,Yes,Yes,Yes,No,Month-to-month,Yes,Credit card (automatic),69.1,2562.33,2,No
6600-EP,Male,0,No,No,47,Yes,No,Fiber optic,Yes,No,Yes,Yes,No,No,Two year,Yes,Electronic check,86.87,4083.35,2,No
8683-CQ,Male,0,Yes,No,36,Yes,No,Fiber optic,No,Yes,Yes,Yes,No,No,Month-to-month,Yes,Electronic check,88.65,3195.95,1,Yes
8679-QL,Female,0,Yes,No,28,Yes,No,Fiber optic,Yes,Yes,No,No,Yes,Yes,Month-to-month,Yes,Credit card (automatic),102.4,2890.57,2,Yes
3205-NU,Male,1,No,Yes,10,Yes,No,Fiber optic,No,Yes,No,No,No,No,Month-to-month,Yes,Mailed check,77.83,746.7,3,Yes
2060-XQ,Male,0,Yes,No,23,Yes,No,DSL,No,No,No,No,No,Yes,Month-to-month,Yes,Credit card (automatic),56.91,1389.56,1,Yes
1301-UC,Male,0,Yes,Yes,5,No,No phone service,Fiber optic,Yes,No,No,No,Yes,No,Month-to-month,Yes,Credit card (automatic),76.36,330.81,1,Yes
1699-AT,Male,0,Yes,Yes,6,Yes,Yes,Fiber optic,Yes,No,No,No,No,Yes,Two year,Yes,Electronic check,87.75,533.17,1,No
1190-UW,Female,0,No,No,42,Yes,Yes,DSL,No,Yes,No,No,Yes,No,Month-to-month,Yes,Mailed check,58.77,2523.42,1,No
2184-CR,Female,1,Yes,No,47,Yes,Yes,No,No internet service,No internet service,No internet service,No internet service,No internet service,No internet service,Month-to-month,No,Bank transfer (automatic),20.86,935.37,1,No
2816-JV,Male,0,No,No,28,Yes,Yes,Fiber optic,No,Yes,No,No,Yes,Yes,Two year,No,Bank transfer (automatic),94.36,2622.18,0,No
1569-CH,Female,0,Yes,No,13,Yes,Yes,Fiber optic,No,Yes,No,No,Yes,No,One year,No,Credit card (automatic),81.9,1057.44,0,Yes
3733-XR,Male,0,No,Yes,25,Yes,Yes,DSL,No,No,No,No,No,No,Month-to-month,Yes,Mailed check,43.62,1074.87,1,Yes
8455-OV,Male,0,No,No,7,Yes,Yes,Fiber optic,Yes,No,No,Yes,Yes,No,Month-to-month,No,Bank transfer (automatic),93.63,629.7,1,Yes
2686-BJ,Male,0,No,No,66,Yes,Yes,Fiber optic,No,No,Yes,No,Yes,Yes,Month-to-month,Yes,Bank transfer (automatic),94.07,6234.63,3,No
2409-ZQ,Male,0,No,Yes,58,Yes,Yes,DSL,Yes,Yes,No,Yes,Yes,Yes,Month-to-month,No,Mailed check,92.99,5394.81,2,No
9096-IK,Female,1,Yes,No,66,Yes,No,DSL,No,No,No,No,No,Yes,Two year,No,Electronic check,53.75,3533.88,2,No
8343-GJ,Male,0,Yes,No,36,Yes,No,DSL,Yes,No,No,Yes,No,No,One year,Yes,Bank transfer (automatic),65.03,2284.23,2,No
3806-ZC,Female,0,Yes,No,2,Yes,Yes,Fiber optic,No,No,No,No,Yes,No,Month-to-month,No,Mailed check,76.26,46.75,1,Yes
2841-YX,Male,0,No,No,38,Yes,Yes,DSL,No,Yes,No,No,No,No,Two year,Yes,Electronic check,54.73,2137.36,0,Yes
9716-ZG,Female,0,No,No,14,Yes,No,Fiber optic,No,No,No,Yes,No,No,One year,Yes,Electronic check,78.02,1083.02,3,Yes
8992-DM,Female,0,Yes,No,27,Yes,No,DSL,No,No,Yes,No,No,Yes,One year,No,Electronic check,69.29,1813.82,3,Yes
3368-HN,Female,0,No,No,15,Yes,No,Fiber optic,Yes,No,Yes,No,Yes,No,Month-to-month,No,Bank transfer (automatic),91.78,1427.26,0,Yes
5495-NL,Female,0,Yes,No,12,No,No phone service,Fiber optic,Yes,Yes,Yes,No,No,No,One year,No,Bank transfer (automatic),71.09,738.53,0,No
7002-WO,Male,0,Yes,No,43,Yes,No,DSL,No,No,No,Yes,Yes,Yes,One year,No,Electronic check,79.13,3540.06,0,No
6919-WV,Female,0,Yes,No,57,Yes,No,DSL,Yes,Yes,Yes,No,No,No,Two year,Yes,Electronic check,67.13,3868.05,0,No
5146-YZ,Male,0,Yes,Yes,48,Yes,Yes,No,No internet service,No internet service,No internet service,No internet service,No internet service,No internet service,Month-to-month,Yes,Credit card (automatic),19.6,867.22,2,No
1574-VZ,Female,0,Yes,No,61,Yes,Yes,No,No internet service,No internet service,No internet service,No internet service,No internet service,No internet service,Month-to-month,Yes,Mailed check,21.23,1253.88,2,No
8509-QT,Female,0,No,No,44,Yes,Yes,DSL,No,No,Yes,No,Yes,No,One year,Yes,Credit card (automatic),66.06,2920.44,1,No
5777-FO,Female,0,Yes,Yes,52,Yes,No,Fiber optic,No,Yes,Yes,No,No,No,Two year,Yes,Mailed check,79.31,4119.9,1,No
3491-EA,Male,0,No,No,62,Yes,Yes,No,No internet service,No internet service,No internet service,No internet service,No internet service,No internet service,Month-to-month,No,Mailed check,19.3,1240.8,0,No
4124-LL,Female,0,No,Yes,2,Yes,No,No,No internet service,No internet service,No internet service,No internet service,No internet service,No internet service,Month-to-month,No,Credit card (automatic),22.52,102.35,2,Yes
1004-GD,Male,0,Yes,Yes,71,Yes,No,DSL,No,No,No,Yes,No,Yes,Month-to-month,No,Credit card (automatic),69.67,4902.07,2,No
5869-MT,Male,0,No,No,31,Yes,Yes,Fiber optic,No,No,No,Yes,No,Yes,Two year,Yes,Electronic check,90.97,2809.34,3,No
5142-CW,Male,0,Yes,No,72,Yes,Yes,Fiber optic,No,No,No,Yes,No,Yes,Month-to-month,No,Bank transfer (automatic),88.2,6346.6,1,No
8079-TP,Female,0,Yes,No,33,No,No phone service,DSL,Yes,No,Yes,Yes,Yes,Yes,Month-to-month,Yes,Mailed check,80.84,2567.15,2,No
5465-JS,Female,1,Yes,Yes,5,Yes,Yes,Fiber optic,No,Yes,Yes,No,No,Yes,Two year,No,Mailed check,98.86,504.03,4,No
5752-XS,Female,0,Yes,No,58,Yes,No,Fiber optic,No,No,No,Yes,Yes,Yes,One year,Yes,Electronic check,95.67,5454.82,3,No
6177-WZ,Female,0,No,Yes,11,Yes,No,Fiber optic,Yes,Yes,No,No,No,No,Month-to-month,Yes,Credit card (automatic),80.2,927.75,0,Yes
9932-ZU,Female,0,No,No,23,Yes,No,DSL,No,No,Yes,Yes,Yes,Yes,Month-to-month,No,Electronic check,90.62,2046.13,2,No
6949-WI,Female,0,Yes,No,45,Yes,Yes,DSL,No,No,No,No,No,No,Month-to-month,No,Electronic check,45.7,2048.98,1,No
2931-UA,Female,0,Yes,No,27,Yes,Yes,DSL,No,Yes,Yes,No,Yes,No,Month-to-month,Yes,Bank transfer (automatic),79.78,2143.32,2,Yes
2081-ZA,Male,0,Yes,Yes,56,Yes,No,No,No internet service,No internet service,No internet service,No internet service,No internet service,No internet service,One year,Yes,Credit card (automatic),19.03,1015.7,1,No
8805-VP,Female,0,No,No,59,Yes,Yes,DSL,No,No,Yes,No,No,Yes,Month-to-month,No,Electronic check,62.36,3661.77,0,No
4672-HM,Male,0,Yes,No,40,Yes,Yes,DSL,Yes,No,Yes,No,No,Yes,Month-to-month,No,Mailed check,73.21,2908.75,0,No
4343-GE,Male,0,No,Yes,18,Yes,No,DSL,No,No,Yes,No,No,No,Month-to-month,No,Electronic check,49.94,919.59,1,No
8004-WC,Female,0,No,Yes,51,Yes,Yes,DSL,No,Yes,No,Yes,Yes,No,Month-to-month,No,Electronic check,77.08,3818.03,0,Yes
4147-ZP,Female,0,Yes,No,61,Yes,No,Fiber optic,Yes,Yes,No,No,Yes,No,Month-to-month,Yes,Credit card (automatic),90.02,5464.99,2,No
4506-EV,Male,1,No,No,23,Yes,No,Fiber optic,Yes,No,No,No,No,Yes,Month-to-month,Yes,Credit card (automatic),87.02,2145.58,2,No
3744-NE,Male,1,Yes,No,36,Yes,No,No,No internet service,No internet service,No internet service,No internet service,No internet service,No internet service,One year,No,Electronic check,21.83,802.78,1,No
3141-NT,Female,0,No,Yes,38,Yes,No,Fiber optic,Yes,No,No,No,No,Yes,Month-to-month,No,Mailed check,86.85,3287.08,1,Yes
7617-PU,Male,1,Yes,No,72,Yes,No,DSL,No,No,Yes,No,No,No,One year,No,Credit card (automatic),55.12,3985.18,3,No
8421-EW,Male,0,Yes,No,56,Yes,No,DSL,No,No,No,Yes,No,No,Two year,No,Electronic check,52.12,2889.8,0,No
6881-JV,Male,0,No,No,39,Yes,No,Fiber optic,No,Yes,No,No,No,Yes,Two year,Yes,Electronic check,84.62,3370.53,1,No
3849-TJ,Male,0,No,No,69,Yes,Yes,Fiber optic,No,No,No,Yes,No,No,Month-to-month,Yes,Electronic check,73.25,5079.53,1,No
7905-SZ,Female,0,No,No,28,Yes,Yes,Fiber optic,Yes,Yes,No,No,Yes,No,Month-to-month,No,Electronic check,96.16,2625.07,1,Yes
5611-PX,Female,0,Yes,No,21,Yes,Yes,Fiber optic,No,No,No,No,Yes,No,Two year,Yes,Electronic check,78.29,1651.66,1,Yes
9527-WB,Male,1,No,No,62,Yes,Yes,DSL,No,No,No,No,No,Yes,Month-to-month,Yes,Electronic check,62.91,3895.96,1,No
7303-TX,Male,0,Yes,No,23,Yes,No,Fiber optic,Yes,No,Yes,Yes,No,No,Two year,No,Mailed check,93.76,2205.9,1,No
7833-CA,Male,0,Yes,Yes,21,Yes,Yes,DSL,No,No,No,No,No,Yes,Month-to-month,No,Mailed check,53.6,1058.04,1,No
5000-SK,Female,0,Yes,No,16,Yes,Yes,DSL,No,No,Yes,No,No,Yes,Month-to-month,No,Electronic check,63.84,1002.02,1,No
6732-LC,Female,0,No,Yes,62,Yes,Yes,DSL,Yes,No,Yes,No,Yes,No,Month-to-month,No,Electronic check,72.68,4467.22,0,No
6536-HJ,Male,0,No,No,65,Yes,No,Fiber optic,Yes,Yes,Yes,Yes,Yes,Yes,Two year,Yes,Mailed check,118.9,7660.2,4,No
2066-LM,Male,0,Yes,No,5,Yes,No,DSL,No,Yes,No,No,Yes,No,Month-to-month,Yes,Credit card (automatic),62.37,250.78,0,No
5107-NB,Male,0,Yes,No,46,Yes,No,DSL,No,No,No,No,Yes,No,Month-to-month,Yes,Credit card (automatic),56.53,2578.24,2,No
9945-CW,Female,1,Yes,Yes,64,Yes,Yes,DSL,No,Yes,Yes,No,No,No,One year,Yes,Credit card (automatic),60.95,3983.18,0,No
9967-ZJ,Male,1,Yes,Yes,41,Yes,Yes,DSL,No,No,No,No,No,Yes,Two year,No,Mailed check,59.72,2447.63,3,No
1417-SI,Male,0,Yes,Yes,44,Yes,Yes,No,No internet service,No internet service,No internet service,No internet service,No internet service,No internet service,Two year,Yes,Credit card (automatic),18.5,839.9,1,No
4974-DZ,Male,0,No,Yes,15,Yes,No,Fiber optic,Yes,No,No,No,Yes,No,Month-to-month,No,Credit card (automatic),80.63,1189.36,0,Yes
8668-RM,Male,0,No,No,68,Yes,Yes,Fiber optic,No,Yes,No,No,Yes,No,Two year,No,Credit card (automatic),80.53,5424.35,3,No
1412-XD,Male,0,No,No,51,Yes,No,Fiber optic,No,No,No,No,No,No,Month-to-month,No,Electronic check,64.91,3297.99,0,Yes
1728-UY,Female,0,Yes,Yes,54,Yes,No,No,No internet service,No internet service,No internet service,No internet service,No internet service,No internet service,Month-to-month,Yes,Mailed check,20.69,1112.48,2,No
9867-JE,Female,0,Yes,Yes,68,Yes,Yes,Fiber optic,Yes,No,No,No,Yes,No,Month-to-month,Yes,Electronic check,85.75,5903.78,1,No
3504-XC,Female,0,Yes,No,42,Yes,No,DSL,No,No,Yes,No,No,Yes,One year,No,Electronic check,62.99,2683.15,0,No
2122-PD,Male,0,No,No,46,Yes,No,Fiber optic,Yes,Yes,Yes,No,No,Yes,Month-to-month,No,Electronic check,98.44,4537.89,0,No
6073-QG,Female,0,Yes,No,25,Yes,No,Fiber optic,No,Yes,Yes,No,Yes,Yes,Two year,No,Credit card (automatic),98.59,2384.0,0,No
3143-XW,Male,1,No,Yes,67,Yes,Yes,Fiber optic,Yes,No,Yes,Yes,No,No,Two year,Yes,Credit card (automatic),88.18,5933.04,3,No
8357-EL,Female,0,No,No,35,No,No phone service,Fiber optic,No,Yes,Yes,Yes,Yes,Yes,Month-to-month,Yes,Bank transfer (automatic),104.14,3690.63,0,No
4440-WM,Female,1,Yes,No,22,Yes,No,Fiber optic,No,No,Yes,No,Yes,Yes,Two year,Yes,Electronic check,95.38,2078.21,4,No
3914-IQ,Male,0,Yes,Yes,9,Yes,No,Fiber optic,No,Yes,Yes,No,No,No,Two year,No,Electronic check,74.1,696.55,0,No
9787-PY,Male,0,No,Yes,24,Yes,Yes,DSL,Yes,No,Yes,No,Yes,No,One year,Yes,Bank transfer (automatic),77.37,1895.61,3,Yes
2365-MS,Male,0,No,No,23,Yes,No,No,No internet service,No internet service,No internet service,No internet service,No internet service,No internet service,Month-to-month,Yes,Mailed check,18.5,412.9,4,Yes
1395-IS,Female,0,Yes,No,61,No,No phone service,DSL,No,No,No,Yes,No,No,One year,No,Electronic check,44.63,2707.13,2,No
5171-IG,Male,0,Yes,Yes,37,Yes,Yes,No,No internet service,No internet service,No internet service,No internet service,No internet service,No internet service,Month-to-month,Yes,Electronic check,21.17,730.68,1,Yes
1717-TS,Female,0,No,No,45,Yes,No,Fiber optic,No,Yes,No,No,Yes,Yes,One year,Yes,Mailed check,100.58,4574.22,1,No
6486-PU,Female,0,No,Yes,15,Yes,No,Fiber optic,Yes,No,Yes,No,No,No,Month-to-month,Yes,Electronic check,79.75,1246.63,1,Yes
8266-LY,Female,0,Yes,No,57,Yes,No,DSL,No,No,No,No,No,No,Month-to-month,Yes,Mailed check,46.13,2684.45,1,Yes
6588-DU,Male,1,Yes,No,14,No,No phone service,DSL,Yes,Yes,No,No,No,No,Month-to-month,No,Credit card (automatic),48.58,688.6,0,Yes
2167-YG,Male,0,Yes,No,52,Yes,Yes,Fiber optic,Yes,Yes,No,No,No,Yes,Month-to-month,No,Credit card (automatic),90.61,4713.26,3,No
3156-UJ,Male,0,No,No,36,Yes,No,DSL,No,Yes,Yes,Yes,No,No,Month-to-month,Yes,Credit card (automatic),67.62,2469.15,0,Yes
6305-GN,Female,0,Yes,No,27,Yes,Yes,DSL,No,No,No,No,No,No,One year,Yes,Electronic check,48.43,1330.92,1,No
5729-EC,Female,0,No,Yes,17,Yes,Yes,DSL,No,No,No,No,Yes,No,Month-to-month,Yes,Credit card (automatic),59.84,1019.37,1,No
6334-KK,Male,1,Yes,No,41,Yes,No,DSL,Yes,No,No,No,No,No,Month-to-month,Yes,Mailed check,50.95,2143.24,1,No
7801-OL,Female,0,Yes,No,4,Yes,Yes,DSL,No,No,No,Yes,Yes,No,Month-to-month,Yes,Bank transfer (automatic),67.2,354.57,4,Yes
8241-ZL,Female,0,Yes,No,3,Yes,No,Fiber optic,No,Yes,Yes,Yes,No,No,Month-to-month,Yes,Electronic check,88.7,378.41,1,Yes
8056-FG,Female,0,Yes,No,19,Yes,Yes,No,No internet service,No internet service,No internet service,No internet service,No internet service,No internet service,Month-to-month,No,Credit card (automatic),19.54,317.31,1,No
6293-MH,Male,0,No,No,41,Yes,No,No,No internet service,No internet service,No internet service,No internet service,No internet service,No internet service,One year,No,Mailed check,18.5,776.65,0,No
7313-IR,Female,0,No,No,40,Yes,Yes,No,No internet service,No internet service,No internet service,No internet service,No internet service,No internet service,Month-to-month,No,Electronic check,20.85,859.36,4,Yes
7938-ZB,Female,0,Yes,Yes,58,No,No phone service,Fiber optic,No,No,No,Yes,Yes,Yes,Month-to-month,Yes,Bank transfer (automatic),89.37,5198.98,0,No
2540-EF,Male,1,Yes,No,39,Yes,No,DSL,No,No,Yes,No,Yes,No,Month-to-month,No,Electronic check,63.28,2549.95,3,No
2365-TQ,Male,1,No,No,7,Yes,No,DSL,No,Yes,No,No,Yes,No,Month-to-month,Yes,Mailed check,63.14,462.76,2,Yes
9702-GY,Male,0,Yes,No,36,Yes,Yes,DSL,Yes,No,Yes,No,Yes,No,Two year,Yes,Electronic check,77.77,2933.69,1,No
2324-DD,Male,0,Yes,No,20,No,No phone service,DSL,No,No,No,Yes,No,No,Two year,Yes,Mailed check,42.9,906.25,1,No
4141-SL,Male,0,Yes,No,29,Yes,No,DSL,Yes,No,Yes,No,Yes,No,Month-to-month,Yes,Electronic check,75.12,2100.5,1,Yes
6301-GJ,Male,0,No,No,68,Yes,No,No,No internet service,No internet service,No internet service,No internet service,No internet service,No internet service,Month-to-month,No,Electronic check,19.23,1332.23,1,No
6977-SG,Female,0,No,No,66,Yes,No,Fiber optic,No,Yes,No,No,Yes,No,One year,Yes,Electronic check,84.25,5537.59,2,No
5268-MR,Female,0,No,No,47,Yes,Yes,No,No internet service,No internet service,No internet service,No internet service,No internet service,No internet service,One year,No,Credit card (automatic),19.35,982.55,5,No
4709-ZT,Female,1,Yes,No,23,No,No phone service,DSL,Yes,No,Yes,Yes,No,Yes,Month-to-month,No,Bank transfer (automatic),70.92,1629.92,0,No
7619-HI,Female,0,Yes,No,6,No,No phone service,Fiber optic,No,No,No,Yes,Yes,No,Month-to-month,Yes,Electronic check,72.65,400.27,0,Yes
4072-CM,Male,0,Yes,Yes,18,Yes,No,Fiber optic,No,No,No,No,Yes,No,Month-to-month,No,Credit card (automatic),79.4,1441.69,1,Yes
1504-QY,Female,0,Yes,No,53,Yes,No,Fiber optic,Yes,No,Yes,Yes,Yes,No,Two year,Yes,Bank transfer (automatic),99.49,5257.28,0,No
1823-AF,Male,0,No,No,22,Yes,No,DSL,No,No,No,Yes,No,Yes,Month-to-month,Yes,Electronic check,62.24,1311.91,0,No
1133-ZL,Male,0,No,No,68,Yes,No,Fiber optic,Yes,No,No,No,No,Yes,Month-to-month,Yes,Mailed check,88.04,5929.35,0,No
7316-OU,Female,0,Yes,No,35,Yes,Yes,DSL,No,No,No,Yes,No,Yes,Month-to-month,Yes,Electronic check,70.9,2524.68,1,Yes
5175-VU,Female,0,No,Yes,9,Yes,Yes,No,No internet service,No internet service,No internet service,No internet service,No internet service,No internet service,Month-to-month,No,Credit card (automatic),20.06,164.91,1,Yes
6348-DC,Male,0,Yes,No,31,Yes,Yes,DSL,No,Yes,No,No,No,No,Two year,No,Credit card (automatic),52.95,1697.05,3,No
7190-IQ,Male,0,Yes,No,43,Yes,Yes,No,No internet service,No internet service,No internet service,No internet service,No internet service,No internet service,Month-to-month,Yes,Electronic check,22.9,884.97,0,No
6645-OA,Male,0,No,No,17,Yes,Yes,DSL,Yes,Yes,Yes,Yes,No,No,One year,Yes,Bank transfer (automatic),73.48,1239.38,1,No
9053-CP,Male,0,No,Yes,51,Yes,Yes,DSL,Yes,No,No,No,No,No,Two year,No,Mailed check,53.73,2811.17,4,No
9662-YK,Female,0,No,No,66,Yes,No,DSL,No,No,No,No,No,Yes,Month-to-month,Yes,Credit card (automatic),61.06,4066.88,4,No
2353-PH,Male,0,Yes,No,24,Yes,Yes,Fiber optic,No,Yes,No,No,No,No,Month-to-month,No,Bank transfer (automatic),72.27,1766.3,3,Yes
9549-LX,Female,1,Yes,No,15,Yes,No,DSL,No,Yes,Yes,No,No,No,Month-to-month,No,Mailed check,58.13,900.26,1,Yes
1667-UH,Male,0,Yes,No,28,Yes,Yes,Fiber optic,No,No,Yes,Yes,Yes,Yes,One year,No,Mailed check,105.35,2886.81,1,No
7819-ZH,Male,1,No,No,3,No,No phone service,Fiber optic,Yes,Yes,Yes,No,Yes,Yes,Month-to-month,No,Bank transfer (automatic),98.63,321.3,2,Yes
3745-RE,Male,0,No,No,29,Yes,No,DSL,Yes,No,No,No,Yes,Yes,Month-to-month,No,Bank transfer (automatic),81.86,2427.82,1,Yes
5835-VQ,Female,0,Yes,No,52,Yes,Yes,Fiber optic,No,Yes,No,No,Yes,Yes,Two year,No,Mailed check,98.94,5098.12,2,No
6320-AU,Male,0,No,Yes,54,Yes,No,DSL,Yes,Yes,Yes,Yes,No,Yes,One year,Yes,Credit card (automatic),89.74,4791.18,3,No
8891-MP,Female,0,Yes,Yes,58,Yes,Yes,DSL,Yes,No,No,No,No,No,Two year,Yes,Bank transfer (automatic),53.52,3145.36,3,No
1924-MN,Female,0,No,No,45,Yes,No,Fiber optic,No,No,Yes,No,Yes,No,Two year,Yes,Electronic check,83.54,3769.48,0,No
8714-FR,Female,0,Yes,No,50,Yes,No,DSL,No,No,No,No,No,No,Two year,No,Credit card (automatic),43.14,2112.44,1,No
8026-EO,Male,0,Yes,No,22,Yes,No,No,No internet service,No internet service,No internet service,No internet service,No internet service,No internet service,Month-to-month,No,Electronic check,18.5,499.49,3,Yes
1009-XR,Female,0,Yes,No,52,Yes,No,DSL,Yes,Yes,Yes,Yes,Yes,No,Month-to-month,Yes,Credit card (automatic),91.46,4735.29,1,No
8418-ME,Female,0,Yes,No,53,Yes,Yes,Fiber optic,No,No,No,No,No,No,Two year,Yes,Credit card (automatic),67.75,3628.13,2,No
2015-AV,Male,0,No,No,31,No,No phone service,Fiber optic,Yes,No,No,Yes,Yes,Yes,Month-to-month,No,Credit card (automatic),93.13,2790.25,0,No
3193-OQ,Male,0,No,No,71,Yes,No,DSL,Yes,Yes,No,No,Yes,Yes,Two year,Yes,Bank transfer (automatic),83.45,5938.52,4,No
8449-YV,Female,0,No,Yes,48,Yes,Yes,Fiber optic,No,No,No,Yes,Yes,Yes,Two year,Yes,Bank transfer (automatic),97.29,4638.33,1,No
7970-QM,Female,0,No,No,31,Yes,No,DSL,No,Yes,No,No,Yes,No,Month-to-month,No,Electronic check,65.93,2073.91,3,Yes
5000-BI,Male,0,Yes,Yes,4,Yes,Yes,Fiber optic,No,Yes,No,Yes,No,No,Month-to-month,No,Bank transfer (automatic),84.08,400.61,3,Yes
8266-AU,Female,0,No,No,35,Yes,No,Fiber optic,No,Yes,Yes,No,No,No,Month-to-month,Yes,Mailed check,76.46,2738.82,0,Yes
9175-WF,Female,0,No,No,67,Yes,No,DSL,No,No,No,No,Yes,No,One year,No,Electronic check,54.87,3671.25,4,No
3000-EE,Female,0,Yes,Yes,64,Yes,No,Fiber optic,No,No,No,Yes,No,No,Month-to-month,Yes,Mailed check,72.51,4677.58,1,Yes
6989-CU,Male,0,Yes,No,9,Yes,No,Fiber optic,Yes,No,No,No,No,No,Month-to-month,Yes,Bank transfer (automatic),72.33,778.23,2,No
8190-EU,Female,0,No,No,46,Yes,Yes,Fiber optic,Yes,No,Yes,No,Yes,Yes,Two year,Yes,Credit card (automatic),98.19,4512.01,0,No
5809-JS,Male,0,Yes,No,56,Yes,No,No,No internet service,No internet service,No internet service,No internet service,No internet service,No internet service,Month-to-month,Yes,Mailed check,18.5,1029.61,1,No
8245-IN,Male,0,No,No,56,Yes,No,Fiber optic,No,No,No,Yes,No,Yes,One year,Yes,Electronic check,86.37,4783.66,1,No
3048-SM,Male,1,Yes,No,26,Yes,Yes,Fiber optic,No,Yes,Yes,No,Yes,No,Two year,No,Electronic check,91.7,2404.15,0,No
1716-DA,Female,0,No,No,60,No,No phone service,Fiber optic,Yes,Yes,Yes,No,No,Yes,Month-to-month,No,Mailed check,88.92,5310.95,0,Yes
5976-HB,Male,0,Yes,No,72,Yes,Yes,Fiber optic,No,No,Yes,No,No,No,Month-to-month,No,Electronic check,75.46,5398.87,2,Yes
4419-HG,Female,0,Yes,No,48,Yes,Yes,DSL,Yes,No,No,Yes,Yes,No,One year,Yes,Mailed check,69.04,3220.04,2,No
1249-BV,Male,0,Yes,No,58,No,No phone service,Fiber optic,Yes,No,No,Yes,Yes,No,Two year,No,Electronic check,89.16,5122.43,0,No
1770-RL,Female,0,Yes,No,63,Yes,Yes,DSL,Yes,No,No,Yes,Yes,No,One year,No,Bank transfer (automatic),73.65,4596.32,0,Yes
2077-LE,Female,0,Yes,No,58,Yes,No,DSL,No,No,Yes,No,No,No,One year,No,Electronic check,52.05,3082.06,0,No
8901-YQ,Female,0,No,No,3,Yes,Yes,Fiber optic,Yes,No,Yes,No,No,No,One year,Yes,Bank transfer (automatic),81.03,233.31,1,Yes
5719-OW,Male,0,Yes,Yes,7,Yes,Yes,DSL,No,No,No,Yes,Yes,Yes,Month-to-month,No,Electronic check,74.98,480.96,1,Yes
2252-UN,Female,0,No,No,52,Yes,Yes,DSL,No,Yes,No,Yes,No,No,Month-to-month,Yes,Mailed check,59.66,3187.81,0,No
5673-KS,Female,0,Yes,No,62,Yes,Yes,DSL,No,Yes,No,Yes,Yes,Yes,Two year,No,Electronic check,89.42,5581.42,1,No
7881-FR,Male,0,No,No,2,Yes,Yes,No,No internet service,No internet service,No internet service,No internet service,No internet service,No internet service,Two year,No,Credit card (automatic),21.36,18.5,2,No
7241-RO,Male,0,No,No,33,Yes,Yes,DSL,No,No,Yes,No,Yes,Yes,One year,No,Electronic check,75.74,2516.7,2,No
8002-SB,Female,0,Yes,Yes,12,Yes,No,DSL,No,No,Yes,Yes,Yes,Yes,One year,Yes,Electronic check,80.84,1032.88,2,No
2331-YF,Male,0,No,No,48,Yes,Yes,Fiber optic,Yes,Yes,Yes,No,Yes,Yes,One year,Yes,Electronic check,107.06,5111.34,1,No
8648-XO,Male,0,Yes,No,53,Yes,Yes,No,No internet service,No internet service,No internet service,No internet service,No internet service,No internet service,Month-to-month,Yes,Mailed check,18.6,995.81,0,Yes
6115-WJ,Male,0,Yes,No,41,Yes,No,Fiber optic,Yes,Yes,No,Yes,Yes,Yes,Month-to-month,No,Mailed check,113.26,4554.92,0,No
8730-QE,Female,0,No,Yes,58,Yes,No,No,No internet service,No internet service,No internet service,No internet service,No internet service,No internet service,Month-to-month,Yes,Electronic check,23.08,1365.0,1,No
5892-DJ,Male,0,Yes,Yes,68,Yes,Yes,Fiber optic,No,No,No,Yes,No,Yes,Month-to-month,Yes,Bank transfer (automatic),88.66,6127.72,0,No
7327-QJ,Female,0,Yes,No,23,Yes,Yes,Fiber optic,Yes,No,No,No,No,No,Month-to-month,Yes,Mailed check,76.52,1824.35,4,Yes
3832-TX,Male,0,No,Yes,36,Yes,Yes,DSL,No,Yes,No,No,Yes,Yes,Month-to-month,Yes,Credit card (automatic),75.24,2703.04,0,Yes
5164-BF,Male,0,No,No,21,Yes,No,Fiber optic,No,Yes,Yes,No,No,Yes,Month-to-month,No,Credit card (automatic),87.4,1797.36,3,Yes
6569-MK,Female,0,No,Yes,72,Yes,Yes,Fiber optic,Yes,No,Yes,No,Yes,Yes,Month-to-month,No,Bank transfer (automatic),101.93,7355.72,0,No
2906-OY,Male,0,Yes,No,55,Yes,No,DSL,No,No,No,No,Yes,No,Month-to-month,Yes,Bank transfer (automatic),57.3,3231.94,2,No
8830-WP,Male,0,No,No,56,Yes,No,No,No internet service,No internet service,No internet service,No internet service,No internet service,No internet service,Month-to-month,No,Bank transfer (automatic),21.23,1176.27,2,No
7238-KV,Male,0,No,No,13,Yes,Yes,Fiber optic,Yes,Yes,Yes,No,No,Yes,Two year,Yes,Electronic check,95.99,1250.88,1,Yes
7031-HD,Male,0,No,No,22,Yes,No,Fiber optic,Yes,No,No,No,Yes,Yes,One year,No,Credit card (automatic),95.74,2057.32,2,Yes
9472-CC,Female,0,Yes,No,7,Yes,No,Fiber optic,Yes,Yes,Yes,Yes,No,No,Two year,Yes,Mailed check,93.26,619.53,0,Yes
1666-RZ,Female,0,No,Yes,24,Yes,No,DSL,No,No,Yes,Yes,No,Yes,Month-to-month,Yes,Bank transfer (automatic),79.11,1883.8,2,No
8570-UE,Female,0,No,No,61,Yes,No,No,No internet service,No internet service,No internet service,No internet service,No internet service,No internet service,Two year,Yes,Mailed check,22.34,1346.33,2,No
6585-JV,Female,0,Yes,No,5,Yes,No,Fiber optic,Yes,Yes,Yes,Yes,Yes,No,Two year,Yes,Credit card (automatic),107.24,499.55,2,No
7981-AE,Female,0,No,Yes,50,Yes,Yes,DSL,No,No,Yes,Yes,Yes,Yes,Month-to-month,Yes,Mailed check,83.83,4156.88,1,No
7376-LZ,Female,0,Yes,Yes,62,Yes,No,Fiber optic,Yes,No,Yes,Yes,No,No,One year,Yes,Mailed check,93.85,5879.79,3,No
3593-QN,Female,0,Yes,Yes,55,Yes,No,DSL,No,Yes,Yes,Yes,No,Yes,Month-to-month,No,Electronic check,77.23,4276.08,0,No
8240-ZY,Male,0,No,No,26,Yes,No,Fiber optic,Yes,No,No,No,No,No,Month-to-month,No,Mailed check,72.72,1938.19,0,Yes
7190-YV,Female,0,No,No,10,Yes,No,DSL,No,No,No,No,Yes,Yes,Month-to-month,No,Electronic check,66.65,706.1,1,No
7493-KP,Female,0,Yes,Yes,11,Yes,No,Fiber optic,No,No,No,No,Yes,No,Two year,Yes,Credit card (automatic),75.06,874.45,4,No
4644-QZ,Female,0,Yes,Yes,40,Yes,No,Fiber optic,Yes,No,No,No,No,Yes,Month-to-month,Yes,Mailed check,86.28,3491.04,0,No
2276-TO,Male,0,No,No,11,Yes,No,DSL,No,Yes,Yes,No,Yes,Yes,One year,Yes,Mailed check,76.45,922.5,2,No
1302-XV,Female,0,No,No,4,Yes,Yes,DSL,No,No,No,Yes,Yes,No,One year,Yes,Bank transfer (automatic),71.05,393.94,0,No
9717-ZW,Female,1,No,No,2,Yes,Yes,DSL,No,Yes,No,No,No,Yes,Month-to-month,Yes,Electronic check,65.94,152.2,0,Yes
3125-XB,Female,0,No,No,39,Yes,Yes,Fiber optic,No,No,No,No,Yes,No,Month-to-month,Yes,Electronic check,76.51,3042.26,1,Yes
1364-ZN,Male,0,No,No,23,Yes,No,DSL,No,Yes,No,No,No,Yes,One year,Yes,Credit card (automatic),60.72,1313.19,2,No
6126-CO,Female,0,Yes,No,45,Yes,Yes,No,No internet service,No internet service,No internet service,No internet service,No internet service,No internet service,Month-to-month,No,Credit card (automatic),18.5,826.37,2,No
1918-NK,Male,0,No,No,42,Yes,No,No,No internet service,No internet service,No internet service,No internet service,No internet service,No internet service,Month-to-month,No,Electronic check,19.48,872.96,5,No
6870-MR,Male,1,Yes,Yes,42,Yes,No,Fiber optic,No,No,No,No,Yes,Yes,Month-to-month,No,Mailed check,87.3,3568.94,1,Yes
8673-FC,Male,0,No,No,29,Yes,No,DSL,No,No,No,No,Yes,Yes,Month-to-month,Yes,Bank transfer (automatic),68.2,2051.66,0,Yes
2906-OY,Male,0,Yes,No,16,Yes,No,No,No internet service,No internet service,No internet service,No internet service,No internet service,No internet service,Month-to-month,Yes,Electronic check,20.04,235.66,2,No
6750-EJ,Female,0,Yes,No,67,Yes,Yes,Fiber optic,No,No,No,No,No,No,Month-to-month,No,Mailed check,67.47,4608.23,1,No
2062-YQ,Male,0,No,No,60,Yes,Yes,DSL,No,Yes,Yes,Yes,No,Yes,One year,Yes,Credit card (automatic),82.11,5029.64,2,No
7229-ZL,Male,1,No,No,4,Yes,Yes,Fiber optic,No,No,Yes,No,Yes,Yes,Month-to-month,Yes,Electronic check,96.98,296.05,4,Yes
5632-QM,Female,1,No,No,16,Yes,Yes,No,No internet service,No internet service,No internet service,No internet service,No internet service,No internet service,One year,No,Credit card (automatic),24.03,417.82,1,No
7168-DJ,Male,0,No,No,41,Yes,No,Fiber optic,No,No,No,No,Yes,No,Month-to-month,Yes,Mailed check,76.53,3142.75,2,No
9258-IM,Male,0,Yes,No,6,Yes,Yes,No,No internet service,No internet service,No internet service,No internet service,No internet service,No internet service,Month-to-month,Yes,Electronic check,20.44,178.91,2,Yes
7371-OV,Male,0,No,No,42,Yes,Yes,No,No internet service,No internet service,No internet service,No internet service,No internet service,No internet service,Month-to-month,Yes,Electronic check,24.41,1023.0,1,No
8943-HQ,Male,0,Yes,No,57,No,No phone service,DSL,Yes,Yes,No,No,Yes,No,Month-to-month,Yes,Electronic check,67.43,3838.61,3,No
7891-SJ,Male,0,Yes,Yes,28,No,No phone service,No,No internet service,No internet service,No internet service,No internet service,No internet service,No internet service,Month-to-month,Yes,Electronic check,18.5,565.18,1,No
3472-EF,Male,0,Yes,No,23,Yes,Yes,DSL,Yes,Yes,No,Yes,No,Yes,Month-to-month,Yes,Electronic check,80.38,1910.59,2,No
3739-ZB,Female,1,No,No,42,No,No phone service,DSL,Yes,No,No,No,Yes,Yes,Month-to-month,Yes,Credit card (automatic),70.99,2907.09,3,No
1876-FE,Female,0,No,No,12,Yes,No,DSL,Yes,No,Yes,Yes,No,No,Month-to-month,Yes,Electronic check,68.98,882.01,0,No
2460-VU,Female,0,No,Yes,64,Yes,No,Fiber optic,No,Yes,No,Yes,Yes,Yes,Two year,Yes,Credit card (automatic),104.05,6695.9,0,No
2733-FW,Female,0,Yes,No,58,No,No phone service,DSL,No,Yes,No,No,No,No,Two year,Yes,Credit card (automatic),41.61,2403.99,1,No
7767-DK,Male,1,Yes,Yes,51,Yes,No,DSL,No,No,Yes,No,Yes,No,One year,No,Electronic check,67.12,3346.78,1,No
4517-XW,Male,0,No,No,29,Yes,No,DSL,Yes,Yes,Yes,Yes,No,No,Month-to-month,No,Bank transfer (automatic),76.05,2185.14,0,No
9434-HE,Male,0,Yes,No,19,Yes,Yes,DSL,No,Yes,Yes,No,No,No,Month-to-month,Yes,Mailed check,58.48,1131.4,1,No
6342-FB,Female,0,Yes,No,45,Yes,No,Fiber optic,No,Yes,Yes,No,No,No,One year,Yes,Credit card (automatic),76.56,3340.16,1,No
9659-KD,Female,0,No,Yes,54,Yes,No,Fiber optic,Yes,No,No,No,Yes,Yes,Two year,No,Electronic check,95.54,5203.03,2,No
6966-FV,Male,1,No,No,66,No,No phone service,Fiber optic,No,No,No,Yes,No,Yes,Two year,No,Bank transfer (automatic),77.8,5124.13,4,No
3551-FS,Male,0,Yes,Yes,72,No,No phone service,DSL,Yes,No,No,No,Yes,No,Month-to-month,Yes,Mailed check,57.16,4215.64,1,Yes
6560-BO,Female,0,Yes,No,13,Yes,No,DSL,Yes,No,No,Yes,Yes,Yes,Month-to-month,Yes,Bank transfer (automatic),81.77,1078.8,1,No
7316-LE,Female,0,No,No,65,Yes,No,DSL,No,No,No,Yes,Yes,Yes,Two year,Yes,Bank transfer (automatic),78.67,5050.07,0,No
7469-ZV,Female,0,No,No,12,Yes,Yes,DSL,No,No,No,No,Yes,No,Month-to-month,No,Electronic check,60.18,765.3,0,Yes
9915-AT,Female,0,No,No,71,Yes,No,Fiber optic,Yes,No,Yes,No,No,No,One year,Yes,Bank transfer (automatic),73.77,5247.32,4,No
5208-LO,Male,0,Yes,No,14,Yes,No,Fiber optic,Yes,No,No,No,No,Yes,Month-to-month,Yes,Credit card (automatic),86.4,1206.26,1,Yes
3048-ZN,Female,0,Yes,No,42,No,No phone service,DSL,No,No,No,No,Yes,No,Two year,Yes,Electronic check,49.43,2170.37,1,No
2828-KD,Female,1,No,No,48,Yes,Yes,DSL,Yes,Yes,Yes,No,No,Yes,Month-to-month,No,Mailed check,82.23,3900.44,1,No
7988-KC,Male,0,Yes,No,24,Yes,Yes,DSL,No,No,No,Yes,Yes,Yes,One year,Yes,Electronic check,80.42,1988.66,1,No
4744-FR,Male,0,No,No,65,Yes,No,Fiber optic,No,Yes,Yes,Yes,No,Yes,One year,Yes,Electronic check,98.68,6414.31,2,No
1009-EW,Male,0,Yes,Yes,17,Yes,No,DSL,No,No,No,Yes,Yes,Yes,Month-to-month,Yes,Electronic check,74.34,1286.01,0,No
3219-BM,Female,1,Yes,No,38,Yes,No,Fiber optic,No,Yes,Yes,Yes,No,Yes,Month-to-month,No,Bank transfer (automatic),100.81,3881.2,2,Yes
6287-BT,Female,0,No,No,28,Yes,Yes,DSL,Yes,No,No,Yes,Yes,Yes,Month-to-month,Yes,Mailed check,87.46,2370.66,0,No
9512-EI,Female,0,Yes,No,33,Yes,Yes,No,No internet service,No internet service,No internet service,No internet service,No internet service,No internet service,Month-to-month,No,Bank transfer (automatic),18.5,621.27,0,No
3832-IK,Female,0,No,No,24,Yes,No,DSL,Yes,No,No,No,No,Yes,Month-to-month,No,Credit card (automatic),65.58,1584.84,0,Yes
4490-QE,Male,0,Yes,No,70,Yes,Yes,DSL,No,No,No,Yes,Yes,No,Two year,Yes,Bank transfer (automatic),64.65,4509.55,3,No
1235-RN,Male,0,No,No,4,Yes,Yes,Fiber optic,No,Yes,No,No,No,No,One year,No,Mailed check,73.18,250.35,1,No
2908-XK,Female,1,Yes,No,33,Yes,Yes,Fiber optic,No,No,No,No,Yes,No,One year,Yes,Mailed check,76.41,2533.59,0,No
6256-BL,Female,1,Yes,No,10,Yes,Yes,No,No internet service,No internet service,No internet service,No internet service,No internet service,No internet service,Month-to-month,Yes,Electronic check,18.5,229.71,3,Yes
9162-CA,Female,1,Yes,No,36,Yes,Yes,Fiber optic,No,Yes,No,No,Yes,No,Month-to-month,Yes,Electronic check,84.86,3135.44,0,No
6415-VH,Male,0,No,No,31,Yes,Yes,Fiber optic,Yes,No,No,Yes,Yes,Yes,Month-to-month,No,Bank transfer (automatic),108.57,3418.83,1,No
7413-CU,Female,1,No,No,4,Yes,No,Fiber optic,No,Yes,Yes,Yes,No,No,One year,Yes,Bank transfer (automatic),91.18,352.08,1,Yes
3898-NZ,Male,1,Yes,No,8,Yes,No,DSL,Yes,No,Yes,Yes,Yes,No,Month-to-month,Yes,Credit card (automatic),80.09,693.48,2,Yes
5227-YM,Female,1,No,No,27,Yes,No,Fiber optic,No,No,No,No,Yes,No,Month-to-month,Yes,Electronic check,78.41,2092.48,0,Yes
2065-YR,Male,0,No,No,36,Yes,Yes,DSL,Yes,Yes,Yes,No,No,Yes,Month-to-month,No,Credit card (automatic),75.22,2623.3,1,Yes
7943-SF,Male,0,No,No,9,Yes,No,Fiber optic,Yes,Yes,No,No,Yes,No,Month-to-month,No,Credit card (automatic),98.48,959.81,0,No
6984-WO,Female,0,No,No,43,Yes,No,Fiber optic,No,No,No,Yes,No,No,Month-to-month,No,Electronic check,69.19,2912.49,0,No
3712-QA,Male,1,No,No,24,Yes,Yes,Fiber optic,No,No,No,No,No,Yes,One year,No,Credit card (automatic),70.55,1652.24,3,No
5033-NU,Male,0,No,No,37,Yes,Yes,DSL,No,Yes,No,Yes,No,Yes,Two year,Yes,Electronic check,76.41,2828.82,3,No
4687-HS,Female,0,Yes,No,41,Yes,No,DSL,Yes,Yes,No,No,Yes,Yes,Month-to-month,Yes,Credit card (automatic),87.56,3583.35,2,No
2970-FF,Male,1,Yes,No,26,Yes,Yes,Fiber optic,Yes,Yes,No,No,No,Yes,One year,No,Mailed check,92.37,2301.34,0,No
2202-HJ,Female,0,No,No,4,Yes,Yes,Fiber optic,No,Yes,No,No,Yes,Yes,One year,No,Credit card (automatic),101.92,379.62,0,Yes
6567-TO,Male,0,Yes,Yes,1,Yes,Yes,DSL,Yes,No,Yes,No,No,No,One year,No,Bank transfer (automatic),62.47,104.83,2,Yes
6742-AT,Male,1,Yes,No,20,Yes,No,DSL,No,Yes,No,No,No,No,Month-to-month,Yes,Electronic check,50.16,1023.89,0,Yes
9669-GD,Male,1,No,Yes,45,Yes,No,Fiber optic,No,No,No,No,No,No,One year,No,Electronic check,67.08,3047.6,2,No
3204-FY,Male,0,Yes,No,69,Yes,No,DSL,No,No,Yes,No,Yes,Yes,One year,Yes,Credit card (automatic),72.64,4907.6,0,No
2120-EW,Female,1,No,No,52,No,No phone service,No,No internet service,No internet service,No internet service,No internet service,No internet service,No internet service,Two year,No,Electronic check,18.5,889.09,2,No
3336-DV,Female,0,No,No,64,Yes,Yes,DSL,Yes,No,Yes,No,Yes,No,One year,Yes,Electronic check,76.55,4927.51,1,No
5612-JA,Female,0,No,No,21,Yes,No,DSL,No,No,Yes,No,No,Yes,Month-to-month,No,Electronic check,63.8,1444.47,0,Yes
7028-OD,Male,0,Yes,No,72,Yes,No,DSL,No,Yes,No,Yes,Yes,Yes,One year,No,Bank transfer (automatic),84.5,6076.4,2,No
7359-TX,Male,0,Yes,Yes,25,Yes,Yes,DSL,No,No,No,No,Yes,Yes,Two year,Yes,Electronic check,70.72,1778.85,0,No
4228-HE,Female,0,No,No,67,Yes,No,Fiber optic,No,No,No,No,Yes,Yes,Month-to-month,Yes,Mailed check,92.07,6182.0,0,No
3371-LM,Female,0,Yes,No,26,Yes,No,DSL,Yes,No,Yes,Yes,Yes,Yes,Month-to-month,No,Electronic check,98.54,2606.77,1,No
5225-SS,Female,1,No,No,27,Yes,Yes,DSL,No,No,No,No,No,No,One year,Yes,Bank transfer (automatic),44.61,1157.53,1,No
1793-KE,Female,0,No,No,52,Yes,Yes,No,No internet service,No internet service,No internet service,No internet service,No internet service,No internet service,One year,Yes,Electronic check,18.5,1063.52,0,No
6779-KJ,Male,1,Yes,No,63,Yes,Yes,DSL,No,Yes,Yes,Yes,No,Yes,Month-to-month,Yes,Bank transfer (automatic),82.77,5286.91,1,No
7166-OZ,Female,0,No,No,45,Yes,No,DSL,No,No,Yes,No,Yes,No,Month-to-month,No,Electronic check,59.75,2727.5,0,Yes
9554-LZ,Male,0,No,No,58,Yes,No,DSL,No,Yes,Yes,Yes,No,Yes,One year,No,Mailed check,79.94,4613.14,1,No
8783-RY,Female,1,Yes,Yes,38,Yes,Yes,DSL,No,No,Yes,No,Yes,No,Two year,No,Credit card (automatic),61.09,2349.76,0,No
8790-HK,Male,1,Yes,No,35,Yes,No,Fiber optic,Yes,No,No,No,No,Yes,Month-to-month,Yes,Mailed check,85.4,3014.5,1,Yes
4531-LD,Female,0,Yes,Yes,46,No,No phone service,No,No internet service,No internet service,No internet service,No internet service,No internet service,No internet service,One year,Yes,Electronic check,18.5,813.19,2,No
4876-HJ,Female,0,Yes,No,71,Yes,Yes,Fiber optic,No,No,Yes,No,No,Yes,Month-to-month,Yes,Mailed check,82.19,5781.89,1,No
9795-ZI,Male,0,No,No,3,Yes,No,Fiber optic,No,Yes,Yes,No,Yes,No,Month-to-month,Yes,Mailed check,88.71,288.72,2,Yes
6109-SN,Male,0,Yes,Yes,6,Yes,No,No,No internet service,No internet service,No internet service,No internet service,No internet service,No internet service,Two year,Yes,Mailed check,18.5,100.97,2,No
4368-VK,Female,1,Yes,No,13,Yes,No,Fiber optic,No,No,No,Yes,No,Yes,Two year,Yes,Bank transfer (automatic),84.1,1147.99,0,No
2792-NE,Male,0,No,No,46,Yes,No,DSL,No,No,No,No,Yes,No,Month-to-month,Yes,Electronic check,62.99,2833.36,0,No
4476-ZN,Female,0,No,Yes,33,Yes,No,Fiber optic,Yes,No,No,Yes,Yes,Yes,One year,No,Mailed check,108.53,3595.83,1,No
4030-YA,Male,0,Yes,Yes,62,Yes,Yes,Fiber optic,No,No,No,No,Yes,No,One year,Yes,Electronic check,78.86,4954.58,1,No
2854-VW,Female,0,No,Yes,63,Yes,No,DSL,No,Yes,No,No,Yes,Yes,Two year,No,Mailed check,71.48,4529.69,0,No
7514-HO,Female,0,Yes,Yes,56,Yes,No,DSL,No,No,Yes,Yes,No,Yes,Month-to-month,No,Electronic check,71.33,4061.22,3,No
3708-OI,Female,0,No,Yes,39,Yes,No,Fiber optic,No,No,No,No,No,Yes,Two year,No,Electronic check,77.37,3076.02,2,Yes
9393-TY,Female,0,No,No,60,Yes,No,DSL,No,Yes,No,No,No,Yes,Month-to-month,Yes,Mailed check,69.34,4157.88,2,No
5212-ZI,Female,0,No,No,24,Yes,No,Fiber optic,No,No,Yes,No,No,No,Two year,Yes,Electronic check,65.4,1550.23,1,No
8970-TY,Female,0,No,No,50,Yes,No,DSL,No,No,No,No,No,Yes,Two year,Yes,Electronic check,57.04,2911.7,4,No
2625-KF,Female,0,Yes,No,33,Yes,No,Fiber optic,Yes,No,No,No,Yes,Yes,Two year,No,Bank transfer (automatic),92.07,3062.2,5,Yes
9577-GR,Female,0,No,No,7,No,No phone service,DSL,No,Yes,Yes,No,No,No,Month-to-month,Yes,Credit card (automatic),49.53,365.56,4,No
9666-BQ,Male,1,No,No,46,Yes,Yes,DSL,No,No,Yes,No,Yes,No,One year,No,Credit card (automatic),64.94,3031.24,0,No
7783-KL,Male,0,Yes,No,62,Yes,Yes,Fiber optic,No,Yes,No,Yes,Yes,Yes,Month-to-month,Yes,Credit card (automatic),104.78,6493.02,1,No
2205-XY,Male,0,Yes,No,1,Yes,No,No,No internet service,No internet service,No internet service,No internet service,No internet service,No internet service,Month-to-month,No,Electronic check,25.16,18.5,3,Yes
2990-TF,Female,1,No,No,65,Yes,Yes,Fiber optic,No,Yes,No,Yes,No,No,Two year,No,Bank transfer (automatic),73.77,4882.87,2,No
4572-XA,Female,0,No,No,45,Yes,No,Fiber optic,Yes,Yes,Yes,No,No,Yes,One year,Yes,Credit card (automatic),96.33,4342.76,1,No
7320-KV,Female,0,No,No,55,Yes,Yes,Fiber optic,No,No,No,No,No,Yes,Month-to-month,No,Bank transfer (automatic),75.77,4115.73,2,Yes
3713-RU,Male,0,No,Yes,66,Yes,Yes,DSL,Yes,No,No,Yes,No,Yes,One year,Yes,Electronic check,71.55,4749.62,0,No
1966-QT,Male,0,No,No,67,Yes,No,DSL,Yes,Yes,No,No,Yes,Yes,Two year,No,Bank transfer (automatic),80.01,5374.8,0,No
4432-QT,Male,0,Yes,No,54,No,No phone service,DSL,No,Yes,Yes,No,Yes,No,One year,Yes,Mailed check,55.8,2996.83,1,No
4701-VH,Male,0,Yes,No,63,Yes,No,DSL,No,Yes,No,No,Yes,No,Month-to-month,Yes,Mailed check,65.33,4141.92,1,No
7704-GA,Male,0,Yes,Yes,54,Yes,Yes,No,No internet service,No internet service,No internet service,No internet service,No internet service,No internet service,One year,Yes,Bank transfer (automatic),21.58,1162.48,1,No
2759-MW,Female,0,No,Yes,52,Yes,No,Fiber optic,No,No,No,No,Yes,Yes,One year,No,Electronic check,83.2,4286.48,3,No
3482-XS,Male,1,No,No,54,No,No phone service,Fiber optic,No,No,No,Yes,No,Yes,One year,Yes,Electronic check,80.05,4275.82,0,No
3079-QM,Female,0,No,Yes,67,Yes,No,Fiber optic,No,No,No,No,No,No,One year,No,Mailed check,64.29,4250.02,2,No
9477-PH,Female,0,No,No,37,Yes,Yes,Fiber optic,No,Yes,Yes,No,No,Yes,Two year,No,Credit card (automatic),88.56,3336.23,1,No
8186-RA,Female,1,No,No,12,Yes,No,DSL,Yes,Yes,Yes,Yes,No,Yes,Month-to-month,Yes,Electronic check,89.21,1110.92,2,Yes
6490-OR,Male,0,Yes,No,59,Yes,No,Fiber optic,No,No,No,Yes,Yes,Yes,Month-to-month,Yes,Mailed check,95.89,5696.84,1,Yes
7645-QR,Male,0,No,Yes,20,Yes,Yes,DSL,No,Yes,No,No,Yes,Yes,Two year,Yes,Mailed check,78.36,1596.15,2,No
6797-SD,Female,1,Yes,No,32,Yes,No,Fiber optic,No,No,No,Yes,No,Yes,Month-to-month,No,Electronic check,86.96,2723.41,2,No
7016-HW,Male,0,Yes,Yes,71,Yes,Yes,Fiber optic,No,Yes,No,No,No,Yes,One year,Yes,Electronic check,85.7,6012.61,1,No
9038-CJ,Male,0,Yes,No,44,Yes,Yes,No,No internet service,No internet service,No internet service,No internet service,No internet service,No internet service,Month-to-month,No,Electronic check,18.5,750.58,3,Yes
2481-SN,Female,1,Yes,No,66,Yes,No,Fiber optic,No,Yes,No,No,Yes,No,Two year,No,Bank transfer (automatic),87.29,5791.64,1,No
7305-AW,Female,0,Yes,No,55,Yes,No,DSL,Yes,No,No,No,Yes,Yes,Month-to-month,Yes,Mailed check,81.47,4423.03,0,No
1054-RG,Female,0,Yes,No,16,Yes,Yes,No,No internet service,No internet service,No internet service,No internet service,No internet service,No internet service,Two year,No,Bank transfer (automatic),18.5,339.29,0,No
1832-YW,Female,1,Yes,No,71,Yes,No,No,No internet service,No internet service,No internet service,No internet service,No internet service,No internet service,Month-to-month,Yes,Bank transfer (automatic),18.5,1358.47,1,No
6954-XW,Female,0,No,No,68,Yes,Yes,DSL,No,No,Yes,Yes,Yes,No,Month-to-month,Yes,Mailed check,66.68,4562.8,1,No
9519-VY,Male,1,Yes,Yes,52,Yes,No,DSL,Yes,No,No,Yes,No,No,Month-to-month,No,Electronic check,56.64,2935.36,1,No
4310-EC,Female,0,No,No,37,Yes,No,DSL,No,No,Yes,No,No,No,Two year,Yes,Electronic check,53.57,2025.35,0,No
8218-AO,Male,0,No,Yes,46,No,No phone service,Fiber optic,No,No,Yes,No,No,Yes,Two year,Yes,Mailed check,71.64,3287.6,1,No
8970-XN,Male,0,Yes,No,41,Yes,No,Fiber optic,No,Yes,No,No,Yes,No,Two year,Yes,Electronic check,86.76,3626.08,0,No
3538-PD,Female,0,Yes,No,5,Yes,No,DSL,Yes,No,No,No,No,No,One year,No,Credit card (automatic),56.1,321.72,2,No
6619-EV,Female,0,Yes,Yes,66,Yes,No,Fiber optic,No,No,No,Yes,No,Yes,Month-to-month,No,Mailed check,84.85,5554.86,0,No
7612-NW,Male,0,No,No,5,Yes,Yes,DSL,Yes,No,Yes,Yes,Yes,No,Month-to-month,No,Mailed check,84.31,378.86,2,Yes
1943-RG,Female,0,Yes,Yes,63,Yes,No,DSL,No,Yes,No,No,Yes,No,Month-to-month,Yes,Electronic check,65.24,4083.48,2,No
5425-GA,Male,0,Yes,Yes,3,Yes,Yes,DSL,Yes,Yes,Yes,No,No,No,One year,No,Electronic check,70.1,197.47,2,No
3198-US,Female,0,Yes,No,8,Yes,No,Fiber optic,No,No,Yes,Yes,Yes,No,Month-to-month,No,Bank transfer (automatic),86.82,647.03,2,Yes
4695-SD,Female,0,No,No,26,Yes,No,No,No internet service,No internet service,No internet service,No internet service,No internet service,No internet service,One year,Yes,Credit card (automatic),19.51,544.68,2,No
2308-RB,Male,1,No,Yes,53,Yes,No,Fiber optic,No,Yes,No,Yes,No,No,Two year,Yes,Bank transfer (automatic),84.12,4487.69,0,No
7852-TK,Male,0,Yes,No,29,Yes,No,Fiber optic,No,Yes,No,Yes,No,No,Month-to-month,Yes,Bank transfer (automatic),76.86,2215.99,0,No
5841-BC,Female,0,Yes,No,14,Yes,No,DSL,No,No,Yes,No,Yes,No,Month-to-month,Yes,Credit card (automatic),66.56,992.02,3,Yes
5566-WL,Female,1,Yes,No,5,Yes,Yes,DSL,No,Yes,Yes,Yes,Yes,Yes,Month-to-month,No,Electronic check,92.86,465.18,1,Yes
2555-EE,Female,0,Yes,No,27,Yes,Yes,DSL,Yes,Yes,Yes,No,No,No,Month-to-month,No,Electronic check,70.26,1826.65,1,Yes
2279-IB,Male,0,Yes,Yes,68,No,No phone service,DSL,Yes,No,Yes,Yes,No,Yes,One year,Yes,Electronic check,70.39,4739.37,0,No
8083-CT,Female,0,No,Yes,29,No,No phone service,Fiber optic,Yes,Yes,No,No,Yes,No,One year,Yes,Bank transfer (automatic),82.98,2420.27,0,No
2387-XQ,Female,1,No,Yes,3,Yes,No,Fiber optic,No,Yes,No,Yes,Yes,No,One year,No,Credit card (automatic),88.14,333.48,4,Yes
3679-NW,Female,0,No,Yes,30,Yes,No,DSL,Yes,No,Yes,Yes,Yes,No,One year,Yes,Electronic check,83.39,2519.67,0,No
5223-QR,Female,0,No,Yes,9,Yes,Yes,DSL,No,Yes,No,No,No,Yes,Month-to-month,Yes,Credit card (automatic),64.92,537.32,2,Yes
4186-QN,Male,1,Yes,No,1,Yes,No,DSL,Yes,No,No,Yes,No,Yes,Month-to-month,No,Bank transfer (automatic),71.28,41.52,1,Yes
3599-BM,Male,1,Yes,No,23,Yes,No,No,No internet service,No internet service,No internet service,No internet service,No internet service,No internet service,Month-to-month,Yes,Mailed check,18.5,445.37,2,No
2304-GI,Male,0,Yes,No,67,Yes,No,Fiber optic,Yes,Yes,No,No,Yes,No,Month-to-month,Yes,Mailed check,85.74,5696.09,3,No
6877-VK,Female,0,No,No,32,Yes,No,DSL,No,No,Yes,No,No,Yes,Two year,Yes,Bank transfer (automatic),63.2,2111.77,2,No
3541-DZ,Female,1,Yes,Yes,6,No,No phone service,Fiber optic,No,No,No,No,Yes,Yes,Two year,Yes,Credit card (automatic),80.98,544.61,1,No
9633-MB,Female,0,No,Yes,49,Yes,No,DSL,No,No,Yes,Yes,Yes,Yes,One year,No,Electronic check,83.5,4095.36,0,No
9996-KF,Male,0,No,No,15,Yes,No,Fiber optic,Yes,Yes,No,Yes,Yes,Yes,Month-to-month,Yes,Electronic check,114.82,1767.34,0,Yes
6475-IF,Male,0,Yes,Yes,58,No,No phone service,No,No internet service,No internet service,No internet service,No internet service,No internet service,No internet service,Month-to-month,No,Bank transfer (automatic),18.5,1079.75,1,No
8184-EY,Male,0,No,No,53,Yes,Yes,Fiber optic,No,No,Yes,Yes,No,Yes,Month-to-month,No,Electronic check,93.16,4920.98,1,No
8141-ZL,Male,1,Yes,No,30,No,No phone service,DSL,No,No,No,No,Yes,Yes,Month-to-month,Yes,Credit card (automatic),59.06,1778.74,0,Yes
2622-UJ,Female,0,Yes,No,40,Yes,No,Fiber optic,Yes,No,No,No,No,No,Two year,Yes,Credit card (automatic),74.82,2883.54,5,No
1341-UY,Male,1,Yes,No,59,Yes,No,Fiber optic,No,No,Yes,No,Yes,Yes,Month-to-month,Yes,Bank transfer (automatic),99.85,5918.85,3,No
1645-HB,Male,0,Yes,Yes,63,Yes,Yes,Fiber optic,No,No,Yes,No,No,No,One year,No,Mailed check,71.67,4495.18,1,No
7136-UG,Female,0,No,No,48,Yes,No,DSL,No,No,No,Yes,Yes,Yes,Two year,No,Electronic check,76.85,3764.78,0,No
3969-UZ,Male,0,No,No,68,Yes,Yes,DSL,No,No,No,No,Yes,Yes,Two year,Yes,Electronic check,67.18,4595.54,2,No
4629-BV,Female,0,Yes,No,7,Yes,No,Fiber optic,No,No,Yes,No,No,Yes,Month-to-month,No,Electronic check,86.14,613.66,1,Yes
2386-AS,Female,1,Yes,No,47,Yes,Yes,No,No internet service,No internet service,No internet service,No internet service,No internet service,No internet service,Month-to-month,No,Mailed check,24.37,1088.0,2,Yes
5788-DS,Female,0,Yes,Yes,43,Yes,Yes,Fiber optic,No,No,No,No,Yes,No,Month-to-month,No,Bank transfer (automatic),75.7,3234.94,0,No
5124-UK,Female,0,No,No,16,Yes,No,Fiber optic,Yes,Yes,No,Yes,No,No,Month-to-month,No,Mailed check,87.47,1410.56,1,Yes
6415-KD,Female,0,Yes,No,22,Yes,No,DSL,No,No,Yes,Yes,Yes,No,Month-to-month,Yes,Mailed check,73.17,1664.5,2,Yes
9378-GH,Male,1,Yes,No,63,No,No phone service,Fiber optic,No,Yes,No,Yes,No,Yes,Month-to-month,No,Bank transfer (automatic),83.2,5263.25,0,No
2333-BW,Male,1,Yes,No,46,Yes,Yes,DSL,Yes,Yes,Yes,No,Yes,Yes,Month-to-month,No,Mailed check,88.36,4071.2,3,No
7766-XV,Female,0,Yes,Yes,45,Yes,Yes,Fiber optic,No,No,Yes,No,Yes,No,Month-to-month,Yes,Bank transfer (automatic),91.49,4118.75,0,No
7212-XA,Male,0,No,Yes,41,Yes,No,DSL,Yes,No,Yes,No,No,No,Month-to-month,Yes,Bank transfer (automatic),56.16,2375.68,0,No
8715-OT,Female,0,No,No,25,Yes,No,No,No internet service,No internet service,No internet service,No internet service,No internet service,No internet service,Month-to-month,No,Bank transfer (automatic),18.5,518.92,0,Yes
2762-TK,Male,0,Yes,No,50,No,No phone service,DSL,Yes,No,No,Yes,No,Yes,Month-to-month,No,Bank transfer (automatic),59.57,3014.49,0,No
8101-MK,Male,0,No,No,67,Yes,No,Fiber optic,Yes,Yes,No,Yes,No,No,Two year,Yes,Electronic check,88.92,5988.39,2,No
1481-IZ,Male,0,Yes,No,52,No,No phone service,DSL,No,No,Yes,Yes,Yes,No,One year,Yes,Bank transfer (automatic),63.53,3320.65,1,No
8617-UI,Male,0,Yes,No,31,No,No phone service,Fiber optic,No,Yes,No,No,No,Yes,Month-to-month,Yes,Bank transfer (automatic),70.8,2220.45,2,No
3343-QA,Male,0,Yes,No,37,Yes,No,DSL,Yes,No,No,No,No,Yes,Month-to-month,Yes,Bank transfer (automatic),70.81,2537.69,1,No
2240-KH,Male,0,Yes,No,22,Yes,Yes,No,No internet service,No internet service,No internet service,No internet service,No internet service,No internet service,One year,Yes,Bank transfer (automatic),18.5,393.45,1,No
7185-YG,Male,0,No,No,27,Yes,No,Fiber optic,Yes,No,No,No,No,No,Month-to-month,Yes,Credit card (automatic),65.59,1807.98,5,Yes
8970-CR,Female,0,No,Yes,2,Yes,Yes,DSL,No,Yes,Yes,No,No,No,Two year,Yes,Mailed check,58.5,107.92,1,No
2252-LL,Female,0,Yes,No,22,Yes,No,DSL,No,Yes,Yes,No,No,Yes,Two year,Yes,Electronic check,73.73,1604.23,5,No
4549-FB,Female,0,Yes,No,53,No,No phone service,Fiber optic,No,Yes,No,No,Yes,Yes,Month-to-month,No,Mailed check,80.48,4312.46,3,Yes
7667-SE,Male,0,Yes,Yes,17,Yes,Yes,DSL,No,No,No,No,No,No,One year,Yes,Electronic check,47.49,722.34,0,No
5090-QQ,Male,0,No,No,56,Yes,No,DSL,No,No,Yes,Yes,Yes,Yes,Month-to-month,Yes,Credit card (automatic),83.27,4631.42,3,No
1329-YW,Female,1,No,No,31,Yes,Yes,Fiber optic,No,No,No,No,No,Yes,Month-to-month,No,Electronic check,78.72,2365.31,2,Yes
8982-LP,Female,0,Yes,No,43,Yes,Yes,Fiber optic,No,No,Yes,No,Yes,No,Two year,Yes,Credit card (automatic),87.51,3828.34,2,No
9407-SH,Male,1,No,No,72,Yes,Yes,DSL,No,No,Yes,Yes,Yes,Yes,Month-to-month,No,Electronic check,89.35,6427.66,4,No
3708-QW,Female,0,No,No,53,Yes,Yes,Fiber optic,Yes,No,No,Yes,Yes,No,Month-to-month,Yes,Mailed check,89.14,4794.64,2,No
6604-VP,Female,0,Yes,No,5,Yes,Yes,Fiber optic,No,No,No,Yes,No,Yes,One year,No,Electronic check,90.54,438.44,0,No
9901-HY,Female,0,Yes,No,2,Yes,No,No,No internet service,No internet service,No internet service,No internet service,No internet service,No internet service,Month-to-month,Yes,Mailed check,23.12,18.5,5,No
7609-YL,Female,0,No,Yes,59,Yes,No,Fiber optic,Yes,No,Yes,No,No,No,One year,No,Mailed check,76.19,4478.66,0,No
4993-IM,Male,0,Yes,No,4,No,No phone service,DSL,Yes,Yes,No,No,No,No,Two year,Yes,Bank transfer (automatic),44.5,262.13,1,No
9238-JP,Female,0,Yes,No,34,Yes,No,Fiber optic,No,Yes,No,No,Yes,No,Month-to-month,No,Electronic check,81.79,2821.92,1,No
5806-QW,Female,0,Yes,No,67,Yes,No,Fiber optic,No,Yes,No,Yes,No,No,Month-to-month,No,Electronic check,87.6,5876.35,1,No
6913-UV,Female,1,No,Yes,6,Yes,Yes,DSL,No,Yes,No,Yes,No,Yes,One year,Yes,Electronic check,73.97,450.32,0,No
1390-NO,Female,0,No,No,58,No,No phone service,DSL,No,No,Yes,No,Yes,No,One year,Yes,Bank transfer (automatic),51.44,2972.54,2,No
9820-GI,Male,0,No,No,47,Yes,No,Fiber optic,No,Yes,Yes,No,No,No,Two year,Yes,Electronic check,79.52,3711.08,0,No
9007-RW,Female,0,Yes,No,5,Yes,No,No,No internet service,No internet service,No internet service,No internet service,No internet service,No internet service,Month-to-month,Yes,Mailed check,24.58,138.58,1,No
2500-RT,Female,0,Yes,No,61,Yes,Yes,No,No internet service,No internet service,No internet service,No internet service,No internet service,No internet service,Month-to-month,Yes,Mailed check,20.05,1146.92,1,No
4042-RJ,Female,0,No,Yes,56,No,No phone service,Fiber optic,Yes,No,No,Yes,No,Yes,Two year,Yes,Credit card (automatic),82.07,4599.1,4,No
1614-QN,Female,0,Yes,No,35,Yes,No,Fiber optic,No,No,No,Yes,Yes,No,Two year,Yes,Credit card (automatic),85.33,2974.04,1,No
4223-CL,Female,0,No,No,13,Yes,Yes,DSL,Yes,No,No,No,Yes,No,Month-to-month,Yes,Credit card (automatic),61.54,789.49,2,Yes
8980-BC,Male,0,Yes,No,26,Yes,Yes,DSL,No,No,Yes,No,Yes,No,One year,Yes,Credit card (automatic),61.87,1563.87,3,No
3983-ZW,Female,0,No,No,64,Yes,Yes,Fiber optic,No,No,Yes,Yes,Yes,No,Month-to-month,Yes,Credit card (automatic),91.8,5891.28,2,No
8126-LG,Female,0,No,No,11,Yes,No,Fiber optic,No,No,No,No,Yes,Yes,Month-to-month,No,Credit card (automatic),89.35,1058.77,1,Yes
8694-XQ,Male,1,No,Yes,62,Yes,No,DSL,No,Yes,No,No,Yes,Yes,Month-to-month,Yes,Credit card (automatic),74.38,4583.11,1,No
6468-VY,Female,1,Yes,No,47,Yes,No,Fiber optic,No,No,No,No,Yes,Yes,Month-to-month,No,Electronic check,85.47,4035.06,1,No
8564-RA,Male,1,No,No,70,Yes,Yes,Fiber optic,No,No,No,Yes,No,No,Month-to-month,No,Credit card (automatic),74.75,5249.37,2,No
9684-JL,Female,0,Yes,Yes,58,Yes,Yes,No,No internet service,No internet service,No internet service,No internet service,No internet service,No internet service,Month-to-month,Yes,Bank transfer (automatic),20.1,1242.15,1,No
9502-CJ,Male,0,No,No,10,Yes,No,DSL,No,No,Yes,Yes,Yes,Yes,One year,No,Mailed check,79.73,730.3,1,No
1545-WM,Male,0,Yes,No,16,Yes,Yes,Fiber optic,Yes,No,Yes,No,Yes,No,One year,Yes,Electronic check,87.99,1420.75,3,Yes
4810-GN,Female,0,No,No,12,Yes,Yes,DSL,Yes,No,No,Yes,Yes,Yes,Month-to-month,No,Electronic check,86.08,1081.13,1,Yes
3032-UL,Male,0,Yes,Yes,71,Yes,Yes,DSL,Yes,No,No,No,No,No,Month-to-month,No,Electronic check,57.93,4155.17,0,No
1271-XL,Female,1,No,No,50,Yes,Yes,DSL,No,Yes,Yes,No,Yes,No,One year,Yes,Credit card (automatic),67.27,3331.7,3,No
5361-YG,Male,0,No,No,15,Yes,No,DSL,No,Yes,No,Yes,Yes,Yes,Month-to-month,Yes,Electronic check,77.8,1124.4,2,No
5435-EA,Male,0,Yes,No,59,Yes,No,Fiber optic,No,Yes,No,Yes,Yes,No,Two year,No,Mailed check,93.03,5494.62,1,No
4760-CM,Female,0,No,No,70,Yes,No,Fiber optic,No,No,No,No,Yes,Yes,Month-to-month,No,Credit card (automatic),94.96,6692.67,2,No
2165-XR,Male,0,Yes,Yes,62,Yes,Yes,Fiber optic,No,Yes,No,No,Yes,Yes,Month-to-month,Yes,Mailed check,93.45,5696.85,0,No
7467-RE,Female,0,No,No,72,Yes,Yes,Fiber optic,No,Yes,No,No,No,Yes,Month-to-month,Yes,Bank transfer (automatic),83.47,5955.97,4,No
8832-PA,Male,0,No,No,62,Yes,Yes,DSL,No,Yes,Yes,Yes,Yes,No,Month-to-month,No,Credit card (automatic),83.57,5201.37,4,No
9173-OI,Male,0,No,No,50,Yes,No,No,No internet service,No internet service,No internet service,No internet service,No internet service,No internet service,Two year,Yes,Credit card (automatic),26.46,1331.04,1,No
5494-QY,Female,0,Yes,No,54,Yes,Yes,Fiber optic,Yes,No,No,No,No,No,Two year,Yes,Electronic check,66.88,3672.38,4,No
8511-DL,Female,0,Yes,No,54,Yes,Yes,Fiber optic,No,No,No,No,Yes,Yes,Month-to-month,No,Electronic check,88.94,4933.09,1,No
2828-EK,Male,0,No,No,28,Yes,Yes,DSL,No,No,Yes,No,Yes,No,Two year,Yes,Credit card (automatic),65.39,1911.16,1,No
5805-GX,Female,1,No,No,51,Yes,No,DSL,No,No,No,Yes,Yes,No,Month-to-month,Yes,Bank transfer (automatic),62.36,3176.74,2,No
8486-NX,Female,0,Yes,No,33,Yes,No,Fiber optic,Yes,No,No,Yes,Yes,Yes,Month-to-month,Yes,Bank transfer (automatic),108.09,3525.67,2,Yes
9202-MB,Male,0,Yes,No,1,Yes,Yes,Fiber optic,No,Yes,Yes,Yes,No,No,Month-to-month,No,Bank transfer (automatic),94.35,26.49,2,Yes
8878-TD,Male,1,Yes,No,69,Yes,No,DSL,No,No,No,Yes,No,No,One year,Yes,Electronic check,54.94,3811.81,2,No
6690-HT,Female,0,No,No,1,Yes,Yes,DSL,No,No,Yes,No,No,Yes,Two year,Yes,Electronic check,64.37,18.5,1,Yes
6429-US,Male,0,No,Yes,55,Yes,No,DSL,No,Yes,No,No,Yes,Yes,Month-to-month,No,Bank transfer (automatic),71.34,3916.04,4,No
4564-NJ,Female,0,Yes,No,45,Yes,No,No,No internet service,No internet service,No internet service,No internet service,No internet service,No internet service,Month-to-month,No,Electronic check,18.5,847.16,0,Yes
8274-BY,Female,0,Yes,Yes,40,Yes,Yes,No,No internet service,No internet service,No internet service,No internet service,No internet service,No internet service,One year,Yes,Bank transfer (automatic),22.7,999.38,0,No
3265-IQ,Female,0,No,No,61,Yes,No,DSL,Yes,Yes,No,No,Yes,Yes,Month-to-month,No,Electronic check,88.04,5380.42,1,No
7402-XF,Female,0,Yes,No,36,Yes,No,DSL,No,No,Yes,No,Yes,Yes,Month-to-month,No,Electronic check,75.56,2679.45,1,No
2796-VO,Female,0,No,Yes,24,Yes,Yes,DSL,No,Yes,Yes,No,Yes,Yes,Month-to-month,No,Credit card (automatic),78.57,1916.51,2,No
1726-QI,Female,0,Yes,No,14,Yes,No,DSL,Yes,Yes,No,No,No,Yes,Two year,No,Credit card (automatic),72.59,1025.19,2,No
2913-QJ,Male,1,No,No,1,Yes,No,DSL,No,Yes,Yes,No,No,Yes,Month-to-month,Yes,Electronic check,73.08,122.58,1,Yes
3466-RR,Female,0,No,Yes,47,Yes,No,Fiber optic,No,No,No,Yes,No,No,Month-to-month,No,Credit card (automatic),71.13,3419.81,0,No
8312-XC,Male,0,No,No,21,Yes,Yes,DSL,No,Yes,Yes,No,No,No,Month-to-month,Yes,Electronic check,54.52,1130.81,3,No
8906-FM,Female,0,Yes,No,39,Yes,No,Fiber optic,No,No,No,No,Yes,Yes,Month-to-month,Yes,Mailed check,89.79,3534.1,0,Yes
8287-OY,Male,0,No,No,3,Yes,No,DSL,No,No,No,No,Yes,Yes,Month-to-month,Yes,Mailed check,67.54,306.54,1,Yes
5675-NE,Male,1,Yes,No,16,Yes,Yes,DSL,No,No,No,No,Yes,Yes,Month-to-month,No,Mailed check,70.12,1206.34,1,Yes
2290-IX,Male,1,No,Yes,68,Yes,No,DSL,Yes,No,No,No,Yes,Yes,One year,No,Mailed check,77.67,5243.69,1,No
8490-IC,Female,0,Yes,Yes,26,Yes,No,Fiber optic,No,No,No,No,Yes,No,Two year,Yes,Bank transfer (automatic),80.35,2023.25,3,No
6016-BL,Male,1,No,No,54,No,No phone service,DSL,No,No,Yes,Yes,Yes,Yes,One year,Yes,Bank transfer (automatic),76.39,4173.85,0,No
1954-BX,Male,0,Yes,No,13,Yes,No,Fiber optic,No,No,Yes,Yes,Yes,No,One year,No,Credit card (automatic),89.9,1147.23,1,No
8291-OF,Female,1,Yes,No,61,Yes,No,DSL,No,No,Yes,No,Yes,Yes,One year,No,Electronic check,76.24,4722.68,0,No
6370-EP,Male,0,Yes,No,20,Yes,No,Fiber optic,No,No,No,Yes,No,Yes,One year,No,Credit card (automatic),84.85,1624.17,3,No
9228-PM,Male,0,No,No,27,No,No phone service,No,No internet service,No internet service,No internet service,No internet service,No internet service,No internet service,Month-to-month,Yes,Credit card (automatic),18.5,463.46,0,No
9987-EM,Female,0,No,No,2,Yes,Yes,Fiber optic,Yes,No,Yes,No,Yes,Yes,One year,Yes,Electronic check,109.04,207.13,1,No
6233-HM,Male,0,Yes,No,10,Yes,No,Fiber optic,Yes,No,Yes,No,No,No,Two year,Yes,Electronic check,78.92,741.07,1,No
1317-SZ,Male,0,Yes,Yes,60,Yes,Yes,DSL,No,Yes,No,Yes,No,No,Two year,Yes,Electronic check,59.75,3533.97,0,No
2591-HB,Female,1,Yes,Yes,19,Yes,Yes,Fiber optic,No,No,No,Yes,Yes,No,Month-to-month,No,Mailed check,85.13,1585.7,1,No
7183-MM,Male,1,Yes,No,15,Yes,No,Fiber optic,No,No,No,Yes,Yes,Yes,Month-to-month,Yes,Mailed check,94.77,1466.51,3,Yes
2312-FX,Male,0,No,No,47,Yes,Yes,DSL,No,No,No,No,Yes,Yes,Month-to-month,No,Bank transfer (automatic),67.34,3149.92,2,No
8314-PH,Male,0,Yes,Yes,24,Yes,Yes,DSL,Yes,No,Yes,No,Yes,Yes,One year,No,Mailed check,81.33,1976.54,2,No
3139-AP,Male,1,No,No,16,Yes,Yes,Fiber optic,No,Yes,No,No,Yes,No,Month-to-month,Yes,Bank transfer (automatic),83.32,1452.59,3,Yes
2704-MK,Female,0,No,No,60,Yes,No,DSL,No,Yes,No,Yes,No,No,Month-to-month,Yes,Bank transfer (automatic),60.23,3679.46,0,No
3604-YU,Female,0,No,Yes,49,Yes,Yes,Fiber optic,No,Yes,No,Yes,Yes,No,Month-to-month,No,Mailed check,85.1,4195.39,3,No
5286-FG,Female,0,No,No,4,Yes,No,DSL,No,No,No,Yes,No,Yes,Month-to-month,Yes,Mailed check,68.63,201.66,5,Yes
1556-ZY,Female,0,Yes,Yes,66,Yes,Yes,Fiber optic,No,No,Yes,No,No,No,Month-to-month,Yes,Electronic check,74.66,4908.25,1,No
6150-WJ,Male,0,Yes,No,49,Yes,Yes,DSL,No,Yes,No,Yes,No,No,Two year,Yes,Mailed check,59.05,2935.42,1,No
8561-KU,Female,0,No,Yes,31,Yes,Yes,Fiber optic,Yes,Yes,No,No,No,Yes,Month-to-month,Yes,Electronic check,92.93,2864.58,0,No
4741-GR,Female,0,Yes,No,66,Yes,Yes,DSL,No,Yes,No,No,No,Yes,Month-to-month,Yes,Bank transfer (automatic),63.33,4138.48,0,No
3403-BN,Male,0,Yes,Yes,54,Yes,No,Fiber optic,No,No,No,No,Yes,No,One year,Yes,Bank transfer (automatic),80.38,4431.36,3,No
9780-LG,Male,1,No,No,2,Yes,Yes,No,No internet service,No internet service,No internet service,No internet service,No internet service,No internet service,One year,Yes,Credit card (automatic),23.77,18.5,0,No
6343-MN,Male,0,No,No,61,Yes,No,Fiber optic,No,Yes,No,No,Yes,Yes,One year,Yes,Mailed check,104.07,6339.58,2,No
2136-IQ,Female,0,Yes,No,15,Yes,No,DSL,Yes,No,Yes,No,No,No,Two year,Yes,Mailed check,58.68,856.3,2,No
8009-XM,Male,0,No,No,60,No,No phone service,Fiber optic,No,No,No,Yes,Yes,No,Month-to-month,Yes,Mailed check,73.97,4385.36,2,No
2007-FS,Male,0,Yes,No,43,No,No phone service,DSL,Yes,No,No,Yes,No,No,Two year,No,Electronic check,53.9,2405.05,0,No
6352-BO,Male,0,No,Yes,40,Yes,Yes,No,No internet service,No internet service,No internet service,No internet service,No internet service,No internet service,Two year,No,Electronic check,18.5,686.6,1,Yes
6084-VD,Female,0,Yes,No,30,Yes,Yes,Fiber optic,No,Yes,No,No,No,No,Month-to-month,Yes,Bank transfer (automatic),74.54,2193.4,0,No
8059-DR,Female,0,No,No,63,Yes,No,DSL,Yes,Yes,Yes,No,No,Yes,Two year,Yes,Electronic check,82.17,5234.7,2,No
8491-QL,Female,0,No,No,24,Yes,No,DSL,No,Yes,Yes,No,No,No,Month-to-month,Yes,Mailed check,62.13,1503.17,3,Yes
9073-VA,Female,0,Yes,No,44,Yes,No,Fiber optic,No,No,No,Yes,No,Yes,Month-to-month,Yes,Electronic check,81.91,3553.91,0,Yes
9213-ZX,Female,0,No,No,14,Yes,Yes,DSL,No,No,No,No,Yes,No,One year,Yes,Credit card (automatic),56.19,783.64,2,No
7353-RN,Female,0,No,No,28,Yes,No,No,No internet service,No internet service,No internet service,No internet service,No internet service,No internet service,Two year,No,Bank transfer (automatic),20.88,538.95,1,No
5799-OL,Female,0,No,No,14,Yes,Yes,No,No internet service,No internet service,No internet service,No internet service,No internet service,No internet service,Month-to-month,Yes,Electronic check,22.58,310.19,1,No
9954-CT,Male,1,Yes,No,56,Yes,Yes,Fiber optic,No,No,No,No,No,No,One year,Yes,Electronic check,62.99,3515.19,0,Yes
3428-LG,Male,0,No,No,34,Yes,Yes,DSL,No,No,No,No,Yes,Yes,Two year,Yes,Electronic check,67.5,2232.26,2,Yes
9220-KA,Male,0,No,No,12,Yes,Yes,Fiber optic,No,No,No,No,Yes,No,Month-to-month,Yes,Mailed check,74.78,914.05,0,Yes
8813-OO,Female,0,Yes,No,56,Yes,No,DSL,No,No,No,No,No,No,Month-to-month,Yes,Bank transfer (automatic),46.67,2575.69,2,No
4356-DQ,Female,1,No,No,61,No,No phone service,Fiber optic,No,No,Yes,No,No,Yes,One year,Yes,Electronic check,73.25,4366.23,2,No
8266-MI,Male,0,Yes,No,61,Yes,Yes,DSL,No,No,No,Yes,Yes,Yes,One year,No,Bank transfer (automatic),77.47,4754.22,2,No
1038-OW,Male,0,Yes,No,40,Yes,No,DSL,No,Yes,Yes,No,Yes,No,Month-to-month,Yes,Electronic check,73.09,2925.96,3,No
3844-KT,Female,0,Yes,No,20,No,No phone service,DSL,Yes,No,No,Yes,No,Yes,Two year,No,Credit card (automatic),68.0,1298.22,1,Yes
2823-BO,Female,0,No,No,42,Yes,Yes,DSL,Yes,No,Yes,No,Yes,No,Month-to-month,Yes,Mailed check,68.27,2899.5,2,No
4155-VK,Female,0,No,Yes,7,Yes,Yes,No,No internet service,No internet service,No internet service,No internet service,No internet service,No internet service,Month-to-month,Yes,Credit card (automatic),19.13,172.4,1,Yes
6658-CQ,Female,0,Yes,Yes,68,Yes,No,No,No internet service,No internet service,No internet service,No internet service,No internet service,No internet service,Two year,No,Bank transfer (automatic),26.06,1772.1,1,No
1988-UO,Female,0,No,No,31,Yes,No,Fiber optic,No,Yes,Yes,Yes,Yes,No,One year,Yes,Mailed check,102.27,3194.18,4,No
5179-FS,Female,1,No,No,70,Yes,No,No,No internet service,No internet service,No internet service,No internet service,No internet service,No internet service,Month-to-month,No,Credit card (automatic),18.5,1228.95,0,No
6626-AZ,Female,0,No,No,47,Yes,Yes,DSL,No,Yes,No,No,Yes,Yes,Month-to-month,No,Electronic check,72.64,3447.95,2,Yes
1933-OB,Female,0,Yes,No,51,Yes,Yes,Fiber optic,Yes,No,No,No,No,No,One year,No,Bank transfer (automatic),71.21,3631.73,2,No
2980-CQ,Male,0,No,No,58,No,No phone service,Fiber optic,No,No,Yes,Yes,No,No,Month-to-month,Yes,Electronic check,67.42,3988.41,2,No
9984-XL,Female,0,No,No,22,Yes,Yes,DSL,No,Yes,No,No,Yes,Yes,Month-to-month,Yes,Credit card (automatic),75.74,1572.22,3,No
6390-LP,Female,0,No,No,24,No,No phone service,DSL,No,No,Yes,Yes,No,Yes,Two year,Yes,Credit card (automatic),58.09,1381.36,0,No
4610-HN,Female,1,Yes,Yes,34,Yes,No,Fiber optic,Yes,No,Yes,No,Yes,Yes,One year,Yes,Bank transfer (automatic),103.6,3470.53,0,No
1984-QU,Male,0,Yes,No,63,No,No phone service,Fiber optic,Yes,Yes,No,No,No,No,Month-to-month,No,Electronic check,70.8,4428.17,4,No
9711-ON,Male,0,Yes,No,60,Yes,Yes,Fiber optic,Yes,No,No,No,Yes,Yes,Month-to-month,Yes,Mailed check,91.6,5491.73,2,No
4633-TG,Female,0,No,No,19,Yes,No,Fiber optic,No,No,No,Yes,Yes,No,Month-to-month,Yes,Bank transfer (automatic),82.36,1539.42,1,Yes
1959-LU,Male,1,Yes,No,24,Yes,No,DSL,No,No,No,No,No,No,Two year,Yes,Mailed check,52.4,1214.26,1,No
6655-ZC,Male,0,No,No,64,Yes,No,DSL,No,No,No,No,No,No,Month-to-month,No,Bank transfer (automatic),46.34,2923.76,1,No
8725-OY,Male,0,Yes,Yes,20,Yes,No,Fiber optic,Yes,Yes,Yes,No,Yes,No,Month-to-month,No,Mailed check,100.45,2089.57,4,Yes
2875-DI,Female,0,Yes,Yes,27,Yes,No,Fiber optic,No,No,No,No,No,No,One year,No,Mailed check,63.49,1724.44,2,No
6797-PY,Female,0,Yes,Yes,58,Yes,Yes,Fiber optic,No,Yes,No,Yes,No,Yes,Two year,Yes,Electronic check,93.08,5311.09,4,No
8099-VV,Female,0,No,No,44,Yes,No,DSL,No,Yes,Yes,No,No,Yes,Month-to-month,No,Bank transfer (automatic),74.22,3221.75,0,No
7644-UB,Female,1,No,Yes,65,Yes,No,Fiber optic,Yes,No,Yes,No,Yes,Yes,Two year,No,Credit card (automatic),100.61,6561.88,3,No
6463-HK,Female,0,No,Yes,46,Yes,No,Fiber optic,No,No,No,Yes,No,Yes,Month-to-month,Yes,Mailed check,83.47,3828.17,2,No
4788-QH,Female,0,No,No,54,Yes,Yes,DSL,No,Yes,No,Yes,No,Yes,One year,No,Credit card (automatic),72.52,3921.99,2,No
9465-RN,Female,0,Yes,No,39,Yes,No,DSL,No,No,No,No,Yes,Yes,Month-to-month,Yes,Electronic check,66.52,2626.96,0,No
9357-KM,Male,0,No,No,7,Yes,Yes,DSL,Yes,No,No,Yes,Yes,No,One year,No,Electronic check,71.34,411.46,3,Yes
9920-AF,Female,0,Yes,No,54,Yes,Yes,DSL,Yes,Yes,Yes,No,Yes,No,Month-to-month,Yes,Mailed check,86.41,4694.74,2,No
4496-HK,Female,0,No,No,43,Yes,No,Fiber optic,Yes,Yes,No,Yes,No,No,Month-to-month,Yes,Mailed check,91.96,4008.57,1,No
1213-SX,Female,0,Yes,Yes,20,Yes,No,DSL,No,No,Yes,No,No,No,Two year,No,Credit card (automatic),52.18,964.37,3,No
7731-YN,Female,1,No,No,25,Yes,No,No,No internet service,No internet service,No internet service,No internet service,No internet service,No internet service,One year,No,Credit card (automatic),21.76,553.96,0,No
6791-OP,Female,0,Yes,No,43,Yes,No,No,No internet service,No internet service,No internet service,No internet service,No internet service,No internet service,Month-to-month,No,Electronic check,18.5,676.21,1,No
3720-JH,Female,0,Yes,No,27,Yes,No,Fiber optic,No,No,Yes,Yes,Yes,Yes,Month-to-month,No,Bank transfer (automatic),106.14,2878.07,4,No
7047-RA,Female,0,Yes,No,25,Yes,No,DSL,No,No,No,No,No,No,One year,No,Mailed check,41.92,1062.6,3,No
1001-AA,Female,0,Yes,No,36,Yes,No,DSL,No,No,Yes,No,Yes,No,Month-to-month,Yes,Electronic check,65.17,2294.19,3,Yes
2949-AM,Male,0,Yes,No,66,Yes,No,Fiber optic,No,No,No,Yes,No,No,Month-to-month,Yes,Electronic check,70.81,4650.28,1,No
8833-VG,Male,0,No,No,9,Yes,No,No,No internet service,No internet service,No internet service,No internet service,No internet service,No internet service,One year,Yes,Electronic check,21.4,182.14,3,No
8014-ZN,Female,0,No,No,53,Yes,No,DSL,No,No,No,Yes,No,No,One year,Yes,Electronic check,55.53,2943.17,0,No
4041-JW,Female,1,Yes,No,21,Yes,No,DSL,Yes,No,No,Yes,No,No,One year,No,Electronic check,61.74,1272.42,2,No
9619-QH,Male,0,Yes,No,50,Yes,Yes,DSL,Yes,No,Yes,Yes,Yes,Yes,Month-to-month,Yes,Credit card (automatic),92.82,4695.28,4,No
7090-CF,Female,0,Yes,No,16,Yes,Yes,Fiber optic,Yes,No,Yes,No,No,Yes,Month-to-month,No,Credit card (automatic),95.1,1538.9,0,Yes
3056-FI,Female,0,No,Yes,66,Yes,Yes,Fiber optic,Yes,Yes,Yes,No,Yes,Yes,Month-to-month,Yes,Bank transfer (automatic),111.69,7339.98,2,No
1552-RL,Male,1,Yes,No,26,Yes,No,DSL,Yes,No,No,No,No,No,One year,Yes,Credit card (automatic),53.87,1453.69,3,No
6383-HR,Female,1,No,Yes,44,Yes,No,Fiber optic,Yes,No,Yes,Yes,No,No,Two year,Yes,Bank transfer (automatic),88.72,3928.0,1,No
4389-TO,Female,0,Yes,No,29,Yes,Yes,DSL,No,No,Yes,No,Yes,No,Month-to-month,Yes,Electronic check,60.19,1685.51,0,Yes
9442-GK,Female,0,Yes,No,46,Yes,Yes,Fiber optic,Yes,Yes,Yes,No,Yes,Yes,Two year,No,Credit card (automatic),114.98,5290.71,1,No
1207-DF,Male,0,Yes,No,71,Yes,No,Fiber optic,Yes,Yes,Yes,Yes,Yes,No,One year,No,Electronic check,109.27,7786.75,2,No
1021-ZC,Male,0,Yes,No,49,Yes,No,Fiber optic,No,No,Yes,Yes,No,Yes,Month-to-month,No,Electronic check,91.1,4508.79,2,Yes
8294-IJ,Female,0,Yes,No,15,Yes,Yes,Fiber optic,No,No,No,No,No,No,One year,No,Bank transfer (automatic),64.67,1059.7,3,No
5109-KR,Male,1,Yes,No,17,Yes,No,DSL,No,No,No,Yes,Yes,Yes,One year,No,Electronic check,78.16,1385.72,0,No
8179-WL,Male,0,Yes,No,9,Yes,Yes,Fiber optic,No,Yes,Yes,No,No,No,Month-to-month,No,Bank transfer (automatic),74.21,653.74,5,Yes
2560-MS,Male,1,No,No,32,Yes,No,No,No internet service,No internet service,No internet service,No internet service,No internet service,No internet service,Month-to-month,Yes,Electronic check,22.11,610.02,4,Yes
4638-ND,Female,0,Yes,Yes,66,Yes,No,Fiber optic,Yes,Yes,Yes,Yes,No,Yes,Month-to-month,Yes,Bank transfer (automatic),113.52,7525.71,0,No
5780-HW,Male,0,Yes,No,59,No,No phone service,DSL,Yes,Yes,No,No,No,Yes,Two year,Yes,Credit card (automatic),63.85,3755.76,2,No
3356-WS,Male,0,Yes,No,32,Yes,No,DSL,No,Yes,No,No,Yes,No,Two year,No,Mailed check,60.08,1969.05,2,No
8979-RF,Male,0,No,Yes,43,Yes,Yes,DSL,Yes,No,No,No,No,Yes,Month-to-month,Yes,Electronic check,61.1,2630.09,3,Yes
8057-SV,Female,1,No,No,59,Yes,No,DSL,Yes,No,Yes,Yes,No,No,One year,Yes,Electronic check,66.74,3882.54,2,No
5644-XI,Male,0,No,Yes,30,Yes,Yes,DSL,No,No,No,No,No,No,Two year,Yes,Mailed check,48.83,1441.14,2,No
9946-CV,Male,0,Yes,No,11,No,No phone service,DSL,No,Yes,No,No,No,Yes,Two year,No,Credit card (automatic),57.4,646.32,0,No
7078-OA,Female,0,Yes,Yes,26,Yes,No,No,No internet service,No internet service,No internet service,No internet service,No internet service,No internet service,One year,Yes,Mailed check,18.5,482.27,1,No
8005-UZ,Male,0,Yes,No,2,Yes,No,Fiber optic,No,No,Yes,No,No,Yes,One year,Yes,Bank transfer (automatic),83.39,140.2,0,No
1956-XT,Male,1,Yes,No,34,No,No phone service,DSL,No,No,Yes,No,No,Yes,Month-to-month,Yes,Bank transfer (automatic),52.33,1786.89,0,No
4453-TX,Male,0,No,No,41,Yes,No,DSL,No,No,Yes,Yes,Yes,Yes,Month-to-month,Yes,Mailed check,83.85,3434.24,2,No
2712-SI,Female,0,No,No,31,Yes,No,No,No internet service,No internet service,No internet service,No internet service,No internet service,No internet service,Month-to-month,No,Mailed check,18.5,549.55,1,No
7563-ZU,Female,1,No,No,63,No,No phone service,Fiber optic,Yes,Yes,No,No,Yes,Yes,Month-to-month,Yes,Mailed check,93.97,5960.7,1,No
6631-DB,Male,0,Yes,No,55,Yes,Yes,No,No internet service,No internet service,No internet service,No internet service,No internet service,No internet service,Month-to-month,Yes,Bank transfer (automatic),18.5,1057.33,3,No
2394-ZV,Male,0,Yes,No,61,Yes,Yes,Fiber optic,Yes,Yes,No,No,Yes,Yes,Month-to-month,No,Mailed check,102.92,6296.01,1,No
5732-LC,Male,0,Yes,No,36,Yes,No,DSL,No,No,Yes,No,Yes,Yes,One year,Yes,Electronic check,76.38,2733.61,2,No
1529-HU,Male,0,Yes,Yes,40,Yes,No,Fiber optic,Yes,Yes,Yes,No,Yes,Yes,Two year,No,Mailed check,112.96,4545.05,2,No
3958-AC,Male,1,No,Yes,23,Yes,Yes,Fiber optic,Yes,Yes,No,Yes,No,No,One year,No,Bank transfer (automatic),83.21,1881.11,3,No
4591-DP,Male,1,Yes,No,26,Yes,Yes,Fiber optic,Yes,No,Yes,Yes,Yes,Yes,Month-to-month,No,Mailed check,108.8,2881.33,1,No
1525-NB,Female,0,No,No,18,Yes,No,Fiber optic,No,No,No,Yes,No,Yes,Month-to-month,Yes,Electronic check,86.96,1580.37,2,Yes
1374-EE,Male,0,Yes,Yes,34,Yes,Yes,Fiber optic,No,No,Yes,No,No,Yes,One year,No,Credit card (automatic),83.26,2847.54,2,No
5648-VO,Male,1,Yes,Yes,28,Yes,No,Fiber optic,Yes,Yes,Yes,No,No,No,One year,Yes,Bank transfer (automatic),83.54,2397.19,2,No
1013-XG,Male,0,Yes,No,49,Yes,No,Fiber optic,Yes,Yes,No,No,No,No,Month-to-month,Yes,Electronic check,78.8,3856.65,2,No
4155-BG,Female,0,No,No,64,Yes,No,Fiber optic,No,Yes,Yes,Yes,No,No,Two year,Yes,Bank transfer (automatic),88.7,5695.89,0,No
4216-YY,Male,0,Yes,No,71,Yes,No,Fiber optic,No,No,No,Yes,No,Yes,Month-to-month,No,Bank transfer (automatic),87.37,6177.58,2,No
9219-BC,Female,0,Yes,No,63,Yes,No,Fiber optic,Yes,No,No,No,Yes,Yes,Two year,Yes,Bank transfer (automatic),93.53,5840.82,2,No
5356-AH,Male,0,Yes,Yes,62,Yes,Yes,Fiber optic,No,Yes,Yes,Yes,Yes,No,Month-to-month,No,Bank transfer (automatic),99.47,6202.68,3,Yes
5555-XD,Male,1,Yes,No,42,Yes,No,DSL,No,Yes,Yes,Yes,Yes,No,Month-to-month,Yes,Electronic check,78.23,3262.28,2,No
8062-OK,Male,0,Yes,No,24,No,No phone service,Fiber optic,Yes,No,Yes,Yes,Yes,No,Month-to-month,Yes,Mailed check,96.42,2282.6,0,Yes
4081-CV,Male,0,Yes,No,35,Yes,No,DSL,Yes,Yes,No,No,Yes,Yes,One year,Yes,Bank transfer (automatic),80.79,2807.55,1,No
1269-PJ,Male,0,No,No,55,Yes,No,DSL,No,Yes,No,Yes,Yes,Yes,Month-to-month,Yes,Electronic check,83.02,4619.98,1,Yes
6724-JL,Male,0,No,No,49,Yes,Yes,DSL,No,No,No,No,No,No,Two year,Yes,Credit card (automatic),44.17,2134.11,2,No
4432-AE,Female,0,Yes,No,59,Yes,No,DSL,No,Yes,No,Yes,No,Yes,Month-to-month,No,Electronic check,72.46,4357.76,1,No
6895-KL,Male,0,No,Yes,22,Yes,Yes,DSL,No,Yes,No,No,Yes,No,Month-to-month,Yes,Mailed check,60.68,1263.71,1,Yes
7656-YV,Male,0,Yes,Yes,61,Yes,Yes,DSL,No,Yes,No,No,Yes,No,Month-to-month,Yes,Credit card (automatic),66.08,4063.86,0,No
7099-YK,Male,0,No,Yes,30,Yes,Yes,Fiber optic,Yes,No,No,No,Yes,No,Month-to-month,Yes,Electronic check,85.35,2533.07,1,Yes
7052-OE,Female,0,Yes,No,69,Yes,Yes,DSL,No,Yes,No,No,No,Yes,One year,No,Bank transfer (automatic),69.42,4763.03,0,No
4568-XL,Male,0,Yes,No,60,Yes,No,DSL,No,No,No,Yes,No,No,Month-to-month,Yes,Mailed check,55.48,3340.93,0,No
3203-OO,Female,0,Yes,No,6,Yes,Yes,Fiber optic,No,No,No,No,No,No,One year,No,Bank transfer (automatic),65.6,359.74,2,No
2925-LT,Male,1,No,No,11,Yes,Yes,No,No internet service,No internet service,No internet service,No internet service,No internet service,No internet service,Month-to-month,No,Bank transfer (automatic),18.5,167.52,1,No
4953-NB,Male,1,Yes,No,24,Yes,No,DSL,No,Yes,No,Yes,Yes,No,Month-to-month,No,Bank transfer (automatic),72.85,1794.74,1,No
1968-ET,Female,0,Yes,Yes,51,Yes,No,No,No internet service,No internet service,No internet service,No internet service,No internet service,No internet service,Month-to-month,No,Credit card (automatic),21.98,1057.77,1,Yes
1281-AW,Female,0,Yes,Yes,19,Yes,Yes,Fiber optic,No,Yes,Yes,Yes,No,Yes,Month-to-month,Yes,Electronic check,100.56,1808.0,1,Yes
2058-FE,Male,0,Yes,Yes,50,Yes,No,DSL,Yes,Yes,Yes,No,Yes,No,Month-to-month,Yes,Electronic check,81.57,4085.85,1,No
6178-EA,Female,0,No,No,3,Yes,Yes,Fiber optic,No,Yes,No,Yes,No,No,Month-to-month,No,Credit card (automatic),82.37,217.19,1,Yes
2229-LJ,Female,0,No,Yes,3,Yes,Yes,No,No internet service,No internet service,No internet service,No internet service,No internet service,No internet service,Two year,No,Bank transfer (automatic),22.26,41.26,2,No
9467-UR,Male,0,No,No,31,Yes,Yes,Fiber optic,No,No,Yes,No,Yes,No,One year,Yes,Credit card (automatic),81.15,2468.0,1,No
2239-KB,Male,0,Yes,No,47,Yes,No,DSL,No,Yes,No,No,Yes,No,One year,Yes,Mailed check,64.65,2961.85,1,No
8473-YG,Male,1,Yes,Yes,8,Yes,No,DSL,No,Yes,Yes,No,Yes,No,Month-to-month,Yes,Mailed check,69.0,584.32,0,Yes
6342-XO,Female,0,No,Yes,17,Yes,Yes,DSL,No,Yes,Yes,Yes,No,No,Month-to-month,Yes,Bank transfer (automatic),66.9,1076.28,3,Yes
7570-RW,Male,0,No,No,45,Yes,Yes,DSL,Yes,No,Yes,No,No,No,Month-to-month,Yes,Electronic check,53.54,2430.65,2,No
8595-FT,Male,0,Yes,Yes,60,Yes,Yes,DSL,No,No,Yes,No,No,Yes,Month-to-month,Yes,Electronic check,69.0,4172.07,1,No
7294-MT,Female,0,No,Yes,21,Yes,No,Fiber optic,No,No,No,Yes,Yes,Yes,Month-to-month,No,Electronic check,92.94,1934.83,3,Yes
2969-JW,Female,0,No,No,70,Yes,No,Fiber optic,No,Yes,No,No,No,No,One year,Yes,Mailed check,70.38,4912.8,1,No
8175-RU,Male,0,Yes,No,21,Yes,No,Fiber optic,No,Yes,No,Yes,No,No,Month-to-month,No,Mailed check,80.1,1677.85,1,Yes
9320-WH,Female,0,No,Yes,58,Yes,No,DSL,No,No,Yes,Yes,Yes,No,One year,Yes,Mailed check,76.82,4495.11,4,No
7812-FE,Female,0,Yes,No,55,Yes,No,DSL,Yes,No,Yes,No,Yes,Yes,Two year,Yes,Credit card (automatic),81.09,4478.68,0,No
2198-BA,Female,0,No,Yes,28,Yes,Yes,DSL,No,No,Yes,No,Yes,No,Month-to-month,No,Electronic check,61.29,1761.06,3,No
6238-ZK,Male,0,No,No,46,Yes,Yes,No,No internet service,No internet service,No internet service,No internet service,No internet service,No internet service,One year,Yes,Mailed check,22.7,1002.83,2,No
7089-RR,Male,0,Yes,No,44,Yes,Yes,Fiber optic,No,No,No,No,Yes,No,Two year,Yes,Credit card (automatic),75.42,3349.69,2,No
8705-HO,Male,1,Yes,No,25,Yes,No,DSL,Yes,No,Yes,No,Yes,No,One year,Yes,Bank transfer (automatic),68.06,1679.73,2,No
1986-HY,Female,0,No,No,71,Yes,No,DSL,No,No,Yes,No,No,No,Month-to-month,No,Mailed check,49.95,3612.41,2,Yes
5909-DA,Male,0,No,No,49,Yes,No,DSL,No,Yes,Yes,No,Yes,No,Month-to-month,Yes,Bank transfer (automatic),73.84,3686.39,1,No
4072-SP,Male,0,Yes,No,46,Yes,Yes,Fiber optic,Yes,Yes,No,Yes,No,No,Month-to-month,No,Mailed check,90.58,4090.04,0,No
4124-PE,Female,0,No,Yes,63,No,No phone service,Fiber optic,No,No,Yes,Yes,No,Yes,Month-to-month,No,Mailed check,84.56,5279.4,1,No
9125-BR,Female,0,No,No,12,Yes,Yes,DSL,No,No,Yes,No,No,No,Month-to-month,Yes,Electronic check,54.63,609.19,0,Yes
1703-FI,Male,1,Yes,No,57,Yes,Yes,DSL,No,No,Yes,No,No,No,Month-to-month,Yes,Electronic check,54.0,3069.02,4,No
8848-YP,Female,0,Yes,No,64,Yes,No,DSL,Yes,No,Yes,Yes,Yes,No,One year,Yes,Electronic check,80.84,5137.26,1,No
7924-IU,Male,0,No,No,31,Yes,Yes,DSL,No,No,Yes,No,Yes,Yes,Two year,No,Mailed check,79.23,2382.94,0,No
4230-IK,Male,0,Yes,No,4,Yes,No,No,No internet service,No internet service,No internet service,No internet service,No internet service,No internet service,One year,Yes,Electronic check,18.5,108.16,3,No
4173-ND,Male,0,Yes,Yes,54,Yes,No,DSL,No,No,Yes,Yes,Yes,Yes,Two year,No,Bank transfer (automatic),87.0,4702.14,2,No
5114-FB,Female,0,No,No,65,Yes,Yes,No,No internet service,No internet service,No internet service,No internet service,No internet service,No internet service,Month-to-month,Yes,Bank transfer (automatic),18.5,1144.23,2,No
8761-MI,Female,0,Yes,Yes,6,Yes,Yes,Fiber optic,No,No,No,Yes,No,No,Month-to-month,Yes,Electronic check,75.6,411.33,2,Yes
2388-KA,Male,0,Yes,Yes,65,Yes,Yes,DSL,Yes,No,No,Yes,Yes,Yes,Two year,Yes,Bank transfer (automatic),88.37,5665.33,0,No
2367-VG,Male,0,Yes,Yes,22,Yes,Yes,Fiber optic,Yes,Yes,No,No,Yes,Yes,One year,No,Mailed check,103.09,2177.54,1,No
3772-OA,Male,1,No,No,17,No,No phone service,DSL,No,No,No,No,Yes,No,Month-to-month,Yes,Mailed check,52.5,788.63,0,Yes
5806-OU,Male,0,No,Yes,59,Yes,No,Fiber optic,No,No,No,No,Yes,No,Month-to-month,No,Credit card (automatic),76.1,4414.86,1,Yes
3875-YA,Female,0,No,No,29,Yes,No,DSL,Yes,No,No,No,No,Yes,Two year,Yes,Electronic check,66.92,1876.36,1,No
9927-QC,Male,0,Yes,No,67,Yes,Yes,DSL,No,No,Yes,No,No,No,Two year,No,Mailed check,56.99,3809.0,2,No
7059-FZ,Male,0,No,Yes,17,Yes,Yes,Fiber optic,Yes,No,Yes,No,Yes,No,Month-to-month,No,Mailed check,96.07,1597.82,1,Yes
8010-HN,Female,0,No,Yes,2,Yes,Yes,DSL,No,No,Yes,No,No,Yes,Month-to-month,Yes,Bank transfer (automatic),66.64,132.09,3,Yes
8117-JB,Male,0,Yes,Yes,32,Yes,No,DSL,No,Yes,No,No,No,Yes,Month-to-month,Yes,Bank transfer (automatic),61.53,1982.94,1,No
3989-IC,Male,0,Yes,No,22,Yes,No,No,No internet service,No internet service,No internet service,No internet service,No internet service,No internet service,Two year,Yes,Electronic check,18.91,481.77,2,Yes
7228-ZH,Male,0,No,Yes,58,Yes,Yes,Fiber optic,No,No,No,Yes,Yes,No,One year,Yes,Bank transfer (automatic),82.14,4731.45,1,No
3863-BF,Male,0,Yes,No,53,Yes,No,Fiber optic,Yes,Yes,No,Yes,Yes,No,One year,Yes,Electronic check,100.33,5333.25,4,No
2177-YL,Male,0,Yes,No,47,Yes,Yes,Fiber optic,No,No,Yes,No,Yes,No,Month-to-month,No,Credit card (automatic),86.53,4104.76,4,Yes
6252-BP,Female,0,Yes,No,4,Yes,No,DSL,No,No,Yes,No,No,No,Month-to-month,Yes,Electronic check,53.05,153.37,4,Yes
9234-PW,Female,0,Yes,No,38,Yes,Yes,DSL,No,Yes,No,Yes,No,Yes,One year,No,Credit card (automatic),69.48,2554.5,4,No
6445-NR,Female,0,Yes,No,13,Yes,Yes,No,No internet service,No internet service,No internet service,No internet service,No internet service,No internet service,Month-to-month,Yes,Credit card (automatic),25.38,284.97,1,No
7570-MU,Female,0,Yes,No,61,Yes,Yes,Fiber optic,No,No,No,Yes,Yes,Yes,Month-to-month,No,Credit card (automatic),97.82,5957.78,2,No
1406-KW,Male,0,No,No,64,Yes,Yes,DSL,No,No,No,No,Yes,No,Month-to-month,No,Electronic check,56.02,3518.19,3,Yes
5431-OU,Female,0,Yes,Yes,33,Yes,Yes,Fiber optic,No,No,Yes,No,Yes,No,One year,No,Electronic check,83.66,2768.72,2,Yes
6243-OY,Female,1,No,No,38,Yes,No,Fiber optic,No,No,No,Yes,Yes,No,One year,Yes,Bank transfer (automatic),89.57,3461.98,0,No
9906-SO,Female,0,Yes,No,29,No,No phone service,Fiber optic,No,Yes,Yes,No,No,Yes,Month-to-month,Yes,Bank transfer (automatic),79.0,2328.96,0,Yes
1140-VS,Female,0,No,Yes,61,Yes,Yes,Fiber optic,No,No,Yes,No,Yes,Yes,Two year,Yes,Bank transfer (automatic),97.76,5883.34,1,No
7012-DP,Female,0,Yes,No,32,Yes,No,DSL,No,No,Yes,No,No,No,Month-to-month,No,Electronic check,54.6,1778.95,0,Yes
9564-TN,Female,0,No,No,11,Yes,No,Fiber optic,No,No,No,Yes,No,No,Month-to-month,Yes,Bank transfer (automatic),79.02,844.35,0,No
4610-OC,Female,0,No,No,18,Yes,Yes,Fiber optic,No,No,No,Yes,Yes,Yes,Month-to-month,No,Mailed check,93.63,1712.07,2,Yes
8311-JD,Female,0,No,No,45,Yes,Yes,Fiber optic,No,No,No,Yes,Yes,No,Two year,Yes,Electronic check,84.72,3789.4,2,No
7787-ZY,Male,0,Yes,No,21,Yes,No,No,No internet service,No internet service,No internet service,No internet service,No internet service,No internet service,Month-to-month,No,Bank transfer (automatic),18.5,370.68,4,No
5445-KG,Female,0,No,Yes,12,No,No phone service,Fiber optic,No,No,No,No,No,No,One year,Yes,Electronic check,54.45,666.95,1,Yes
8052-GX,Male,0,Yes,No,20,Yes,Yes,DSL,No,Yes,Yes,No,No,Yes,Month-to-month,No,Bank transfer (automatic),70.67,1492.3,1,No
9105-JX,Female,0,Yes,Yes,7,Yes,No,DSL,Yes,No,No,No,No,No,Month-to-month,Yes,Bank transfer (automatic),52.68,379.43,0,No
9227-TD,Female,0,Yes,No,71,Yes,No,Fiber optic,No,Yes,Yes,Yes,No,No,Month-to-month,Yes,Bank transfer (automatic),90.03,6346.31,0,No
2798-VA,Female,0,No,No,2,Yes,No,DSL,No,Yes,Yes,No,Yes,No,Two year,No,Mailed check,70.05,132.51,0,No
6291-XM,Male,0,Yes,Yes,43,Yes,Yes,DSL,No,Yes,No,No,Yes,Yes,One year,Yes,Electronic check,77.27,3379.05,1,No
7284-WV,Male,0,No,No,21,No,No phone service,Fiber optic,No,Yes,Yes,No,Yes,No,One year,No,Electronic check,83.06,1766.89,3,No
8285-UV,Female,0,Yes,Yes,29,No,No phone service,Fiber optic,Yes,Yes,Yes,No,Yes,No,Month-to-month,Yes,Mailed check,90.82,2551.68,2,No
4097-IO,Male,0,Yes,Yes,32,No,No phone service,Fiber optic,Yes,No,Yes,No,No,No,Month-to-month,No,Credit card (automatic),70.39,2264.77,2,Yes
1009-XZ,Female,0,No,No,45,Yes,No,DSL,No,No,No,No,No,No,Month-to-month,No,Credit card (automatic),47.36,2175.04,2,Yes
6752-JH,Male,0,Yes,Yes,59,Yes,No,DSL,No,Yes,No,No,Yes,Yes,One year,No,Mailed check,73.42,4432.33,2,No
7295-PQ,Male,0,No,No,3,Yes,Yes,DSL,Yes,Yes,No,No,Yes,Yes,Month-to-month,Yes,Bank transfer (automatic),82.23,179.49,0,Yes
4225-ED,Male,0,No,Yes,39,Yes,No,Fiber optic,Yes,No,Yes,Yes,No,No,One year,Yes,Electronic check,87.53,3370.9,3,No
7807-SD,Female,0,No,Yes,51,Yes,No,Fiber optic,No,Yes,No,No,No,Yes,Two year,No,Electronic check,85.52,4408.39,2,No
8227-GJ,Male,0,No,Yes,8,Yes,No,DSL,Yes,No,No,No,No,No,Two year,Yes,Bank transfer (automatic),54.13,417.6,2,No
8000-RS,Male,0,Yes,No,46,Yes,Yes,DSL,No,No,Yes,Yes,No,No,Month-to-month,No,Electronic check,64.17,2934.06,2,No
4040-WR,Female,0,Yes,Yes,66,No,No phone service,DSL,No,Yes,No,No,Yes,No,Month-to-month,Yes,Mailed check,51.75,3387.58,1,No
1482-LB,Male,1,Yes,No,6,Yes,Yes,Fiber optic,No,No,No,No,Yes,No,Month-to-month,No,Electronic check,82.77,512.94,1,Yes
1630-UQ,Female,0,Yes,No,58,Yes,Yes,DSL,Yes,No,No,Yes,Yes,No,Month-to-month,Yes,Credit card (automatic),74.18,4349.28,0,No
9853-PE,Female,0,No,Yes,41,Yes,Yes,DSL,No,No,Yes,No,Yes,No,Month-to-month,Yes,Mailed check,62.45,2535.67,1,Yes
1987-GK,Male,0,No,Yes,54,Yes,Yes,DSL,No,No,No,No,No,No,Month-to-month,Yes,Electronic check,48.14,2529.8,1,No
9841-IN,Female,0,No,No,41,Yes,No,Fiber optic,No,Yes,Yes,No,Yes,Yes,Month-to-month,Yes,Credit card (automatic),104.95,4331.9,1,Yes
2100-YY,Male,0,No,No,48,Yes,No,DSL,No,Yes,No,No,No,No,One year,No,Mailed check,51.78,2433.14,2,No
1769-CG,Male,0,Yes,No,70,No,No phone service,DSL,No,No,Yes,No,No,Yes,Two year,Yes,Credit card (automatic),52.93,3732.89,1,No
7780-GI,Female,1,No,No,27,Yes,No,DSL,No,No,No,Yes,Yes,Yes,One year,No,Electronic check,76.9,2077.51,0,No
7602-GX,Male,0,No,No,47,Yes,Yes,DSL,Yes,Yes,No,No,No,Yes,Month-to-month,Yes,Electronic check,72.67,3403.45,1,No
3349-SD,Male,0,Yes,No,23,Yes,No,Fiber optic,Yes,Yes,No,No,Yes,Yes,Month-to-month,No,Mailed check,104.12,2355.06,1,Yes
2241-FJ,Female,0,No,No,14,No,No phone service,DSL,Yes,No,No,No,No,No,Month-to-month,No,Electronic check,38.88,529.51,1,No
7764-ND,Female,0,No,Yes,61,Yes,No,Fiber optic,Yes,No,Yes,No,No,No,Two year,Yes,Mailed check,79.06,4817.91,2,No
8843-CI,Male,0,Yes,Yes,67,Yes,No,No,No internet service,No internet service,No internet service,No internet service,No internet service,No internet service,One year,Yes,Electronic check,22.15,1468.75,0,No
6472-FI,Female,0,Yes,No,25,Yes,No,Fiber optic,Yes,No,No,Yes,No,No,Two year,No,Electronic check,80.28,2076.78,3,No
1707-MQ,Female,0,Yes,No,65,Yes,No,DSL,Yes,Yes,No,No,No,No,Month-to-month,Yes,Electronic check,57.39,3733.05,3,Yes
4713-EL,Female,0,Yes,Yes,24,Yes,No,DSL,No,Yes,Yes,No,No,Yes,Month-to-month,Yes,Electronic check,72.91,1686.44,0,No
4610-UH,Female,1,No,No,53,Yes,Yes,Fiber optic,No,No,Yes,No,No,No,Month-to-month,Yes,Credit card (automatic),77.03,4028.25,2,No
8397-HR,Male,0,No,No,50,No,No phone service,Fiber optic,Yes,Yes,No,No,No,Yes,Month-to-month,No,Electronic check,83.64,4192.38,1,Yes
9258-VL,Male,0,No,No,1,Yes,No,No,No internet service,No internet service,No internet service,No internet service,No internet service,No internet service,Two year,No,Credit card (automatic),18.5,18.5,0,No
3428-ZC,Female,0,No,Yes,39,Yes,No,No,No internet service,No internet service,No internet service,No internet service,No internet service,No internet service,One year,Yes,Mailed check,19.77,832.88,4,No
9533-FB,Male,1,No,No,44,No,No phone service,Fiber optic,Yes,No,Yes,Yes,Yes,Yes,Month-to-month,Yes,Electronic check,105.97,4730.63,2,Yes
6291-BF,Female,0,No,Yes,5,Yes,Yes,DSL,No,No,No,No,Yes,Yes,Two year,Yes,Credit card (automatic),65.91,260.63,2,No
4874-BW,Female,0,Yes,Yes,68,Yes,No,DSL,No,No,Yes,No,No,Yes,One year,No,Bank transfer (automatic),67.93,4632.89,1,No
5211-HV,Male,1,Yes,Yes,72,Yes,Yes,Fiber optic,No,No,Yes,No,No,No,Month-to-month,Yes,Bank transfer (automatic),74.11,5356.42,1,No
4374-YW,Male,0,Yes,No,65,Yes,No,Fiber optic,No,Yes,No,No,No,No,Month-to-month,No,Electronic check,73.22,4835.93,1,Yes
1207-JY,Male,0,Yes,No,15,Yes,No,Fiber optic,Yes,No,No,Yes,No,No,Two year,No,Bank transfer (automatic),76.02,1199.3,4,No
4083-QP,Male,0,No,No,50,Yes,No,Fiber optic,No,No,No,No,Yes,No,One year,No,Electronic check,80.5,3970.41,2,No
4719-TC,Female,0,Yes,No,6,Yes,Yes,Fiber optic,No,No,Yes,Yes,Yes,No,Two year,No,Electronic check,93.09,539.27,1,No
2679-MW,Female,1,No,No,66,No,No phone service,Fiber optic,No,No,No,No,No,No,Two year,Yes,Credit card (automatic),52.71,3428.39,1,No
5443-SH,Male,0,No,Yes,69,Yes,Yes,DSL,Yes,No,No,No,No,Yes,Month-to-month,Yes,Electronic check,63.27,4338.85,1,No
7099-HX,Female,0,Yes,Yes,39,Yes,No,Fiber optic,No,No,No,Yes,Yes,Yes,One year,Yes,Bank transfer (automatic),95.56,3668.86,1,No
9555-AY,Male,1,Yes,No,29,Yes,Yes,DSL,No,Yes,No,No,No,No,Month-to-month,Yes,Mailed check,53.18,1456.47,0,No
1285-UT,Male,0,Yes,No,46,Yes,No,Fiber optic,Yes,Yes,Yes,Yes,No,Yes,Month-to-month,Yes,Mailed check,108.35,5096.35,3,No
5037-VR,Male,0,Yes,No,31,Yes,No,DSL,No,No,Yes,Yes,No,No,One year,No,Bank transfer (automatic),59.66,1761.7,1,No
5895-AU,Female,0,No,No,24,Yes,No,Fiber optic,No,Yes,Yes,Yes,Yes,No,Month-to-month,Yes,Electronic check,101.95,2478.41,4,Yes
3785-ND,Female,0,Yes,No,15,Yes,No,No,No internet service,No internet service,No internet service,No internet service,No internet service,No internet service,Month-to-month,Yes,Mailed check,20.21,248.93,1,No
5576-WR,Male,0,Yes,No,20,Yes,Yes,Fiber optic,No,Yes,Yes,No,No,No,Month-to-month,Yes,Mailed check,78.01,1467.82,3,Yes
3408-UB,Male,1,Yes,No,4,No,No phone service,DSL,No,Yes,No,No,No,Yes,One year,Yes,Bank transfer (automatic),47.14,140.1,0,No
3496-KC,Male,0,Yes,No,58,Yes,Yes,DSL,No,Yes,No,Yes,No,Yes,Month-to-month,Yes,Mailed check,78.85,4624.72,0,No
6299-WZ,Male,0,Yes,No,61,No,No phone service,DSL,No,No,Yes,No,Yes,Yes,Month-to-month,No,Credit card (automatic),73.46,4520.77,2,No
4267-RW,Female,0,No,No,10,Yes,No,No,No internet service,No internet service,No internet service,No internet service,No internet service,No internet service,Month-to-month,Yes,Credit card (automatic),18.5,261.87,0,No
9453-CV,Female,0,Yes,No,41,Yes,No,Fiber optic,No,No,Yes,Yes,Yes,No,Month-to-month,No,Credit card (automatic),89.51,3681.02,0,Yes
5437-ET,Male,0,No,No,53,Yes,No,Fiber optic,Yes,Yes,No,No,Yes,Yes,Month-to-month,Yes,Credit card (automatic),102.91,5367.97,0,No
5107-OQ,Male,0,No,No,71,Yes,Yes,DSL,No,No,Yes,No,Yes,No,Month-to-month,Yes,Bank transfer (automatic),63.69,4499.83,0,No
9785-MC,Female,1,No,No,48,Yes,No,Fiber optic,No,No,No,No,No,No,Month-to-month,Yes,Bank transfer (automatic),64.83,3138.58,1,Yes
8629-FC,Male,0,Yes,No,15,Yes,No,DSL,Yes,No,No,No,Yes,No,Month-to-month,Yes,Credit card (automatic),66.96,1003.44,3,Yes
8693-IO,Female,0,Yes,No,7,Yes,No,DSL,No,Yes,No,No,No,No,Two year,No,Bank transfer (automatic),49.76,310.18,0,No
8842-BB,Female,0,Yes,No,72,Yes,No,DSL,No,No,Yes,No,No,No,Two year,Yes,Credit card (automatic),53.46,3802.26,0,No
3978-RN,Male,0,Yes,No,71,Yes,No,DSL,No,No,No,No,Yes,No,One year,Yes,Credit card (automatic),54.27,3867.91,1,No
6907-RJ,Female,0,No,No,43,Yes,No,DSL,No,Yes,No,Yes,No,No,One year,No,Bank transfer (automatic),58.86,2557.51,1,No
6656-BY,Female,0,Yes,Yes,4,Yes,No,Fiber optic,No,Yes,Yes,Yes,No,Yes,Two year,No,Mailed check,105.45,431.42,1,No
5259-NA,Female,0,No,No,51,Yes,Yes,DSL,No,No,No,No,No,No,Month-to-month,Yes,Electronic check,52.32,2723.25,1,No
5917-NT,Female,1,No,No,71,Yes,No,DSL,No,No,Yes,No,No,Yes,One year,No,Electronic check,62.31,4327.12,0,No
3530-IF,Male,0,Yes,No,59,No,No phone service,DSL,Yes,No,No,Yes,Yes,No,Month-to-month,No,Electronic check,62.28,3658.73,0,No
2048-MU,Female,0,No,No,41,Yes,Yes,Fiber optic,No,Yes,No,No,No,Yes,Month-to-month,Yes,Credit card (automatic),85.24,3490.98,0,No
3529-HU,Female,0,Yes,No,61,Yes,No,DSL,No,Yes,No,Yes,No,No,Two year,No,Credit card (automatic),54.01,3323.57,0,No
8137-DY,Female,0,Yes,No,30,Yes,Yes,Fiber optic,Yes,Yes,Yes,No,No,Yes,Two year,No,Electronic check,104.42,3202.25,1,No
8340-LM,Male,0,Yes,Yes,18,Yes,Yes,DSL,No,Yes,No,No,Yes,Yes,Month-to-month,Yes,Bank transfer (automatic),70.55,1298.97,0,Yes
9734-NT,Male,0,No,No,30,Yes,No,Fiber optic,No,Yes,No,No,No,No,Two year,Yes,Electronic check,68.76,2073.93,0,No
6777-FK,Male,0,Yes,No,7,Yes,Yes,Fiber optic,Yes,Yes,No,Yes,Yes,No,Month-to-month,No,Bank transfer (automatic),99.01,673.4,1,No
5349-BW,Female,0,No,Yes,52,Yes,No,No,No internet service,No internet service,No internet service,No internet service,No internet service,No internet service,Two year,Yes,Electronic check,24.09,1287.27,2,No
7610-SE,Male,0,Yes,No,48,No,No phone service,Fiber optic,No,Yes,No,No,Yes,Yes,Two year,No,Credit card (automatic),89.93,4321.13,2,No
7488-BK,Male,0,No,No,23,Yes,No,Fiber optic,Yes,Yes,No,No,Yes,No,One year,Yes,Electronic check,91.73,2088.2,2,No
1689-XO,Male,0,Yes,No,37,Yes,Yes,Fiber optic,No,No,Yes,Yes,No,No,Month-to-month,No,Electronic check,81.3,3057.79,1,Yes
9648-WS,Female,0,Yes,Yes,71,Yes,No,Fiber optic,No,Yes,No,No,No,No,Two year,No,Bank transfer (automatic),69.65,4931.89,4,No
6448-NS,Male,0,Yes,Yes,53,Yes,No,Fiber optic,No,No,No,No,Yes,Yes,Month-to-month,Yes,Electronic check,93.53,4967.51,3,Yes
7406-PP,Male,0,Yes,No,45,No,No phone service,DSL,Yes,Yes,No,No,No,No,Month-to-month,No,Electronic check,47.32,2085.88,0,No
7907-AD,Male,0,No,Yes,49,Yes,Yes,Fiber optic,No,Yes,No,No,Yes,No,One year,Yes,Electronic check,83.82,4127.73,2,Yes
2638-HQ,Female,1,Yes,No,49,Yes,Yes,DSL,No,Yes,Yes,Yes,No,Yes,Month-to-month,Yes,Electronic check,78.42,3858.85,0,No
2382-TT,Female,0,No,No,47,Yes,Yes,Fiber optic,No,Yes,No,Yes,No,Yes,Month-to-month,No,Credit card (automatic),96.66,4510.09,1,No
1419-FG,Male,0,Yes,No,25,Yes,Yes,Fiber optic,No,Yes,No,No,No,Yes,One year,Yes,Mailed check,83.94,2139.37,1,Yes
8857-ET,Male,0,Yes,Yes,27,Yes,No,Fiber optic,Yes,No,No,Yes,Yes,No,Month-to-month,No,Electronic check,89.34,2436.43,1,Yes
8870-CG,Male,0,Yes,No,12,Yes,No,Fiber optic,No,No,No,No,No,No,Month-to-month,Yes,Electronic check,62.0,732.53,3,Yes
2549-GE,Female,0,Yes,No,23,Yes,Yes,DSL,No,Yes,No,Yes,No,Yes,Month-to-month,Yes,Electronic check,69.57,1584.19,1,No
7140-VE,Female,0,No,No,17,Yes,Yes,No,No internet service,No internet service,No internet service,No internet service,No internet service,No internet service,Month-to-month,No,Bank transfer (automatic),18.5,318.83,1,Yes
5481-UV,Male,0,No,Yes,44,Yes,Yes,No,No internet service,No internet service,No internet service,No internet service,No internet service,No internet service,One year,Yes,Electronic check,19.61,937.39,3,No
5837-OU,Female,0,No,Yes,71,Yes,No,No,No internet service,No internet service,No internet service,No internet service,No internet service,No internet service,One year,Yes,Mailed check,23.02,1608.02,1,No
7793-WZ,Male,0,No,No,24,Yes,Yes,Fiber optic,No,Yes,Yes,No,No,No,One year,Yes,Mailed check,77.55,1827.15,0,No
7007-GE,Female,0,No,No,71,Yes,No,Fiber optic,Yes,Yes,No,No,No,Yes,Two year,No,Mailed check,90.3,6488.79,2,No
7356-ZR,Male,0,No,No,60,Yes,No,Fiber optic,Yes,No,Yes,No,No,No,Two year,Yes,Bank transfer (automatic),76.43,4694.26,1,No
8380-UR,Female,0,No,Yes,53,Yes,Yes,DSL,Yes,No,No,Yes,Yes,No,One year,Yes,Electronic check,76.45,4010.09,3,No
5268-DQ,Male,1,Yes,No,16,Yes,No,DSL,No,No,No,No,Yes,Yes,One year,Yes,Mailed check,71.16,1139.89,2,No
5592-KU,Female,0,No,No,25,Yes,Yes,DSL,No,No,No,No,Yes,No,Two year,No,Mailed check,56.65,1350.86,2,No
3355-WU,Male,0,No,Yes,66,Yes,Yes,No,No internet service,No internet service,No internet service,No internet service,No internet service,No internet service,Month-to-month,No,Electronic check,20.24,1304.72,1,No
8961-DB,Male,0,Yes,No,50,Yes,Yes,Fiber optic,No,No,No,Yes,No,No,Two year,Yes,Electronic check,68.78,3426.71,0,No
5719-RH,Male,0,No,No,69,Yes,Yes,No,No internet service,No internet service,No internet service,No internet service,No internet service,No internet service,Month-to-month,No,Mailed check,19.22,1326.54,1,No
8394-IT,Male,0,Yes,No,40,Yes,No,DSL,No,No,Yes,No,No,No,Month-to-month,No,Electronic check,52.43,2025.61,4,No
4493-JU,Female,0,No,No,6,Yes,No,DSL,No,Yes,Yes,Yes,No,Yes,Month-to-month,Yes,Credit card (automatic),80.34,474.49,2,No
3672-IQ,Male,1,Yes,No,64,Yes,No,DSL,Yes,Yes,Yes,Yes,No,No,Two year,Yes,Bank transfer (automatic),75.41,4838.58,1,No
4191-II,Female,0,Yes,No,28,Yes,No,DSL,Yes,No,No,No,Yes,Yes,Two year,No,Electronic check,77.5,2145.49,0,No
7272-BP,Female,0,Yes,No,9,Yes,Yes,No,No internet service,No internet service,No internet service,No internet service,No internet service,No internet service,Month-to-month,No,Bank transfer (automatic),22.28,251.7,0,No
7172-AJ,Male,1,No,No,6,No,No phone service,Fiber optic,No,No,Yes,Yes,Yes,Yes,One year,No,Credit card (automatic),94.83,578.48,1,No
9433-ZH,Male,1,Yes,No,17,No,No phone service,Fiber optic,No,No,No,No,No,Yes,Month-to-month,Yes,Credit card (automatic),65.38,1146.73,0,Yes
9980-KW,Male,0,No,No,40,Yes,Yes,Fiber optic,No,No,No,Yes,Yes,Yes,Month-to-month,Yes,Electronic check,100.51,3979.22,1,No
1775-VH,Male,0,No,Yes,45,Yes,No,No,No internet service,No internet service,No internet service,No internet service,No internet service,No internet service,Two year,Yes,Mailed check,24.2,1067.27,1,No
8088-OQ,Female,0,Yes,No,43,Yes,Yes,DSL,No,No,Yes,No,No,No,One year,No,Bank transfer (automatic),51.24,2166.66,1,No
8099-WX,Female,0,No,No,46,Yes,No,No,No internet service,No internet service,No internet service,No internet service,No internet service,No internet service,One year,No,Credit card (automatic),21.09,983.36,0,No
8340-SE,Female,0,Yes,Yes,63,Yes,Yes,Fiber optic,Yes,No,No,No,Yes,No,One year,Yes,Bank transfer (automatic),86.0,5419.01,2,No
8083-AW,Female,0,No,No,1,Yes,Yes,Fiber optic,No,No,No,Yes,No,No,Month-to-month,No,Mailed check,71.71,18.5,0,Yes
5940-HY,Male,1,Yes,Yes,59,Yes,Yes,Fiber optic,No,No,No,Yes,No,Yes,Two year,Yes,Electronic check,87.88,5166.0,1,No
4456-MS,Female,0,Yes,Yes,63,Yes,Yes,DSL,Yes,No,No,No,Yes,Yes,Month-to-month,Yes,Electronic check,73.0,4693.44,1,No
9599-CX,Male,0,Yes,Yes,18,Yes,Yes,Fiber optic,Yes,Yes,No,No,No,Yes,One year,No,Mailed check,89.56,1506.5,5,Yes
2668-TU,Male,0,No,No,65,Yes,Yes,DSL,Yes,No,No,Yes,No,No,Month-to-month,Yes,Electronic check,61.44,3940.62,2,No
1365-DK,Female,0,No,No,20,Yes,No,Fiber optic,No,No,Yes,No,No,No,Month-to-month,Yes,Mailed check,74.83,1548.87,2,Yes
5531-OS,Female,0,Yes,No,56,Yes,No,Fiber optic,No,No,No,No,Yes,Yes,Month-to-month,No,Mailed check,91.03,5098.09,1,No
6510-SS,Female,0,Yes,No,54,Yes,No,DSL,No,Yes,No,No,Yes,Yes,Two year,No,Bank transfer (automatic),75.88,4152.14,0,No
9964-VH,Female,0,No,No,48,Yes,Yes,DSL,No,No,Yes,No,No,No,Month-to-month,No,Electronic check,55.91,2718.22,0,Yes
6439-JF,Female,0,Yes,No,54,Yes,No,No,No internet service,No internet service,No internet service,No internet service,No internet service,No internet service,Two year,No,Mailed check,18.5,1085.35,1,No
7511-QH,Female,0,Yes,Yes,16,Yes,Yes,Fiber optic,No,No,No,No,No,Yes,Two year,No,Bank transfer (automatic),76.59,1130.59,0,Yes
4839-HY,Male,0,Yes,No,20,Yes,No,Fiber optic,Yes,Yes,Yes,Yes,No,No,Month-to-month,Yes,Bank transfer (automatic),98.48,1970.65,1,No
3376-BO,Male,0,Yes,No,47,Yes,No,DSL,Yes,No,No,No,No,Yes,One year,No,Mailed check,62.76,3004.67,1,No
2827-DN,Male,0,No,Yes,7,Yes,Yes,Fiber optic,No,Yes,No,Yes,No,No,Two year,No,Bank transfer (automatic),82.03,645.76,3,No
9569-WR,Female,0,No,Yes,23,Yes,Yes,DSL,No,No,No,No,No,Yes,Month-to-month,No,Mailed check,59.41,1349.12,0,No
3196-DL,Male,0,Yes,No,33,Yes,No,DSL,No,No,No,No,Yes,Yes,Month-to-month,Yes,Credit card (automatic),64.25,2213.66,0,No
6978-HB,Male,0,No,No,40,No,No phone service,DSL,Yes,Yes,Yes,Yes,No,No,One year,Yes,Credit card (automatic),62.3,2450.14,0,No
1780-UP,Male,0,No,Yes,5,Yes,Yes,No,No internet service,No internet service,No internet service,No internet service,No internet service,No internet service,One year,No,Bank transfer (automatic),19.59,90.0,5,No
9714-JO,Male,0,Yes,Yes,45,Yes,Yes,Fiber optic,No,No,No,No,No,Yes,One year,Yes,Bank transfer (automatic),70.27,3206.66,0,No
8569-WI,Male,0,Yes,Yes,41,Yes,Yes,DSL,No,No,No,No,Yes,Yes,Month-to-month,No,Credit card (automatic),66.72,2757.18,2,No
6784-HN,Male,1,No,No,8,Yes,Yes,Fiber optic,Yes,No,Yes,No,Yes,Yes,Month-to-month,Yes,Electronic check,105.53,849.95,0,Yes
7267-ZY,Female,0,Yes,No,50,Yes,Yes,Fiber optic,Yes,No,Yes,No,No,No,Month-to-month,Yes,Bank transfer (automatic),82.75,4141.47,3,Yes
3461-TU,Female,0,Yes,Yes,31,Yes,Yes,Fiber optic,No,No,Yes,No,Yes,Yes,One year,Yes,Bank transfer (automatic),97.31,3027.67,2,No
1685-QX,Female,0,No,Yes,4,Yes,No,Fiber optic,Yes,No,No,No,No,No,Month-to-month,Yes,Credit card (automatic),67.85,410.21,1,No
6341-WG,Male,0,No,No,66,No,No phone service,Fiber optic,Yes,No,No,No,Yes,No,Two year,No,Credit card (automatic),72.03,4760.02,1,No
5875-IO,Female,0,No,Yes,56,Yes,Yes,DSL,Yes,No,Yes,No,No,Yes,Month-to-month,Yes,Mailed check,71.05,3993.57,1,No
8697-UM,Female,0,Yes,No,5,Yes,No,Fiber optic,No,Yes,Yes,No,No,Yes,One year,Yes,Electronic check,91.59,488.61,1,Yes
8165-UH,Male,0,No,Yes,54,Yes,No,DSL,No,No,No,Yes,No,No,Two year,Yes,Electronic check,55.49,2960.46,1,No
1301-HN,Female,0,No,Yes,1,No,No phone service,No,No internet service,No internet service,No internet service,No internet service,No internet service,No internet service,Month-to-month,No,Electronic check,18.5,18.5,0,No
1646-WL,Male,1,No,No,61,Yes,Yes,Fiber optic,Yes,Yes,No,No,Yes,No,Month-to-month,Yes,Electronic check,93.66,5730.15,0,No
9789-VK,Female,0,No,No,7,Yes,No,Fiber optic,No,Yes,No,No,No,No,Month-to-month,No,Bank transfer (automatic),74.85,465.83,1,Yes
8003-MR,Male,0,No,No,30,No,No phone service,No,No internet service,No internet service,No internet service,No internet service,No internet service,No internet service,Month-to-month,Yes,Electronic check,18.5,521.56,0,Yes
5558-TR,Male,0,No,No,15,Yes,No,DSL,Yes,Yes,No,Yes,No,No,Month-to-month,Yes,Bank transfer (automatic),67.87,1028.84,2,No
5082-WX,Female,0,Yes,No,4,Yes,Yes,Fiber optic,No,No,No,Yes,Yes,Yes,Month-to-month,Yes,Electronic check,96.65,403.49,2,Yes
9652-VK,Male,0,No,No,63,Yes,No,Fiber optic,No,No,Yes,No,Yes,Yes,Month-to-month,Yes,Bank transfer (automatic),93.15,5949.47,0,No
2724-AX,Female,0,Yes,No,70,Yes,No,DSL,No,No,No,Yes,Yes,No,Month-to-month,Yes,Bank transfer (automatic),71.0,4974.74,2,No
9706-VS,Male,0,No,No,38,Yes,No,DSL,Yes,No,No,No,Yes,No,One year,Yes,Bank transfer (automatic),66.24,2515.04,0,No
1022-GL,Female,0,No,Yes,47,Yes,No,Fiber optic,No,Yes,No,No,No,No,Two year,No,Electronic check,69.86,3113.51,0,Yes
8295-EO,Female,0,Yes,Yes,60,Yes,No,DSL,No,No,No,No,No,Yes,Month-to-month,Yes,Electronic check,53.52,3168.83,2,No
7279-JZ,Male,0,No,Yes,2,No,No phone service,DSL,Yes,No,Yes,No,No,No,One year,Yes,Credit card (automatic),50.61,197.33,2,No
4727-HA,Female,0,No,No,69,Yes,Yes,No,No internet service,No internet service,No internet service,No internet service,No internet service,No internet service,Month-to-month,Yes,Electronic check,21.72,1405.43,2,No
6995-EC,Female,0,Yes,No,8,Yes,No,Fiber optic,No,No,No,No,Yes,Yes,Month-to-month,No,Electronic check,90.66,803.46,2,Yes
1448-DH,Female,0,Yes,Yes,51,Yes,Yes,Fiber optic,No,No,Yes,No,Yes,Yes,Month-to-month,No,Electronic check,98.46,5010.3,0,Yes
6343-JB,Male,1,Yes,No,19,Yes,Yes,No,No internet service,No internet service,No internet service,No internet service,No internet service,No internet service,Two year,No,Electronic check,20.38,428.25,0,No
3520-JU,Male,0,Yes,Yes,31,Yes,No,DSL,No,Yes,Yes,No,Yes,No,One year,Yes,Bank transfer (automatic),73.17,2270.16,0,Yes
4967-NG,Female,1,No,No,22,No,No phone service,No,No internet service,No internet service,No internet service,No internet service,No internet service,No internet service,One year,Yes,Bank transfer (automatic),18.5,504.22,0,No
3159-MI,Female,0,Yes,No,33,Yes,Yes,Fiber optic,No,Yes,Yes,No,No,No,Month-to-month,Yes,Electronic check,80.37,2553.89,2,No
3547-DV,Male,0,Yes,No,72,Yes,No,DSL,Yes,Yes,Yes,No,Yes,Yes,Month-to-month,Yes,Bank transfer (automatic),89.21,6459.5,1,No
3649-ZV,Male,1,No,Yes,37,No,No phone service,No,No internet service,No internet service,No internet service,No internet service,No internet service,No internet service,Month-to-month,Yes,Credit card (automatic),18.5,776.19,0,No
4083-QN,Female,0,No,No,12,Yes,No,Fiber optic,Yes,No,No,Yes,Yes,No,One year,Yes,Mailed check,89.08,1053.51,2,No
2037-YB,Male,0,Yes,No,69,Yes,No,No,No internet service,No internet service,No internet service,No internet service,No internet service,No internet service,Month-to-month,No,Credit card (automatic),19.17,1351.67,0,No
8604-YT,Male,0,Yes,No,64,No,No phone service,Fiber optic,No,No,No,No,Yes,No,Month-to-month,Yes,Mailed check,66.19,4248.73,3,Yes
3634-PS,Female,0,No,Yes,25,Yes,Yes,Fiber optic,No,Yes,No,No,Yes,No,Two year,No,Credit card (automatic),81.07,1998.36,1,No
8902-WF,Male,0,Yes,Yes,54,Yes,No,Fiber optic,No,No,No,No,No,Yes,Month-to-month,Yes,Mailed check,78.34,4203.12,2,No
8378-EZ,Male,0,No,No,29,Yes,Yes,DSL,Yes,Yes,No,Yes,No,No,Month-to-month,Yes,Electronic check,69.23,2019.67,0,Yes
3179-OD,Male,1,No,No,13,Yes,Yes,Fiber optic,No,No,No,No,No,Yes,One year,No,Electronic check,80.93,974.47,2,No
2929-XV,Female,0,Yes,No,26,Yes,No,DSL,No,Yes,Yes,No,No,Yes,One year,No,Electronic check,72.73,1875.69,1,No
1226-ZE,Male,0,No,No,22,Yes,No,No,No internet service,No internet service,No internet service,No internet service,No internet service,No internet service,Month-to-month,Yes,Mailed check,18.5,335.9,1,Yes
8909-UV,Female,0,Yes,No,10,Yes,Yes,Fiber optic,No,No,No,Yes,No,Yes,Month-to-month,Yes,Mailed check,90.65,878.97,0,No
3023-GU,Male,0,Yes,No,48,Yes,Yes,Fiber optic,No,No,No,Yes,No,Yes,Month-to-month,Yes,Credit card (automatic),84.19,4131.72,1,No
6891-YM,Male,0,No,Yes,42,No,No phone service,Fiber optic,Yes,No,Yes,Yes,No,No,Two year,Yes,Mailed check,76.42,3156.13,0,No
3563-NC,Female,0,Yes,Yes,59,Yes,Yes,DSL,Yes,No,Yes,No,Yes,Yes,Month-to-month,Yes,Mailed check,89.73,5272.79,1,No
5431-ZW,Female,0,No,No,53,Yes,No,Fiber optic,Yes,Yes,Yes,No,No,No,Month-to-month,Yes,Mailed check,88.51,4664.88,1,No
7643-DX,Female,0,No,Yes,40,Yes,Yes,DSL,No,Yes,Yes,No,Yes,Yes,One year,Yes,Credit card (automatic),81.5,3294.8,1,No
1161-RS,Female,0,Yes,No,62,Yes,Yes,DSL,No,No,Yes,No,Yes,Yes,One year,Yes,Mailed check,79.05,4912.51,2,No
4390-NS,Male,0,No,No,6,Yes,Yes,Fiber optic,No,Yes,No,Yes,Yes,Yes,One year,Yes,Credit card (automatic),107.1,651.9,2,Yes
1663-ML,Female,1,Yes,No,4,Yes,No,Fiber optic,No,No,No,Yes,No,Yes,Month-to-month,Yes,Electronic check,90.02,416.39,4,Yes
1541-ZF,Female,0,Yes,No,55,Yes,No,Fiber optic,No,No,Yes,No,No,No,Month-to-month,No,Mailed check,68.6,3725.68,2,Yes
1867-SP,Female,0,No,No,69,Yes,No,DSL,No,Yes,No,No,Yes,No,Two year,No,Bank transfer (automatic),62.19,4247.39,2,No
6469-WQ,Male,0,No,Yes,3,Yes,Yes,Fiber optic,No,No,No,No,No,No,Month-to-month,No,Bank transfer (automatic),63.8,274.92,2,Yes
2169-TQ,Male,0,No,No,7,Yes,No,DSL,Yes,Yes,No,Yes,No,No,Two year,Yes,Bank transfer (automatic),71.93,604.59,0,No
3810-OK,Female,0,No,No,12,Yes,No,DSL,Yes,Yes,No,Yes,No,Yes,Month-to-month,Yes,Bank transfer (automatic),78.62,842.16,2,Yes
2019-VM,Female,0,Yes,No,17,Yes,No,No,No internet service,No internet service,No internet service,No internet service,No internet service,No internet service,Month-to-month,No,Mailed check,18.5,359.87,0,No
2283-TP,Female,0,Yes,Yes,67,Yes,Yes,DSL,No,No,No,No,Yes,No,Month-to-month,Yes,Electronic check,50.18,3326.13,2,Yes
3010-OF,Female,0,Yes,No,70,Yes,No,DSL,Yes,No,Yes,Yes,No,Yes,Month-to-month,Yes,Bank transfer (automatic),79.07,5616.16,1,No
3125-KG,Male,0,No,No,36,Yes,No,Fiber optic,No,Yes,No,Yes,No,No,Month-to-month,No,Electronic check,82.42,2971.08,0,Yes
4471-EY,Female,0,Yes,No,17,Yes,Yes,DSL,Yes,Yes,Yes,No,Yes,Yes,Month-to-month,Yes,Electronic check,91.02,1437.33,0,Yes
9691-JR,Male,0,Yes,Yes,1,Yes,No,DSL,No,No,Yes,Yes,Yes,Yes,Month-to-month,Yes,Electronic check,86.14,101.88,2,Yes
6068-KQ,Female,0,Yes,No,67,Yes,Yes,Fiber optic,No,No,Yes,No,No,No,Two year,Yes,Credit card (automatic),73.34,4943.91,1,No
7397-VM,Female,0,Yes,No,49,Yes,Yes,Fiber optic,No,Yes,No,No,Yes,No,One year,Yes,Electronic check,81.65,4008.23,2,No
3757-QM,Male,0,No,No,51,Yes,No,Fiber optic,No,No,No,No,Yes,No,One year,Yes,Electronic check,76.72,3980.07,3,No
3610-US,Female,1,No,No,71,Yes,Yes,DSL,No,No,No,No,Yes,No,One year,Yes,Bank transfer (automatic),59.53,4282.84,2,No
2449-CN,Female,0,Yes,No,43,Yes,No,No,No internet service,No internet service,No internet service,No internet service,No internet service,No internet service,Month-to-month,Yes,Bank transfer (automatic),20.76,899.53,0,No
6017-SE,Female,0,Yes,No,31,Yes,No,No,No internet service,No internet service,No internet service,No internet service,No internet service,No internet service,One year,No,Mailed check,18.5,471.84,1,Yes
8999-ET,Female,0,No,No,24,Yes,No,DSL,No,No,No,No,No,Yes,Month-to-month,Yes,Bank transfer (automatic),56.62,1370.72,1,No
3096-UJ,Male,0,Yes,No,37,Yes,No,Fiber optic,No,No,Yes,Yes,No,Yes,Two year,Yes,Mailed check,90.63,3343.16,1,Yes
9895-ED,Female,0,No,No,65,Yes,No,Fiber optic,No,Yes,Yes,Yes,Yes,No,Month-to-month,Yes,Bank transfer (automatic),101.46,6590.79,2,No
4331-GG,Female,0,Yes,No,63,Yes,No,Fiber optic,No,No,No,No,No,No,One year,Yes,Mailed check,66.17,4139.76,3,No
6105-CA,Male,0,Yes,No,56,Yes,Yes,No,No internet service,No internet service,No internet service,No internet service,No internet service,No internet service,One year,Yes,Bank transfer (automatic),22.64,1182.91,0,No
3839-YD,Female,0,No,No,18,Yes,No,No,No internet service,No internet service,No internet service,No internet service,No internet service,No internet service,Month-to-month,Yes,Bank transfer (automatic),20.05,307.7,1,No
1685-LY,Male,0,Yes,Yes,65,Yes,Yes,Fiber optic,No,No,No,No,Yes,Yes,Month-to-month,No,Electronic check,83.23,5458.24,2,No
8710-TX,Female,0,Yes,Yes,29,Yes,Yes,DSL,No,No,No,No,Yes,Yes,Two year,Yes,Mailed check,71.99,2141.08,3,No
7868-XL,Female,0,Yes,No,4,Yes,Yes,DSL,No,No,No,No,No,Yes,Month-to-month,No,Mailed check,56.22,308.44,1,No
5713-VG,Female,0,No,Yes,12,Yes,No,DSL,Yes,Yes,Yes,No,Yes,No,Month-to-month,No,Electronic check,79.98,948.11,3,Yes
1162-WN,Male,0,No,No,56,Yes,No,Fiber optic,Yes,No,Yes,No,No,No,Two year,Yes,Credit card (automatic),79.75,4464.73,1,Yes
1631-JP,Male,0,Yes,No,48,Yes,No,No,No internet service,No internet service,No internet service,No internet service,No internet service,No internet service,One year,No,Credit card (automatic),20.09,918.2,0,No
3014-JY,Female,0,No,No,19,Yes,Yes,DSL,Yes,No,Yes,Yes,Yes,Yes,One year,No,Bank transfer (automatic),93.48,1786.61,3,No
1204-FL,Male,1,No,Yes,26,Yes,Yes,Fiber optic,Yes,Yes,Yes,No,No,Yes,One year,Yes,Electronic check,93.37,2424.36,1,No
6347-XK,Female,0,Yes,Yes,38,Yes,No,DSL,No,Yes,Yes,No,Yes,Yes,Month-to-month,Yes,Mailed check,81.96,3044.94,1,No
3643-RZ,Male,0,No,No,25,Yes,Yes,No,No internet service,No internet service,No internet service,No internet service,No internet service,No internet service,Two year,Yes,Credit card (automatic),21.27,555.68,1,No
1874-YU,Female,0,No,No,56,No,No phone service,No,No internet service,No internet service,No internet service,No internet service,No internet service,No internet service,Month-to-month,Yes,Bank transfer (automatic),18.5,949.34,1,No
1689-AG,Male,0,Yes,No,28,No,No phone service,Fiber optic,No,Yes,No,Yes,No,Yes,Month-to-month,Yes,Mailed check,81.94,2236.35,1,Yes
1671-XK,Female,0,Yes,No,61,Yes,No,DSL,No,Yes,Yes,No,Yes,Yes,Two year,No,Electronic check,81.48,4985.7,1,No
2171-XO,Male,0,Yes,Yes,51,Yes,No,DSL,No,Yes,No,No,Yes,No,Month-to-month,Yes,Electronic check,63.34,3181.59,1,No
7342-UJ,Male,0,No,Yes,12,Yes,No,DSL,No,No,Yes,Yes,No,No,Month-to-month,No,Bank transfer (automatic),60.57,697.46,2,Yes
3539-XN,Male,0,No,No,8,No,No phone service,Fiber optic,No,Yes,Yes,Yes,No,Yes,Month-to-month,Yes,Electronic check,93.99,748.61,2,Yes
6432-EZ,Male,0,No,No,58,Yes,No,DSL,No,No,No,No,Yes,Yes,Two year,Yes,Mailed check,67.23,3938.72,0,No
7164-RE,Female,0,No,No,23,Yes,Yes,No,No internet service,No internet service,No internet service,No internet service,No internet service,No internet service,Two year,Yes,Bank transfer (automatic),26.07,665.99,0,No
4670-ZE,Female,1,No,Yes,37,Yes,No,No,No internet service,No internet service,No internet service,No internet service,No internet service,No internet service,Month-to-month,Yes,Electronic check,20.32,711.37,2,Yes
2938-SY,Male,0,No,Yes,11,Yes,Yes,DSL,No,Yes,Yes,No,No,Yes,Two year,Yes,Electronic check,74.14,859.5,3,Yes
7588-IA,Female,0,Yes,No,17,Yes,Yes,DSL,No,Yes,No,No,No,Yes,Month-to-month,Yes,Mailed check,66.16,1106.44,0,No
8345-UD,Male,0,Yes,No,56,No,No phone service,Fiber optic,No,No,Yes,No,Yes,No,Two year,Yes,Electronic check,74.42,4153.41,1,No
7633-YG,Female,0,Yes,Yes,53,Yes,Yes,DSL,No,Yes,No,No,No,Yes,Two year,No,Mailed check,64.58,3428.17,0,No
1597-WA,Male,0,Yes,No,67,Yes,Yes,DSL,No,No,No,Yes,No,Yes,Two year,No,Mailed check,68.62,4661.4,1,No
1572-BZ,Female,0,No,Yes,2,Yes,Yes,Fiber optic,Yes,No,No,Yes,No,No,Month-to-month,Yes,Electronic check,86.43,184.71,1,Yes
3090-IG,Female,0,No,No,29,Yes,Yes,No,No internet service,No internet service,No internet service,No internet service,No internet service,No internet service,Month-to-month,No,Credit card (automatic),18.5,528.91,2,No
5624-BF,Male,0,Yes,Yes,57,Yes,Yes,No,No internet service,No internet service,No internet service,No internet service,No internet service,No internet service,One year,No,Electronic check,18.5,1071.47,1,No
2517-FB,Male,0,No,No,34,Yes,Yes,DSL,Yes,No,No,Yes,Yes,No,Month-to-month,No,Mailed check,73.55,2520.46,2,No
4648-JU,Male,0,Yes,Yes,2,Yes,Yes,Fiber optic,No,No,No,No,Yes,No,Month-to-month,Yes,Electronic check,76.22,62.26,0,Yes
2537-VP,Male,0,No,Yes,31,Yes,Yes,Fiber optic,Yes,No,Yes,No,No,Yes,One year,Yes,Bank transfer (automatic),93.82,2934.48,2,Yes
4137-JB,Male,0,No,No,44,Yes,No,DSL,No,No,Yes,No,No,Yes,One year,No,Credit card (automatic),64.18,2843.04,3,No
4750-VL,Female,0,Yes,No,56,No,No phone service,Fiber optic,No,Yes,No,Yes,No,Yes,Month-to-month,Yes,Mailed check,82.52,4658.78,2,No
9535-OH,Male,0,Yes,No,54,No,No phone service,No,No internet service,No internet service,No internet service,No internet service,No internet service,No internet service,Month-to-month,Yes,Electronic check,18.5,989.3,0,No
6413-JC,Female,1,No,Yes,53,Yes,No,DSL,No,No,Yes,Yes,No,Yes,One year,Yes,Bank transfer (automatic),75.32,3998.1,1,No
2727-SQ,Male,0,No,No,46,Yes,Yes,DSL,No,Yes,Yes,No,No,No,Month-to-month,Yes,Credit card (automatic),60.98,2799.48,1,No
6055-GU,Female,0,No,No,54,Yes,No,Fiber optic,No,Yes,Yes,Yes,No,No,Two year,Yes,Credit card (automatic),86.54,4677.64,1,No
6774-XH,Female,0,Yes,No,31,No,No phone service,DSL,Yes,No,No,Yes,Yes,Yes,Month-to-month,No,Bank transfer (automatic),74.6,2332.14,2,No
2749-TN,Male,0,Yes,Yes,24,Yes,No,Fiber optic,No,Yes,No,No,No,Yes,One year,No,Bank transfer (automatic),86.28,2108.34,2,No
8548-IH,Male,0,No,Yes,25,Yes,No,Fiber optic,Yes,No,Yes,No,No,No,Month-to-month,No,Bank transfer (automatic),80.61,2041.09,1,Yes
3105-ZQ,Female,0,Yes,No,35,Yes,Yes,Fiber optic,Yes,No,Yes,No,No,Yes,Month-to-month,No,Mailed check,90.6,3181.88,1,No
3113-YX,Female,0,No,No,57,Yes,No,DSL,Yes,No,Yes,No,No,Yes,Month-to-month,Yes,Mailed check,75.67,4245.66,1,No
4970-HL,Male,1,No,No,72,Yes,No,Fiber optic,No,No,No,No,No,Yes,Month-to-month,Yes,Electronic check,73.3,5268.73,3,No
8264-JT,Female,0,No,No,69,Yes,No,Fiber optic,No,No,Yes,Yes,No,No,Month-to-month,Yes,Credit card (automatic),83.39,5780.89,2,No
3274-FG,Female,1,No,No,28,Yes,No,DSL,No,No,No,No,No,No,Two year,Yes,Electronic check,52.27,1379.45,1,No
7744-RK,Female,0,Yes,No,33,Yes,No,No,No internet service,No internet service,No internet service,No internet service,No internet service,No internet service,Month-to-month,No,Mailed check,18.5,771.47,2,No
7852-SK,Female,0,No,No,53,Yes,No,Fiber optic,No,Yes,No,No,No,Yes,Month-to-month,No,Credit card (automatic),80.35,4243.94,3,No
3551-LJ,Female,0,No,No,16,Yes,No,DSL,No,Yes,No,Yes,No,No,Two year,Yes,Bank transfer (automatic),66.05,1008.81,1,Yes
1007-XI,Female,0,No,Yes,26,Yes,Yes,DSL,Yes,Yes,Yes,No,Yes,Yes,One year,No,Electronic check,91.27,2349.89,1,No
9676-UH,Male,0,No,Yes,12,Yes,No,DSL,No,Yes,No,No,Yes,No,Month-to-month,Yes,Mailed check,64.66,740.33,1,Yes
7710-IO,Male,1,Yes,Yes,31,Yes,No,No,No internet service,No internet service,No internet service,No internet service,No internet service,No internet service,Month-to-month,No,Credit card (automatic),21.87,738.93,1,Yes
9078-PN,Male,0,No,No,27,Yes,No,No,No internet service,No internet service,No internet service,No internet service,No internet service,No internet service,Two year,No,Bank transfer (automatic),18.5,555.03,0,No
6223-RJ,Male,0,Yes,No,36,Yes,No,DSL,No,Yes,Yes,Yes,Yes,Yes,One year,No,Bank transfer (automatic),94.85,3494.15,3,No
7971-TF,Female,0,Yes,No,59,Yes,Yes,Fiber optic,Yes,No,No,No,No,Yes,Month-to-month,Yes,Mailed check,81.79,4796.65,1,No
3822-PC,Male,0,No,No,3,No,No phone service,DSL,No,No,Yes,Yes,No,No,Two year,Yes,Electronic check,53.5,204.33,3,No
1258-RK,Female,0,Yes,No,32,Yes,Yes,Fiber optic,No,No,No,Yes,Yes,Yes,Month-to-month,Yes,Electronic check,91.93,2933.52,1,Yes
5135-FA,Female,0,No,Yes,15,Yes,No,DSL,No,Yes,No,No,No,No,One year,Yes,Credit card (automatic),53.43,846.83,2,No
4200-WH,Male,0,Yes,No,66,Yes,No,DSL,No,Yes,No,Yes,Yes,Yes,Month-to-month,No,Bank transfer (automatic),85.53,5563.74,2,No
1612-PK,Male,1,Yes,No,63,Yes,No,Fiber optic,No,No,No,No,No,No,Two year,Yes,Electronic check,66.22,4171.88,3,No
9804-DF,Female,0,Yes,Yes,1,Yes,No,Fiber optic,Yes,Yes,No,Yes,No,Yes,Two year,Yes,Mailed check,105.81,58.01,1,No
7509-VS,Male,1,Yes,Yes,5,No,No phone service,Fiber optic,No,No,No,Yes,Yes,Yes,One year,No,Bank transfer (automatic),87.34,366.84,2,No
3591-IL,Male,0,No,Yes,6,Yes,No,No,No internet service,No internet service,No internet service,No internet service,No internet service,No internet service,One year,Yes,Bank transfer (automatic),25.12,115.79,1,No
8183-AM,Female,0,No,No,5,Yes,Yes,No,No internet service,No internet service,No internet service,No internet service,No internet service,No internet service,Two year,No,Credit card (automatic),18.5,35.13,2,No
6108-UM,Female,0,No,Yes,28,Yes,No,Fiber optic,Yes,No,No,Yes,Yes,No,Two year,No,Electronic check,100.57,2758.18,0,No
8329-DF,Female,0,Yes,No,69,No,No phone service,DSL,No,No,Yes,Yes,No,No,One year,No,Bank transfer (automatic),49.06,3446.3,2,No
2529-WE,Female,0,No,No,44,Yes,Yes,Fiber optic,Yes,No,No,Yes,Yes,No,Month-to-month,No,Bank transfer (automatic),96.09,4225.14,2,No
7274-AD,Female,1,No,No,16,Yes,No,DSL,No,Yes,Yes,No,No,No,Month-to-month,Yes,Credit card (automatic),60.91,901.29,2,No
4864-TB,Female,0,Yes,No,71,Yes,No,DSL,No,Yes,No,No,No,No,One year,Yes,Credit card (automatic),51.0,3617.77,2,No
8833-EC,Male,1,No,No,22,Yes,No,Fiber optic,No,No,No,No,Yes,No,One year,Yes,Bank transfer (automatic),80.14,1753.12,2,Yes
1264-TF,Male,0,No,Yes,23,Yes,Yes,Fiber optic,No,No,No,Yes,No,Yes,Month-to-month,Yes,Mailed check,86.96,1971.56,0,No
1645-SL,Male,0,Yes,Yes,43,Yes,Yes,DSL,Yes,Yes,No,No,No,Yes,Two year,Yes,Electronic check,73.69,3182.89,3,No
8544-KB,Female,0,No,Yes,68,Yes,No,Fiber optic,No,Yes,No,No,No,Yes,Month-to-month,No,Credit card (automatic),82.33,5583.93,1,No
3990-LL,Female,0,Yes,No,43,Yes,Yes,DSL,No,No,Yes,Yes,No,No,One year,Yes,Credit card (automatic),62.68,2659.12,0,No
3504-UX,Male,0,Yes,No,26,Yes,No,Fiber optic,No,Yes,No,Yes,Yes,Yes,Month-to-month,Yes,Mailed check,102.78,2662.34,0,Yes
1587-ZP,Male,1,Yes,No,41,Yes,No,Fiber optic,No,Yes,Yes,No,Yes,Yes,Month-to-month,No,Electronic check,101.7,4219.06,0,No
4348-XZ,Male,0,No,No,70,No,No phone service,Fiber optic,Yes,Yes,No,No,No,No,Month-to-month,No,Credit card (automatic),67.13,4760.59,5,Yes
9381-AU,Female,1,Yes,Yes,31,Yes,No,Fiber optic,No,No,No,No,No,Yes,Month-to-month,No,Mailed check,79.51,2492.47,2,Yes
2715-BI,Male,0,Yes,No,17,Yes,Yes,No,No internet service,No internet service,No internet service,No internet service,No internet service,No internet service,Month-to-month,No,Bank transfer (automatic),19.86,378.83,4,No
7450-OR,Male,0,No,Yes,9,Yes,No,DSL,No,Yes,No,Yes,No,Yes,Month-to-month,No,Bank transfer (automatic),70.24,678.46,2,Yes
6433-KY,Male,0,No,Yes,55,Yes,No,DSL,No,Yes,No,No,No,Yes,Two year,No,Bank transfer (automatic),66.94,3737.25,0,No
3326-PV,Female,0,No,No,6,Yes,No,Fiber optic,No,Yes,No,No,Yes,Yes,Month-to-month,Yes,Electronic check,89.96,640.73,1,Yes
7416-EL,Male,0,Yes,No,70,Yes,Yes,Fiber optic,No,No,No,Yes,Yes,No,Two year,Yes,Bank transfer (automatic),83.84,5813.37,1,No
2674-OC,Male,1,No,Yes,64,Yes,Yes,Fiber optic,No,No,Yes,No,No,Yes,One year,No,Mailed check,82.83,5337.57,1,No
9915-PB,Female,1,Yes,No,4,Yes,No,DSL,No,Yes,Yes,No,No,Yes,One year,Yes,Bank transfer (automatic),69.09,389.13,2,No
2089-CH,Female,0,No,No,67,Yes,Yes,Fiber optic,Yes,No,Yes,No,No,Yes,One year,No,Credit card (automatic),95.05,6290.89,3,No
1155-OG,Female,0,No,Yes,56,Yes,Yes,Fiber optic,No,No,No,Yes,Yes,No,Two year,No,Credit card (automatic),89.1,5069.64,2,No
7344-TA,Female,0,No,Yes,18,Yes,No,DSL,No,No,Yes,Yes,No,No,One year,Yes,Mailed check,62.94,1078.18,3,No
6063-WW,Female,0,No,No,32,Yes,Yes,Fiber optic,No,Yes,Yes,No,No,No,One year,No,Bank transfer (automatic),75.14,2440.23,1,No
9831-CD,Male,0,No,No,48,Yes,Yes,Fiber optic,No,No,No,Yes,No,No,Month-to-month,Yes,Electronic check,72.57,3487.86,1,No
1441-YO,Male,0,No,No,29,Yes,Yes,Fiber optic,No,No,No,No,No,Yes,Two year,No,Electronic check,77.63,2255.8,3,Yes
6925-OU,Female,0,Yes,Yes,32,Yes,Yes,DSL,Yes,No,Yes,Yes,Yes,No,Month-to-month,Yes,Electronic check,83.35,2481.18,2,No
7370-YU,Female,0,Yes,No,25,Yes,No,DSL,Yes,No,No,No,Yes,No,Month-to-month,No,Electronic check,64.31,1491.03,0,Yes
1948-NT,Female,0,No,No,63,Yes,Yes,Fiber optic,Yes,No,Yes,Yes,Yes,Yes,Month-to-month,Yes,Bank transfer (automatic),113.86,7147.02,3,No
7115-LQ,Female,0,Yes,No,9,Yes,No,DSL,No,Yes,No,Yes,Yes,No,Month-to-month,Yes,Electronic check,75.13,670.36,1,Yes
5646-IC,Male,0,No,Yes,71,Yes,No,Fiber optic,No,No,No,No,Yes,Yes,Month-to-month,No,Electronic check,91.79,6539.15,2,No
2787-MO,Male,0,No,No,14,Yes,No,DSL,No,No,Yes,No,No,No,Two year,No,Electronic check,53.2,708.11,2,No
2138-AF,Female,0,Yes,No,20,Yes,Yes,DSL,No,No,Yes,No,No,No,Two year,Yes,Credit card (automatic),50.78,1002.36,2,No
8418-WB,Female,1,No,No,10,Yes,No,DSL,No,No,No,Yes,Yes,Yes,One year,Yes,Electronic check,77.57,721.92,3,Yes
7701-FN,Female,0,No,No,11,Yes,No,No,No internet service,No internet service,No internet service,No internet service,No internet service,No internet service,Month-to-month,No,Bank transfer (automatic),18.6,144.51,0,Yes
3659-UH,Female,0,No,No,39,Yes,No,Fiber optic,No,No,Yes,No,No,Yes,One year,Yes,Credit card (automatic),86.57,3345.0,1,Yes
6661-NT,Male,0,Yes,No,19,Yes,Yes,Fiber optic,No,No,No,No,No,Yes,Month-to-month,No,Credit card (automatic),76.58,1344.6,0,Yes
9472-HX,Female,0,No,No,19,Yes,Yes,Fiber optic,No,No,No,Yes,No,Yes,Month-to-month,No,Credit card (automatic),92.16,1774.3,1,No
5249-FW,Female,0,Yes,No,43,Yes,Yes,Fiber optic,No,No,Yes,Yes,No,Yes,Month-to-month,No,Mailed check,92.24,4000.68,1,No
5757-PY,Male,0,No,No,61,Yes,No,DSL,No,Yes,Yes,Yes,Yes,No,One year,Yes,Mailed check,76.71,4743.47,1,No
5178-NS,Female,0,No,No,70,Yes,Yes,DSL,Yes,No,No,Yes,No,Yes,Month-to-month,Yes,Electronic check,81.93,5867.11,2,Yes
3946-JS,Male,1,Yes,No,72,Yes,No,No,No internet service,No internet service,No internet service,No internet service,No internet service,No internet service,One year,Yes,Electronic check,22.96,1619.08,0,No
8880-TM,Female,0,No,Yes,65,Yes,No,Fiber optic,No,No,No,No,No,No,Two year,Yes,Credit card (automatic),61.71,4082.5,0,No
8230-IW,Female,1,Yes,No,23,Yes,Yes,No,No internet service,No internet service,No internet service,No internet service,No internet service,No internet service,Month-to-month,Yes,Credit card (automatic),18.5,408.17,0,Yes
2531-SO,Male,1,No,Yes,60,Yes,Yes,Fiber optic,No,Yes,Yes,No,No,Yes,Month-to-month,No,Electronic check,97.37,5860.1,3,Yes
8155-NX,Female,0,No,No,10,No,No phone service,DSL,Yes,No,No,Yes,No,Yes,Two year,No,Credit card (automatic),61.13,634.12,3,No
1933-UD,Male,0,Yes,Yes,63,Yes,No,DSL,Yes,No,No,Yes,No,Yes,One year,Yes,Credit card (automatic),73.93,4711.63,2,No
1285-IA,Male,0,Yes,No,2,Yes,No,No,No internet service,No internet service,No internet service,No internet service,No internet service,No internet service,Two year,Yes,Electronic check,21.51,28.92,1,Yes
2762-IN,Male,0,No,No,36,Yes,No,DSL,No,Yes,No,No,No,Yes,Month-to-month,Yes,Credit card (automatic),67.46,2327.0,2,No
1040-DD,Female,1,Yes,Yes,57,Yes,No,DSL,No,Yes,No,No,No,No,Month-to-month,Yes,Electronic check,58.18,3298.35,2,No
1987-HB,Female,0,Yes,No,66,Yes,Yes,DSL,No,Yes,Yes,Yes,Yes,Yes,Month-to-month,No,Bank transfer (automatic),94.23,6316.77,2,No
8804-NV,Male,0,Yes,Yes,20,Yes,No,Fiber optic,No,No,No,No,No,No,Two year,Yes,Credit card (automatic),70.63,1425.66,2,No
4198-WP,Female,0,Yes,No,42,Yes,No,DSL,No,No,Yes,No,Yes,Yes,Month-to-month,Yes,Bank transfer (automatic),79.44,3411.81,2,No
3524-QP,Female,1,No,No,21,Yes,Yes,DSL,No,Yes,No,No,No,Yes,Two year,Yes,Electronic check,67.48,1490.62,2,No
6154-KN,Female,0,No,No,66,Yes,Yes,Fiber optic,No,No,Yes,No,No,No,Month-to-month,Yes,Credit card (automatic),74.05,4901.47,2,No
2492-UE,Male,1,Yes,No,38,Yes,No,DSL,No,Yes,No,Yes,Yes,Yes,Month-to-month,No,Electronic check,83.0,3129.25,2,No
8851-AU,Male,0,Yes,No,69,Yes,No,DSL,Yes,Yes,No,Yes,No,No,Month-to-month,No,Mailed check,74.59,5115.03,2,No
3044-II,Female,0,Yes,No,24,Yes,Yes,DSL,No,No,Yes,No,Yes,No,Month-to-month,Yes,Electronic check,63.04,1530.41,3,Yes
5577-XA,Male,0,No,No,26,Yes,Yes,DSL,No,No,No,No,Yes,Yes,One year,No,Bank transfer (automatic),71.81,1898.23,0,No
8468-WO,Female,0,No,No,2,Yes,Yes,Fiber optic,No,Yes,Yes,No,No,Yes,Month-to-month,No,Electronic check,85.46,243.48,1,Yes
2447-LV,Female,0,No,No,46,Yes,No,DSL,No,No,Yes,Yes,No,No,Two year,Yes,Electronic check,63.08,2844.58,2,No
7317-OO,Female,0,No,Yes,34,No,No phone service,Fiber optic,Yes,No,No,No,Yes,Yes,Month-to-month,No,Mailed check,91.38,3060.15,2,No
7748-VH,Male,0,No,Yes,62,Yes,No,DSL,Yes,Yes,Yes,No,Yes,No,One year,Yes,Bank transfer (automatic),75.59,4701.49,2,No
8986-FT,Male,0,No,Yes,41,Yes,No,Fiber optic,No,No,No,No,No,No,Two year,Yes,Mailed check,66.44,2673.94,2,No
4740-SD,Female,0,Yes,No,15,Yes,No,Fiber optic,No,No,Yes,Yes,No,No,One year,Yes,Credit card (automatic),75.65,1169.32,2,No
2846-GD,Male,0,No,No,55,Yes,No,Fiber optic,No,Yes,Yes,No,Yes,Yes,One year,Yes,Credit card (automatic),103.14,5678.73,2,No
6525-LM,Female,0,No,Yes,3,Yes,No,Fiber optic,No,Yes,No,No,Yes,No,Month-to-month,No,Mailed check,87.57,222.28,0,Yes
9770-VL,Male,0,Yes,Yes,38,Yes,No,DSL,No,Yes,Yes,No,No,No,Month-to-month,No,Bank transfer (automatic),57.46,2289.93,2,No
1193-XB,Male,0,No,No,51,Yes,Yes,Fiber optic,Yes,No,Yes,No,Yes,Yes,Month-to-month,Yes,Credit card (automatic),105.48,5391.52,3,Yes
3394-WI,Male,1,No,Yes,17,Yes,No,Fiber optic,No,Yes,Yes,Yes,No,No,One year,Yes,Credit card (automatic),89.23,1558.84,1,No
5005-FV,Female,0,No,No,49,Yes,Yes,Fiber optic,No,No,Yes,No,No,No,Two year,No,Electronic check,70.39,3491.62,3,No
4736-RQ,Female,0,Yes,No,21,Yes,No,DSL,Yes,Yes,Yes,Yes,Yes,No,Two year,No,Electronic check,86.62,1890.92,1,No
7716-LF,Female,1,No,No,24,No,No phone service,DSL,No,No,Yes,No,Yes,Yes,Month-to-month,Yes,Bank transfer (automatic),67.94,1667.07,0,Yes
9921-HS,Male,1,Yes,Yes,40,Yes,Yes,Fiber optic,No,Yes,Yes,No,Yes,Yes,Two year,No,Credit card (automatic),105.67,4237.79,1,No
4451-JA,Female,0,No,No,20,Yes,No,Fiber optic,Yes,Yes,No,No,No,No,One year,No,Bank transfer (automatic),75.44,1488.61,1,No
3800-CH,Female,0,No,No,35,Yes,No,Fiber optic,Yes,Yes,No,No,No,Yes,Month-to-month,No,Bank transfer (automatic),98.86,3511.14,2,Yes
9333-CP,Female,0,No,Yes,48,Yes,Yes,Fiber optic,Yes,Yes,No,No,No,Yes,Month-to-month,Yes,Credit card (automatic),90.87,4436.24,2,Yes
7892-TX,Female,0,Yes,No,33,Yes,Yes,DSL,Yes,No,No,No,Yes,Yes,Month-to-month,No,Electronic check,78.92,2681.89,1,No
6808-MF,Male,0,No,No,56,Yes,Yes,Fiber optic,No,No,No,Yes,Yes,Yes,One year,Yes,Mailed check,99.75,5669.47,0,No
2325-QH,Male,0,Yes,Yes,41,No,No phone service,Fiber optic,No,No,No,No,Yes,Yes,Month-to-month,No,Credit card (automatic),79.6,3276.55,0,No
5650-TA,Female,0,No,No,54,Yes,No,Fiber optic,No,No,No,No,No,Yes,Month-to-month,No,Electronic check,75.66,4064.24,1,Yes
5697-GU,Male,1,No,Yes,44,Yes,No,DSL,No,Yes,No,No,Yes,No,One year,No,Mailed check,62.56,2729.96,0,No
4828-QJ,Male,0,Yes,No,72,Yes,No,Fiber optic,No,No,Yes,No,Yes,No,Two year,Yes,Mailed check,82.95,5968.85,1,No
6482-VI,Male,0,Yes,No,11,No,No phone service,DSL,No,No,Yes,No,No,No,One year,Yes,Electronic check,40.28,510.03,0,Yes
2800-XE,Male,1,No,Yes,14,Yes,No,No,No internet service,No internet service,No internet service,No internet service,No internet service,No internet service,Month-to-month,No,Electronic check,18.5,357.59,2,No
5912-IQ,Male,0,Yes,Yes,42,Yes,No,Fiber optic,No,No,No,Yes,Yes,No,Month-to-month,Yes,Mailed check,88.24,3759.57,1,No
1855-US,Female,0,No,No,12,No,No phone service,Fiber optic,No,No,No,No,No,Yes,Two year,Yes,Credit card (automatic),64.61,723.36,3,No
1182-IG,Male,0,Yes,No,17,Yes,No,Fiber optic,No,Yes,Yes,No,No,No,Two year,Yes,Electronic check,87.34,1432.64,1,Yes
5492-KN,Female,0,Yes,No,25,Yes,Yes,No,No internet service,No internet service,No internet service,No internet service,No internet service,No internet service,Month-to-month,Yes,Electronic check,21.88,559.1,1,Yes
6002-MN,Female,0,No,No,26,Yes,No,No,No internet service,No internet service,No internet service,No internet service,No internet service,No internet service,Month-to-month,Yes,Electronic check,20.13,459.05,0,Yes
4628-AH,Female,0,No,No,47,Yes,Yes,DSL,Yes,Yes,No,No,No,No,One year,Yes,Mailed check,61.88,2886.81,1,No
9210-LH,Male,0,No,Yes,25,Yes,Yes,Fiber optic,No,No,Yes,Yes,Yes,No,Month-to-month,No,Mailed check,89.77,2219.99,4,Yes
7132-ML,Male,1,No,No,60,Yes,No,Fiber optic,No,No,No,No,No,No,Two year,Yes,Credit card (automatic),70.98,4261.78,2,No
7588-PA,Male,0,No,No,60,Yes,No,DSL,No,Yes,Yes,Yes,Yes,Yes,Month-to-month,Yes,Credit card (automatic),91.16,5515.85,2,Yes
7246-ZE,Male,0,No,No,27,Yes,No,No,No internet service,No internet service,No internet service,No internet service,No internet service,No internet service,Month-to-month,No,Mailed check,24.34,608.47,2,No
5615-YN,Female,0,Yes,Yes,43,Yes,No,DSL,Yes,No,No,Yes,No,Yes,Month-to-month,Yes,Mailed check,75.66,3269.24,2,No
4741-MO,Female,0,Yes,No,20,Yes,Yes,DSL,No,Yes,No,No,No,No,Month-to-month,No,Mailed check,57.59,1146.45,1,No
1726-QO,Female,0,Yes,No,63,Yes,No,DSL,Yes,Yes,Yes,Yes,No,Yes,Two year,No,Bank transfer (automatic),88.94,5599.31,1,No
2875-RR,Male,0,Yes,No,25,Yes,Yes,Fiber optic,Yes,No,No,No,Yes,Yes,One year,Yes,Credit card (automatic),94.7,2396.86,2,No
5033-DA,Female,0,Yes,No,27,Yes,No,No,No internet service,No internet service,No internet service,No internet service,No internet service,No internet service,Two year,No,Electronic check,21.68,567.78,2,No
9611-RE,Female,0,Yes,No,52,No,No phone service,Fiber optic,No,No,No,No,No,No,Month-to-month,Yes,Electronic check,55.56,2905.48,2,Yes
2774-HT,Female,0,No,Yes,10,Yes,Yes,DSL,Yes,Yes,No,No,Yes,No,Month-to-month,No,Credit card (automatic),73.06,767.23,3,No
4808-LZ,Male,0,Yes,No,50,Yes,No,DSL,No,Yes,Yes,No,Yes,Yes,Month-to-month,Yes,Mailed check,84.07,4192.98,1,No
8922-OI,Female,0,Yes,Yes,30,Yes,Yes,No,No internet service,No internet service,No internet service,No internet service,No internet service,No internet service,Two year,Yes,Bank transfer (automatic),18.5,567.79,4,No
6889-IJ,Female,0,No,Yes,1,Yes,Yes,DSL,Yes,Yes,Yes,No,No,No,Month-to-month,Yes,Credit card (automatic),69.15,90.51,2,Yes
3497-SK,Male,0,Yes,No,54,Yes,Yes,No,No internet service,No internet service,No internet service,No internet service,No internet service,No internet service,Month-to-month,Yes,Mailed check,18.5,970.69,1,No
5658-VI,Female,0,Yes,No,4,Yes,Yes,No,No internet service,No internet service,No internet service,No internet service,No internet service,No internet service,Month-to-month,Yes,Electronic check,21.79,63.78,3,Yes
8544-GC,Male,0,Yes,No,7,Yes,Yes,Fiber optic,No,No,No,Yes,Yes,No,One year,Yes,Bank transfer (automatic),87.62,536.93,1,No
4155-FU,Female,0,Yes,No,30,Yes,Yes,No,No internet service,No internet service,No internet service,No internet service,No internet service,No internet service,Month-to-month,No,Bank transfer (automatic),23.31,659.82,2,No
2628-FC,Male,0,Yes,No,65,Yes,Yes,DSL,No,No,No,No,Yes,No,Month-to-month,Yes,Credit card (automatic),57.07,3645.52,3,No
7031-HB,Male,0,Yes,No,29,Yes,Yes,No,No internet service,No internet service,No internet service,No internet service,No internet service,No internet service,Month-to-month,Yes,Credit card (automatic),18.5,540.25,0,No
5008-LC,Male,1,No,Yes,25,Yes,Yes,DSL,No,No,No,No,No,Yes,One year,Yes,Mailed check,56.51,1451.52,0,No
3282-AW,Female,0,Yes,No,40,Yes,Yes,Fiber optic,No,Yes,Yes,No,Yes,No,One year,No,Electronic check,90.71,3660.81,0,No
8980-OZ,Female,0,Yes,Yes,26,Yes,No,Fiber optic,Yes,No,No,No,No,No,Month-to-month,Yes,Mailed check,75.82,2018.41,0,Yes
6476-UQ,Male,0,No,No,17,Yes,No,Fiber optic,Yes,No,No,No,Yes,No,One year,No,Credit card (automatic),89.99,1527.17,1,No
5318-YW,Male,0,Yes,No,31,Yes,No,DSL,No,Yes,Yes,Yes,No,No,Month-to-month,No,Electronic check,71.97,2231.86,0,Yes
2431-YF,Male,0,Yes,Yes,61,Yes,Yes,Fiber optic,No,No,No,No,No,No,Two year,Yes,Mailed check,64.31,3989.32,1,No
2819-UV,Male,0,No,Yes,8,No,No phone service,Fiber optic,No,Yes,No,Yes,No,Yes,Month-to-month,No,Electronic check,81.02,578.2,2,Yes
2130-RD,Male,1,No,No,69,Yes,No,No,No internet service,No internet service,No internet service,No internet service,No internet service,No internet service,Month-to-month,Yes,Credit card (automatic),24.08,1581.16,0,No
3658-MW,Male,0,No,No,1,Yes,Yes,Fiber optic,No,Yes,No,Yes,No,Yes,Month-to-month,Yes,Credit card (automatic),90.34,87.04,0,Yes
3120-UF,Male,0,Yes,No,71,Yes,No,Fiber optic,Yes,No,No,No,Yes,Yes,Month-to-month,Yes,Mailed check,94.37,6734.54,2,No
4259-LB,Male,0,No,No,46,Yes,Yes,No,No internet service,No internet service,No internet service,No internet service,No internet service,No internet service,Month-to-month,Yes,Bank transfer (automatic),22.19,969.11,1,Yes
2823-CC,Male,0,Yes,No,20,No,No phone service,No,No internet service,No internet service,No internet service,No internet service,No internet service,No internet service,One year,No,Bank transfer (automatic),18.5,373.67,0,No
4243-OI,Male,0,Yes,No,40,Yes,No,Fiber optic,Yes,Yes,No,No,No,Yes,Month-to-month,Yes,Credit card (automatic),90.6,3610.84,3,Yes
4134-WH,Male,0,Yes,No,2,Yes,No,Fiber optic,Yes,Yes,Yes,No,No,Yes,Month-to-month,Yes,Credit card (automatic),99.75,149.98,2,No
2141-DA,Male,0,No,Yes,61,Yes,No,Fiber optic,No,No,Yes,No,No,Yes,Two year,No,Bank transfer (automatic),85.94,5247.92,2,No
4361-XE,Female,0,Yes,No,71,Yes,Yes,DSL,Yes,No,Yes,No,Yes,No,Month-to-month,Yes,Electronic check,73.51,5133.87,1,No
1006-DE,Male,0,No,No,30,Yes,No,Fiber optic,No,Yes,No,Yes,Yes,No,Month-to-month,No,Bank transfer (automatic),92.12,2787.5,2,Yes
5928-AO,Female,0,No,No,30,Yes,No,Fiber optic,No,No,Yes,No,No,No,Month-to-month,No,Mailed check,69.76,2135.82,1,Yes
6906-JR,Female,0,Yes,No,45,Yes,No,DSL,No,No,No,No,No,Yes,One year,Yes,Credit card (automatic),52.62,2336.74,4,No
3011-CK,Female,0,No,No,24,No,No phone service,DSL,Yes,No,No,Yes,No,Yes,Month-to-month,Yes,Credit card (automatic),64.17,1581.9,0,No
2829-EH,Male,0,Yes,Yes,56,Yes,No,Fiber optic,No,No,Yes,No,Yes,No,One year,Yes,Bank transfer (automatic),82.95,4672.23,2,No
1929-PT,Female,0,Yes,No,61,Yes,No,Fiber optic,Yes,No,No,Yes,No,No,Two year,No,Mailed check,87.85,5311.14,0,No
2054-DQ,Male,0,Yes,Yes,13,Yes,No,DSL,No,No,No,No,No,No,Month-to-month,Yes,Credit card (automatic),42.45,542.62,5,Yes
2900-RE,Female,0,No,Yes,56,Yes,No,Fiber optic,Yes,Yes,Yes,No,Yes,Yes,Month-to-month,Yes,Mailed check,111.41,6264.79,0,No
8069-XX,Male,0,Yes,No,15,Yes,No,DSL,No,Yes,No,No,Yes,Yes,One year,Yes,Mailed check,73.42,1119.84,0,No
1442-CK,Male,1,No,No,11,Yes,No,DSL,No,No,No,No,Yes,No,Month-to-month,No,Electronic check,52.72,510.2,1,No
5652-DZ,Female,0,No,No,12,Yes,No,DSL,No,No,Yes,Yes,Yes,No,Month-to-month,No,Electronic check,73.53,904.28,2,Yes
8597-VK,Female,0,No,Yes,3,No,No phone service,No,No internet service,No internet service,No internet service,No internet service,No internet service,No internet service,One year,Yes,Mailed check,18.5,18.5,0,Yes
7591-JS,Male,1,Yes,No,24,Yes,Yes,DSL,No,No,No,No,Yes,Yes,One year,Yes,Electronic check,69.38,1584.63,7,No
3309-OU,Female,0,Yes,Yes,9,Yes,No,DSL,No,No,No,No,No,No,One year,No,Electronic check,43.47,412.12,5,No
5009-EZ,Male,0,Yes,No,46,Yes,Yes,DSL,No,No,No,No,No,No,One year,Yes,Bank transfer (automatic),41.94,1921.33,1,No
3172-EJ,Male,0,No,No,71,Yes,Yes,DSL,No,No,Yes,Yes,No,Yes,One year,Yes,Bank transfer (automatic),73.53,5226.43,1,No
9315-EC,Male,0,No,No,60,Yes,No,DSL,Yes,No,Yes,Yes,Yes,Yes,Month-to-month,Yes,Bank transfer (automatic),94.46,5730.94,2,No
7789-DR,Female,0,No,No,11,Yes,No,DSL,No,No,Yes,No,Yes,Yes,Two year,Yes,Credit card (automatic),80.34,872.25,0,No
7139-IQ,Male,0,No,Yes,10,Yes,Yes,Fiber optic,No,No,No,No,Yes,No,Two year,No,Mailed check,72.98,689.58,0,No
9988-MO,Male,0,Yes,No,3,Yes,No,Fiber optic,Yes,Yes,No,Yes,Yes,Yes,Month-to-month,Yes,Bank transfer (automatic),114.61,271.51,2,Yes
6619-QM,Male,1,No,No,19,Yes,No,DSL,No,No,Yes,No,No,Yes,Month-to-month,No,Bank transfer (automatic),60.49,1198.99,4,Yes
4807-PV,Male,0,Yes,No,2,Yes,Yes,Fiber optic,Yes,No,Yes,No,No,Yes,Month-to-month,Yes,Bank transfer (automatic),94.93,205.93,1,Yes
4236-IQ,Female,0,Yes,No,17,Yes,No,DSL,No,No,Yes,No,No,No,Two year,No,Bank transfer (automatic),52.67,909.69,0,No
2932-BM,Female,0,No,No,2,Yes,No,No,No internet service,No internet service,No internet service,No internet service,No internet service,No internet service,Month-to-month,Yes,Credit card (automatic),22.69,77.23,1,Yes
5916-WS,Female,0,No,No,53,Yes,Yes,DSL,No,No,No,Yes,No,No,Month-to-month,Yes,Bank transfer (automatic),53.21,2890.99,1,No
2439-MS,Female,1,Yes,No,16,Yes,No,Fiber optic,No,No,Yes,No,Yes,No,Month-to-month,No,Credit card (automatic),87.73,1359.14,2,Yes
5857-QU,Male,0,Yes,No,10,No,No phone service,DSL,No,Yes,No,No,Yes,Yes,Month-to-month,No,Mailed check,62.95,582.33,5,Yes
1382-LU,Male,1,Yes,Yes,68,No,No phone service,Fiber optic,No,No,No,No,No,Yes,Month-to-month,Yes,Credit card (automatic),67.37,4572.27,1,No
9491-KG,Male,1,No,Yes,43,Yes,Yes,DSL,No,Yes,Yes,Yes,No,Yes,One year,No,Electronic check,82.41,3496.08,1,No
5931-SA,Male,0,Yes,Yes,58,Yes,No,DSL,No,No,No,No,No,Yes,Month-to-month,Yes,Electronic check,59.83,3478.79,0,Yes
2627-XC,Male,1,No,No,60,Yes,No,Fiber optic,No,No,No,No,Yes,No,Two year,Yes,Electronic check,73.78,4406.14,0,No
6004-OB,Male,0,Yes,Yes,24,Yes,No,Fiber optic,No,No,Yes,No,No,No,One year,No,Mailed check,71.05,1729.71,0,No
7652-QC,Female,0,Yes,Yes,16,Yes,Yes,Fiber optic,Yes,No,No,No,Yes,Yes,Two year,No,Bank transfer (automatic),94.62,1497.55,0,No
4835-RH,Male,0,Yes,No,9,No,No phone service,Fiber optic,Yes,No,No,Yes,No,No,Month-to-month,Yes,Mailed check,72.87,669.99,2,Yes
7905-SE,Male,0,Yes,No,6,Yes,No,DSL,No,No,Yes,No,No,Yes,Two year,No,Electronic check,65.46,362.9,0,No
3567-EQ,Male,0,No,No,65,Yes,No,No,No internet service,No internet service,No internet service,No internet service,No internet service,No internet service,One year,Yes,Electronic check,20.31,1339.87,2,No
3660-DV,Female,0,No,No,24,No,No phone service,Fiber optic,No,No,No,Yes,No,Yes,Month-to-month,Yes,Credit card (automatic),74.11,1814.44,1,No
4730-UB,Male,1,Yes,Yes,10,Yes,No,DSL,Yes,Yes,Yes,No,Yes,No,Month-to-month,No,Electronic check,81.63,805.44,2,Yes
9458-VM,Male,0,Yes,No,27,Yes,Yes,No,No internet service,No internet service,No internet service,No internet service,No internet service,No internet service,Month-to-month,No,Credit card (automatic),18.5,526.5,0,No
4630-LV,Male,0,No,Yes,3,Yes,Yes,No,No internet service,No internet service,No internet service,No internet service,No internet service,No internet service,Month-to-month,Yes,Bank transfer (automatic),18.5,36.95,1,Yes
7538-GE,Female,0,Yes,No,38,Yes,Yes,DSL,No,Yes,No,Yes,No,Yes,Two year,Yes,Credit card (automatic),71.1,2656.82,2,No
2207-TI,Male,0,Yes,Yes,17,Yes,Yes,DSL,Yes,No,No,Yes,Yes,No,Month-to-month,Yes,Electronic check,72.01,1253.83,3,Yes
1557-ZL,Male,0,Yes,No,48,Yes,Yes,DSL,No,No,No,No,Yes,Yes,Two year,No,Mailed check,67.14,3229.12,0,No
1882-SZ,Female,1,No,Yes,49,Yes,No,Fiber optic,No,Yes,No,No,No,Yes,Month-to-month,No,Mailed check,84.71,4202.57,3,Yes
6867-TF,Male,0,Yes,No,43,Yes,Yes,Fiber optic,No,No,Yes,No,No,Yes,One year,No,Bank transfer (automatic),81.46,3445.68,3,Yes
8166-WZ,Female,1,Yes,Yes,7,Yes,No,Fiber optic,No,No,No,No,No,Yes,One year,No,Bank transfer (automatic),79.46,542.07,1,No
6347-FK,Male,0,No,Yes,68,Yes,No,Fiber optic,Yes,Yes,Yes,No,Yes,No,One year,Yes,Bank transfer (automatic),99.36,6732.11,3,No
9125-XW,Female,0,No,No,21,Yes,No,DSL,No,Yes,No,No,No,No,Month-to-month,No,Mailed check,51.15,1070.27,1,No
5494-KY,Male,0,Yes,Yes,25,No,No phone service,DSL,No,Yes,Yes,Yes,Yes,Yes,Month-to-month,Yes,Credit card (automatic),83.48,2025.23,1,Yes
7642-RQ,Male,0,Yes,No,61,Yes,No,No,No internet service,No internet service,No internet service,No internet service,No internet service,No internet service,Two year,Yes,Electronic check,18.5,1183.48,2,No
7068-NR,Female,0,No,No,28,Yes,No,No,No internet service,No internet service,No internet service,No internet service,No internet service,No internet service,One year,No,Electronic check,20.01,549.08,2,No
5699-SO,Male,0,Yes,No,52,Yes,Yes,DSL,No,No,No,Yes,Yes,No,One year,No,Mailed check,64.01,3231.37,1,No
7142-OD,Male,1,Yes,No,13,Yes,Yes,DSL,No,Yes,Yes,Yes,Yes,No,Month-to-month,No,Credit card (automatic),79.3,957.7,1,Yes
1364-CP,Female,0,No,No,34,Yes,No,DSL,Yes,Yes,No,No,No,Yes,Month-to-month,No,Mailed check,71.23,2401.4,0,No
2863-TM,Male,0,No,No,67,Yes,No,DSL,No,No,No,No,No,Yes,Month-to-month,No,Bank transfer (automatic),54.98,3618.44,0,No
9016-QQ,Female,0,No,No,4,Yes,Yes,DSL,No,No,No,No,No,No,Two year,Yes,Electronic check,42.42,179.18,2,Yes
4935-HS,Male,0,Yes,Yes,44,Yes,No,DSL,Yes,No,No,Yes,No,No,One year,Yes,Credit card (automatic),61.84,2778.43,1,No
8742-FC,Female,0,No,Yes,15,Yes,No,DSL,Yes,No,Yes,Yes,No,Yes,Two year,No,Electronic check,80.86,1176.44,3,No
3490-EM,Male,0,Yes,Yes,8,No,No phone service,Fiber optic,No,No,No,No,Yes,No,One year,Yes,Electronic check,70.55,588.62,0,No
8661-WP,Male,0,Yes,No,5,Yes,No,No,No internet service,No internet service,No internet service,No internet service,No internet service,No internet service,Month-to-month,Yes,Electronic check,21.07,171.77,1,Yes
2137-VV,Female,0,No,No,66,Yes,No,No,No internet service,No internet service,No internet service,No internet service,No internet service,No internet service,Month-to-month,Yes,Electronic check,18.5,1065.17,1,No
5778-CV,Male,0,No,No,46,Yes,Yes,Fiber optic,No,No,No,No,No,Yes,Month-to-month,Yes,Credit card (automatic),74.12,3395.51,4,Yes
3953-JU,Female,0,Yes,No,65,Yes,No,Fiber optic,Yes,Yes,No,No,Yes,Yes,Two year,Yes,Electronic check,103.91,6721.72,3,No
2999-LB,Female,0,Yes,No,66,Yes,Yes,Fiber optic,No,No,No,Yes,No,Yes,Month-to-month,No,Electronic check,86.4,5664.85,3,No
4735-CX,Female,0,Yes,No,26,Yes,No,DSL,No,No,Yes,Yes,No,Yes,One year,No,Electronic check,72.0,1898.63,1,No
5152-OC,Male,0,No,No,31,No,No phone service,Fiber optic,Yes,No,No,No,Yes,No,One year,No,Credit card (automatic),73.66,2249.72,0,No
8537-HZ,Male,0,No,No,51,Yes,Yes,DSL,Yes,Yes,No,Yes,No,No,One year,No,Electronic check,68.97,3527.11,7,No
5208-HG,Male,1,Yes,No,41,No,No phone service,DSL,Yes,No,No,Yes,Yes,No,Two year,No,Bank transfer (automatic),67.72,2787.74,2,No
9733-GC,Female,0,Yes,Yes,51,Yes,No,Fiber optic,No,No,No,No,No,No,One year,Yes,Credit card (automatic),68.01,3444.16,2,No
2088-DY,Female,0,Yes,No,19,Yes,Yes,DSL,Yes,No,No,No,No,No,Month-to-month,Yes,Electronic check,53.25,1087.06,1,No
7144-OE,Female,0,Yes,No,3,Yes,No,No,No internet service,No internet service,No internet service,No internet service,No internet service,No internet service,Month-to-month,Yes,Electronic check,20.91,135.85,0,Yes
5236-HH,Male,0,No,Yes,38,Yes,No,No,No internet service,No internet service,No internet service,No internet service,No internet service,No internet service,Month-to-month,No,Electronic check,18.5,584.68,0,Yes
9068-IA,Female,0,No,No,70,Yes,Yes,DSL,Yes,Yes,No,No,No,Yes,Two year,No,Bank transfer (automatic),69.61,4902.76,2,No
4747-CB,Male,1,Yes,Yes,45,Yes,Yes,DSL,No,No,Yes,Yes,Yes,No,Month-to-month,No,Bank transfer (automatic),70.34,3174.51,3,Yes
4175-WI,Male,1,Yes,No,71,Yes,No,DSL,Yes,Yes,Yes,No,No,No,Month-to-month,No,Credit card (automatic),66.72,4683.15,1,No
5897-NN,Male,0,Yes,Yes,41,Yes,Yes,No,No internet service,No internet service,No internet service,No internet service,No internet service,No internet service,Month-to-month,No,Mailed check,18.5,759.69,2,No
8427-FK,Male,0,Yes,No,25,Yes,No,DSL,Yes,No,No,Yes,Yes,Yes,Month-to-month,Yes,Credit card (automatic),85.86,2193.01,1,No
4426-HC,Male,0,Yes,No,50,Yes,No,DSL,No,No,Yes,No,Yes,No,One year,Yes,Mailed check,65.57,3259.92,1,No
1187-MM,Male,0,Yes,No,1,Yes,Yes,DSL,Yes,No,No,No,Yes,No,One year,Yes,Bank transfer (automatic),67.66,36.19,3,No
6409-MS,Male,0,Yes,No,54,Yes,No,DSL,No,Yes,No,No,Yes,No,Month-to-month,Yes,Mailed check,63.55,3430.29,3,No
6242-FP,Male,0,Yes,No,13,Yes,No,Fiber optic,Yes,No,No,No,No,Yes,Month-to-month,Yes,Electronic check,79.94,1046.17,2,Yes
6185-HQ,Female,0,No,No,40,Yes,Yes,DSL,No,Yes,No,Yes,Yes,Yes,Two year,Yes,Credit card (automatic),82.54,3303.11,0,No
8913-PF,Male,0,Yes,No,21,Yes,Yes,Fiber optic,No,No,No,Yes,No,Yes,Month-to-month,Yes,Credit card (automatic),87.63,1856.23,1,Yes
8355-BB,Male,0,No,Yes,41,Yes,No,Fiber optic,No,No,Yes,Yes,No,No,Month-to-month,No,Credit card (automatic),75.47,3046.47,0,No
2497-MX,Female,0,No,No,61,Yes,No,Fiber optic,Yes,No,No,No,No,Yes,One year,No,Electronic check,84.57,5194.71,2,No
3555-BG,Female,0,No,No,33,Yes,Yes,Fiber optic,Yes,Yes,No,No,Yes,Yes,Month-to-month,Yes,Bank transfer (automatic),103.94,3451.67,2,Yes
3951-WN,Female,0,Yes,No,29,Yes,No,Fiber optic,No,No,No,Yes,Yes,Yes,Month-to-month,No,Mailed check,100.79,2963.87,2,No
5727-WV,Female,0,No,Yes,55,Yes,No,Fiber optic,No,Yes,Yes,No,Yes,Yes,Month-to-month,No,Electronic check,102.17,5555.16,1,Yes
3780-GU,Male,0,Yes,Yes,32,Yes,No,Fiber optic,No,Yes,Yes,Yes,No,Yes,Month-to-month,Yes,Electronic check,98.71,3214.04,2,No
3368-QI,Female,1,No,No,11,Yes,No,Fiber optic,No,Yes,Yes,No,Yes,Yes,Two year,Yes,Bank transfer (automatic),96.0,1079.0,3,Yes
6789-UM,Female,1,No,No,52,Yes,Yes,DSL,No,No,No,Yes,Yes,Yes,Month-to-month,Yes,Mailed check,79.95,4099.07,1,No
2556-SU,Female,0,Yes,Yes,36,Yes,No,No,No internet service,No internet service,No internet service,No internet service,No internet service,No internet service,One year,Yes,Mailed check,18.5,656.83,1,No
8480-YV,Female,0,Yes,No,31,Yes,No,DSL,No,Yes,Yes,No,No,Yes,One year,Yes,Electronic check,67.82,2117.67,0,No
1182-WJ,Male,0,No,Yes,14,Yes,No,DSL,No,No,No,No,Yes,No,Month-to-month,Yes,Bank transfer (automatic),57.67,883.16,2,Yes
8651-HV,Female,0,No,No,63,Yes,No,Fiber optic,No,No,No,No,Yes,Yes,Month-to-month,Yes,Electronic check,84.32,5266.67,1,Yes
9851-RN,Female,0,No,No,52,Yes,Yes,DSL,No,No,No,Yes,Yes,Yes,Month-to-month,Yes,Electronic check,81.37,4390.71,0,No
7555-NT,Female,0,No,No,54,Yes,Yes,Fiber optic,No,Yes,No,No,No,No,Month-to-month,No,Electronic check,75.32,4049.46,3,No
9244-XO,Female,0,No,Yes,50,Yes,No,DSL,No,No,Yes,Yes,Yes,Yes,Two year,Yes,Mailed check,83.08,4082.0,0,No
7846-DM,Male,0,No,Yes,54,Yes,No,No,No internet service,No internet service,No internet service,No internet service,No internet service,No internet service,Month-to-month,Yes,Bank transfer (automatic),19.74,1085.47,0,No
8226-WH,Female,0,Yes,No,35,Yes,Yes,No,No internet service,No internet service,No internet service,No internet service,No internet service,No internet service,Month-to-month,Yes,Bank transfer (automatic),18.5,620.52,2,No
6585-LW,Female,0,Yes,No,30,Yes,Yes,Fiber optic,No,Yes,No,No,Yes,Yes,Two year,Yes,Electronic check,93.75,2712.93,4,No
7046-NB,Female,1,No,No,55,Yes,No,Fiber optic,Yes,No,Yes,Yes,No,No,Two year,Yes,Electronic check,91.26,5076.59,1,No
5945-XB,Male,0,Yes,No,1,Yes,Yes,DSL,Yes,No,Yes,No,Yes,No,One year,No,Mailed check,74.73,86.9,5,Yes
8016-LQ,Female,0,No,No,15,Yes,No,Fiber optic,No,No,No,Yes,Yes,No,Month-to-month,No,Credit card (automatic),83.94,1336.44,2,No
8758-YQ,Female,0,Yes,Yes,25,Yes,Yes,DSL,No,Yes,No,No,Yes,No,One year,Yes,Mailed check,62.81,1559.28,2,Yes
8161-ZR,Male,1,No,Yes,20,Yes,Yes,DSL,No,Yes,Yes,No,Yes,Yes,Month-to-month,Yes,Electronic check,82.26,1595.47,1,Yes
4167-VF,Female,0,Yes,No,71,Yes,Yes,No,No internet service,No internet service,No internet service,No internet service,No internet service,No internet service,Two year,Yes,Credit card (automatic),18.5,1255.57,1,No
7352-WX,Male,0,Yes,No,16,Yes,Yes,Fiber optic,No,No,No,No,No,No,Month-to-month,No,Electronic check,63.66,955.03,3,No
7056-FE,Male,0,Yes,No,52,Yes,No,DSL,Yes,No,No,Yes,Yes,No,Two year,Yes,Bank transfer (automatic),74.05,3879.18,2,No
6951-KY,Female,0,Yes,No,65,Yes,Yes,Fiber optic,No,No,No,No,No,No,One year,No,Electronic check,69.99,4568.4,0,No
3624-KS,Female,0,No,Yes,70,Yes,No,Fiber optic,No,No,No,No,No,No,Month-to-month,Yes,Credit card (automatic),68.88,4774.77,0,No
5232-BL,Male,0,No,No,1,Yes,Yes,DSL,No,No,No,Yes,No,Yes,One year,No,Electronic check,69.9,40.14,0,No
6571-DR,Male,0,No,No,16,Yes,Yes,DSL,No,Yes,Yes,Yes,Yes,Yes,Month-to-month,No,Electronic check,96.41,1610.47,1,Yes
3224-FP,Female,0,Yes,No,27,Yes,No,Fiber optic,No,No,No,Yes,No,No,Month-to-month,Yes,Bank transfer (automatic),76.94,2096.78,1,Yes
7091-SE,Male,0,Yes,No,18,Yes,Yes,Fiber optic,Yes,Yes,No,No,No,No,Two year,Yes,Mailed check,78.27,1463.41,2,No
9662-ZA,Male,0,Yes,No,44,Yes,Yes,DSL,Yes,No,No,No,No,Yes,Month-to-month,Yes,Mailed check,62.97,2789.87,3,No
8094-JO,Female,0,Yes,Yes,50,No,No phone service,DSL,No,No,No,No,Yes,Yes,One year,Yes,Electronic check,58.69,2972.31,1,No
4796-UK,Male,0,Yes,No,14,Yes,Yes,Fiber optic,Yes,Yes,No,No,Yes,No,One year,Yes,Mailed check,88.34,1245.3,3,No
4607-LK,Male,0,Yes,Yes,52,Yes,Yes,Fiber optic,No,Yes,Yes,Yes,Yes,No,Two year,Yes,Bank transfer (automatic),104.63,5325.4,0,No
6904-DO,Male,0,No,No,50,Yes,No,No,No internet service,No internet service,No internet service,No internet service,No internet service,No internet service,Month-to-month,Yes,Credit card (automatic),19.39,1021.83,0,No
5888-IU,Male,0,No,Yes,17,Yes,No,Fiber optic,No,No,No,No,No,Yes,Two year,Yes,Credit card (automatic),78.66,1323.85,1,No
8122-SL,Male,0,No,Yes,3,Yes,No,No,No internet service,No internet service,No internet service,No internet service,No internet service,No internet service,Two year,No,Mailed check,23.86,62.0,3,Yes
2316-JQ,Male,0,No,Yes,62,Yes,No,Fiber optic,No,No,No,No,No,Yes,Month-to-month,No,Bank transfer (automatic),79.87,4928.85,5,No
2124-VP,Female,0,Yes,Yes,21,Yes,Yes,Fiber optic,No,No,No,No,No,Yes,One year,No,Mailed check,75.92,1590.81,4,Yes
3587-IC,Male,0,No,No,33,No,No phone service,DSL,No,No,No,No,Yes,No,One year,No,Bank transfer (automatic),40.66,1300.34,1,No
4374-PR,Female,0,Yes,No,1,Yes,Yes,DSL,Yes,Yes,No,No,No,No,Month-to-month,Yes,Bank transfer (automatic),61.44,146.81,1,No
8935-NC,Female,0,Yes,No,70,Yes,No,Fiber optic,Yes,No,Yes,No,Yes,No,Month-to-month,No,Bank transfer (automatic),93.39,6541.75,2,Yes
6355-IG,Female,0,No,No,56,Yes,No,Fiber optic,No,Yes,No,No,Yes,Yes,Month-to-month,No,Mailed check,97.96,5451.76,1,No
5072-MR,Female,0,No,Yes,4,Yes,No,Fiber optic,No,Yes,Yes,No,No,No,One year,No,Electronic check,77.33,272.6,2,Yes
9588-DB,Female,0,No,No,22,Yes,Yes,Fiber optic,No,Yes,Yes,Yes,No,Yes,Month-to-month,Yes,Mailed check,95.81,2087.33,2,Yes
5424-FK,Female,0,No,Yes,58,Yes,Yes,DSL,No,No,Yes,No,Yes,Yes,One year,No,Credit card (automatic),73.3,4277.62,2,No
4893-XV,Female,0,Yes,Yes,44,No,No phone service,DSL,No,No,No,Yes,No,No,Month-to-month,No,Mailed check,46.0,2115.93,1,No
3016-DM,Female,0,Yes,Yes,57,No,No phone service,Fiber optic,Yes,No,Yes,Yes,No,No,Month-to-month,No,Credit card (automatic),81.83,4639.6,2,No
2772-BI,Male,0,Yes,No,40,Yes,No,DSL,Yes,No,No,No,No,Yes,Two year,Yes,Electronic check,68.58,2785.98,0,No
2751-HG,Female,0,No,Yes,56,Yes,Yes,DSL,Yes,No,No,Yes,No,No,Month-to-month,Yes,Mailed check,63.64,3566.4,0,No
8170-FL,Female,0,No,No,63,Yes,No,No,No internet service,No internet service,No internet service,No internet service,No internet service,No internet service,Month-to-month,Yes,Electronic check,18.5,1092.38,1,No
4220-HV,Female,0,No,No,39,Yes,Yes,DSL,No,No,No,No,Yes,Yes,One year,No,Mailed check,69.69,2720.7,0,Yes
2461-AD,Male,0,Yes,No,7,Yes,No,DSL,No,No,Yes,No,No,No,One year,Yes,Credit card (automatic),49.31,369.53,1,No
1234-CM,Female,0,Yes,No,14,Yes,No,Fiber optic,No,No,No,No,Yes,No,Month-to-month,No,Bank transfer (automatic),75.93,1091.99,0,Yes
8480-QV,Male,0,Yes,No,18,Yes,No,DSL,No,No,No,Yes,No,Yes,Month-to-month,Yes,Electronic check,67.76,1251.0,2,Yes
2673-UL,Female,0,No,No,55,Yes,No,DSL,No,No,Yes,No,Yes,Yes,One year,Yes,Credit card (automatic),73.67,4017.46,1,No
8982-UJ,Female,0,Yes,Yes,56,Yes,No,Fiber optic,Yes,No,Yes,Yes,Yes,Yes,One year,Yes,Mailed check,112.86,6354.14,1,No
4748-FX,Male,0,Yes,No,57,Yes,No,DSL,No,No,Yes,No,No,No,Two year,Yes,Bank transfer (automatic),56.54,3130.29,2,No
4841-VQ,Female,0,Yes,Yes,58,Yes,No,Fiber optic,Yes,Yes,Yes,No,Yes,No,Month-to-month,Yes,Bank transfer (automatic),106.42,6190.97,1,No
8011-NJ,Male,1,No,No,25,Yes,Yes,No,No internet service,No internet service,No internet service,No internet service,No internet service,No internet service,Two year,No,Electronic check,22.42,502.74,1,No
1674-YC,Male,0,Yes,No,70,Yes,Yes,No,No internet service,No internet service,No internet service,No internet service,No internet service,No internet service,Two year,No,Mailed check,18.5,1349.49,3,No
3158-FQ,Female,0,No,No,3,No,No phone service,Fiber optic,No,No,No,No,Yes,Yes,Two year,Yes,Electronic check,80.69,260.1,1,Yes
4253-TX,Female,0,Yes,No,21,Yes,No,DSL,Yes,Yes,Yes,No,No,No,Two year,Yes,Electronic check,66.15,1322.25,0,No
9931-ZZ,Male,0,Yes,Yes,32,Yes,No,DSL,No,No,Yes,Yes,Yes,No,Month-to-month,Yes,Mailed check,71.55,2299.37,1,No
4923-WP,Male,1,Yes,No,2,No,No phone service,DSL,No,Yes,No,Yes,No,No,Two year,No,Electronic check,48.73,107.45,1,No
3745-LV,Female,0,No,No,20,Yes,No,Fiber optic,Yes,No,No,No,Yes,No,One year,No,Electronic check,81.82,1624.92,1,No
6818-OI,Female,1,No,No,18,Yes,No,DSL,No,Yes,No,No,Yes,Yes,Month-to-month,No,Bank transfer (automatic),77.87,1413.38,4,Yes
5063-UY,Female,0,Yes,Yes,54,Yes,No,DSL,No,No,Yes,No,Yes,No,One year,Yes,Mailed check,66.5,3609.54,3,No
9224-WZ,Male,0,Yes,No,36,Yes,Yes,Fiber optic,No,No,No,Yes,No,Yes,One year,Yes,Electronic check,88.26,3145.88,2,No
3566-TY,Female,0,No,No,61,Yes,No,DSL,Yes,No,No,No,Yes,Yes,One year,Yes,Mailed check,74.76,4500.68,3,No
4709-LP,Male,0,No,No,60,Yes,No,Fiber optic,No,Yes,No,Yes,No,No,Two year,Yes,Bank transfer (automatic),79.66,4728.6,2,No
1719-KU,Female,0,Yes,No,36,Yes,No,Fiber optic,No,No,No,No,No,Yes,One year,Yes,Bank transfer (automatic),83.36,2991.56,5,No
5579-MG,Male,1,Yes,No,44,Yes,Yes,Fiber optic,No,No,No,No,Yes,No,Month-to-month,No,Credit card (automatic),73.99,3298.4,4,Yes
8395-OS,Male,0,No,No,68,Yes,Yes,Fiber optic,No,No,No,No,No,Yes,Month-to-month,No,Credit card (automatic),77.24,5205.71,1,No
5552-KH,Female,0,No,No,66,Yes,Yes,DSL,No,No,Yes,No,No,No,Month-to-month,Yes,Electronic check,49.12,3211.78,2,No
9835-HC,Male,0,No,No,44,Yes,Yes,Fiber optic,No,Yes,No,No,No,Yes,Month-to-month,Yes,Mailed check,83.83,3715.32,1,Yes
9680-BB,Male,0,No,No,29,Yes,Yes,Fiber optic,No,Yes,Yes,No,Yes,Yes,One year,No,Mailed check,100.34,2906.51,1,No
4276-OW,Male,0,Yes,No,48,Yes,Yes,DSL,No,Yes,Yes,No,No,No,Month-to-month,Yes,Bank transfer (automatic),58.12,2686.93,2,No
9707-ZH,Male,1,No,Yes,36,Yes,No,DSL,Yes,No,No,No,Yes,Yes,Month-to-month,No,Electronic check,79.35,2868.56,0,Yes
9584-WE,Male,0,Yes,No,8,Yes,Yes,Fiber optic,No,No,Yes,Yes,No,Yes,Month-to-month,Yes,Electronic check,91.2,718.9,2,Yes
7683-VI,Female,0,No,No,5,No,No phone service,DSL,Yes,Yes,Yes,Yes,No,Yes,Month-to-month,Yes,Electronic check,79.96,347.25,3,Yes
6690-ZL,Female,1,No,No,47,Yes,No,Fiber optic,Yes,No,No,No,No,Yes,One year,Yes,Bank transfer (automatic),81.2,3775.24,1,No
1025-YJ,Male,1,Yes,Yes,43,No,No phone service,DSL,No,No,No,Yes,Yes,Yes,Month-to-month,Yes,Electronic check,69.73,3014.05,4,Yes
8468-SK,Female,0,No,No,10,Yes,No,No,No internet service,No internet service,No internet service,No internet service,No internet service,No internet service,Two year,No,Mailed check,18.5,220.49,0,No
9652-UH,Male,1,No,No,10,Yes,No,DSL,No,Yes,No,No,No,Yes,One year,Yes,Electronic check,62.64,577.34,2,No
6102-KK,Male,0,No,No,6,Yes,Yes,No,No internet service,No internet service,No internet service,No internet service,No internet service,No internet service,Month-to-month,Yes,Credit card (automatic),20.84,126.6,0,Yes
2072-OT,Female,1,Yes,Yes,16,Yes,Yes,DSL,Yes,No,Yes,No,Yes,No,Month-to-month,Yes,Bank transfer (automatic),74.71,1175.32,1,No
1215-VY,Male,0,Yes,Yes,60,Yes,No,Fiber optic,No,No,No,No,No,No,One year,No,Electronic check,64.08,3819.06,4,No
3606-IN,Male,0,No,No,26,Yes,No,DSL,No,Yes,Yes,No,Yes,Yes,One year,Yes,Electronic check,82.43,2160.12,0,No
4313-ZQ,Male,0,No,No,21,Yes,Yes,Fiber optic,Yes,Yes,Yes,Yes,Yes,No,Two year,Yes,Mailed check,105.08,2194.36,3,No
8763-TI,Female,0,Yes,No,58,Yes,Yes,DSL,No,Yes,No,No,Yes,Yes,Month-to-month,Yes,Electronic check,77.72,4501.73,1,No
3295-VA,Female,0,Yes,No,41,Yes,No,Fiber optic,Yes,No,No,No,Yes,No,Two year,Yes,Electronic check,88.94,3678.58,3,No
2946-BO,Male,0,Yes,No,30,No,No phone service,Fiber optic,Yes,No,No,No,Yes,Yes,Two year,Yes,Electronic check,83.37,2468.8,1,No
3783-ZU,Male,0,No,No,5,Yes,No,DSL,No,No,No,No,Yes,Yes,Two year,No,Credit card (automatic),67.01,292.32,2,No
8557-FV,Male,0,No,Yes,10,Yes,No,DSL,No,No,Yes,No,Yes,No,Month-to-month,No,Mailed check,64.34,718.6,2,Yes
7589-RN,Male,0,No,Yes,11,Yes,No,Fiber optic,Yes,No,Yes,No,Yes,No,Month-to-month,Yes,Electronic check,97.43,1125.13,1,Yes
2932-CF,Male,0,No,No,63,Yes,Yes,DSL,No,No,No,No,No,Yes,One year,No,Electronic check,58.94,3709.32,3,No
2116-HL,Female,0,No,No,7,Yes,No,Fiber optic,No,No,No,No,Yes,No,Two year,Yes,Mailed check,74.39,479.0,4,No
1492-KL,Female,1,Yes,No,59,Yes,Yes,Fiber optic,No,Yes,Yes,No,Yes,No,Month-to-month,No,Electronic check,87.84,5242.62,0,No
8888-PK,Female,0,No,No,12,Yes,Yes,DSL,No,No,No,No,Yes,Yes,One year,No,Electronic check,70.09,828.89,3,No
5958-LF,Female,0,No,No,64,No,No phone service,Fiber optic,No,Yes,No,No,Yes,No,Month-to-month,No,Electronic check,72.13,4595.07,3,No
3743-ZY,Male,0,No,No,41,Yes,No,DSL,Yes,Yes,No,Yes,No,No,Two year,Yes,Electronic check,65.88,2771.29,1,No
6451-KE,Male,0,Yes,No,60,Yes,Yes,Fiber optic,No,No,No,Yes,Yes,No,Two year,No,Credit card (automatic),82.07,4903.1,1,No
8186-WW,Female,1,Yes,Yes,72,No,No phone service,Fiber optic,Yes,No,No,No,Yes,Yes,Month-to-month,No,Electronic check,90.21,6506.75,1,No
1619-SB,Female,1,Yes,No,28,Yes,Yes,DSL,Yes,Yes,Yes,No,No,Yes,Month-to-month,No,Electronic check,76.72,2112.84,3,No
2296-KK,Male,0,No,No,63,Yes,No,DSL,No,No,No,No,No,No,Month-to-month,Yes,Bank transfer (automatic),38.57,2403.52,1,No
9436-PB,Female,0,Yes,No,3,Yes,Yes,DSL,Yes,No,No,No,Yes,No,Month-to-month,No,Electronic check,61.23,213.25,3,Yes
1929-WH,Male,0,No,No,32,Yes,Yes,Fiber optic,No,No,No,No,Yes,Yes,Month-to-month,No,Credit card (automatic),88.29,2842.68,1,No
4212-JH,Male,0,No,No,21,Yes,Yes,DSL,Yes,No,Yes,Yes,Yes,Yes,Two year,Yes,Credit card (automatic),94.2,2055.22,1,No
4423-DO,Male,0,Yes,No,55,Yes,No,DSL,Yes,Yes,No,Yes,No,Yes,Two year,Yes,Bank transfer (automatic),82.57,4596.74,2,No
7976-KG,Female,0,No,No,18,Yes,Yes,DSL,Yes,Yes,No,Yes,No,Yes,Month-to-month,No,Credit card (automatic),81.16,1543.14,0,No
4667-XR,Female,0,No,Yes,53,Yes,No,Fiber optic,Yes,Yes,No,No,No,No,Month-to-month,No,Electronic check,82.59,4459.92,3,Yes
6973-VL,Female,0,No,No,61,Yes,No,DSL,No,No,Yes,No,No,No,Month-to-month,No,Electronic check,55.47,3354.25,2,Yes
3468-JD,Female,0,Yes,Yes,50,Yes,No,Fiber optic,No,No,Yes,Yes,Yes,Yes,One year,Yes,Credit card (automatic),107.35,5317.47,2,No
2636-JK,Female,0,Yes,No,8,Yes,Yes,DSL,Yes,Yes,No,Yes,Yes,Yes,One year,No,Bank transfer (automatic),97.87,860.45,2,No
9148-XJ,Male,1,No,No,12,Yes,No,Fiber optic,Yes,No,Yes,No,No,No,Month-to-month,Yes,Bank transfer (automatic),82.25,952.08,0,Yes
5967-BW,Female,0,Yes,No,51,No,No phone service,DSL,No,No,Yes,No,Yes,Yes,Month-to-month,Yes,Electronic check,58.93,3007.62,1,No
6722-VE,Male,0,No,Yes,66,Yes,No,DSL,Yes,Yes,No,No,Yes,Yes,One year,Yes,Mailed check,86.4,5689.05,1,No
5444-CL,Male,0,No,No,41,Yes,No,Fiber optic,Yes,Yes,Yes,No,No,Yes,One year,Yes,Electronic check,98.95,4012.93,3,No
2676-MJ,Male,0,No,No,22,Yes,Yes,DSL,Yes,No,Yes,No,Yes,No,One year,Yes,Electronic check,73.1,1579.91,0,No
3787-IV,Female,0,Yes,Yes,9,Yes,Yes,DSL,Yes,No,No,No,Yes,No,Month-to-month,Yes,Mailed check,65.99,550.67,2,No
8927-WB,Female,0,Yes,No,11,Yes,No,No,No internet service,No internet service,No internet service,No internet service,No internet service,No internet service,Month-to-month,No,Electronic check,23.42,187.55,2,Yes
3176-YG,Female,0,No,No,13,Yes,No,DSL,No,Yes,No,Yes,Yes,No,Month-to-month,Yes,Mailed check,71.3,904.36,0,Yes
4824-CT,Female,0,No,No,56,Yes,Yes,DSL,No,No,No,No,No,Yes,Two year,Yes,Electronic check,56.0,3167.67,0,No
3451-UC,Female,1,Yes,No,28,Yes,Yes,DSL,Yes,Yes,No,No,No,No,Month-to-month,Yes,Credit card (automatic),59.26,1744.79,1,Yes
8778-QG,Female,1,Yes,No,64,Yes,Yes,No,No internet service,No internet service,No internet service,No internet service,No internet service,No internet service,Month-to-month,Yes,Credit card (automatic),21.89,1410.98,0,No
4674-ZN,Female,0,No,Yes,64,Yes,Yes,DSL,Yes,No,Yes,Yes,No,Yes,Month-to-month,Yes,Bank transfer (automatic),84.08,5344.9,4,No
5369-MT,Female,1,Yes,No,70,Yes,Yes,DSL,No,Yes,No,No,No,No,Month-to-month,Yes,Electronic check,49.45,3500.77,3,No
5956-TU,Male,0,Yes,No,55,Yes,Yes,DSL,Yes,No,Yes,No,No,No,Month-to-month,Yes,Bank transfer (automatic),64.06,3512.67,0,No
4162-RD,Female,1,Yes,No,37,Yes,No,Fiber optic,Yes,Yes,No,Yes,No,Yes,Two year,Yes,Credit card (automatic),104.69,3883.76,5,No
4008-RA,Male,0,Yes,No,33,Yes,No,Fiber optic,Yes,No,No,No,Yes,Yes,Two year,No,Mailed check,95.86,3223.05,4,No
9345-MT,Male,0,Yes,No,25,Yes,No,Fiber optic,Yes,No,No,No,No,No,Two year,Yes,Mailed check,71.33,1825.51,0,No
4699-WJ,Male,0,Yes,No,23,Yes,Yes,Fiber optic,Yes,Yes,Yes,No,No,No,Month-to-month,Yes,Electronic check,90.31,1970.34,1,No
4786-II,Male,1,Yes,No,60,Yes,Yes,Fiber optic,Yes,Yes,No,No,Yes,No,One year,Yes,Mailed check,91.96,5531.37,1,No
2913-AQ,Female,0,No,No,56,Yes,No,No,No internet service,No internet service,No internet service,No internet service,No internet service,No internet service,Two year,Yes,Electronic check,18.5,1015.24,3,No
2772-ID,Female,0,No,No,63,Yes,Yes,Fiber optic,Yes,No,No,No,No,Yes,Month-to-month,No,Mailed check,84.32,5315.8,1,No
8423-KX,Male,1,Yes,No,8,Yes,No,DSL,No,No,No,No,Yes,No,Month-to-month,Yes,Electronic check,52.24,361.85,2,Yes
1660-CL,Male,1,No,Yes,17,Yes,Yes,DSL,Yes,No,Yes,Yes,No,No,Month-to-month,Yes,Electronic check,66.73,1128.35,1,No
2132-GO,Male,0,Yes,No,57,Yes,No,Fiber optic,No,No,Yes,No,Yes,Yes,Month-to-month,Yes,Credit card (automatic),99.7,5620.59,2,No
7297-HE,Female,0,Yes,Yes,62,No,No phone service,DSL,Yes,Yes,No,No,No,Yes,Month-to-month,Yes,Bank transfer (automatic),67.72,4235.46,5,No
5557-DW,Male,0,Yes,No,11,Yes,Yes,Fiber optic,Yes,Yes,Yes,No,Yes,Yes,One year,Yes,Bank transfer (automatic),110.58,1278.32,2,No
9275-OR,Male,0,No,No,67,Yes,No,Fiber optic,No,No,Yes,No,Yes,Yes,Month-to-month,Yes,Mailed check,95.63,6371.61,1,No
4180-HI,Female,0,Yes,Yes,40,Yes,No,DSL,Yes,Yes,No,No,Yes,No,Month-to-month,Yes,Bank transfer (automatic),74.43,3053.56,1,No
1614-NN,Male,0,Yes,No,40,Yes,No,Fiber optic,Yes,No,Yes,Yes,Yes,Yes,One year,Yes,Mailed check,117.16,4721.86,3,Yes
5570-DZ,Female,0,No,Yes,56,Yes,No,DSL,No,Yes,No,No,Yes,Yes,Month-to-month,No,Mailed check,73.23,4133.71,3,No
1270-CE,Female,0,Yes,No,53,Yes,Yes,DSL,No,Yes,No,No,No,No,Month-to-month,Yes,Electronic check,49.9,2661.23,0,No
4607-XJ,Male,0,No,No,28,No,No phone service,Fiber optic,No,No,No,Yes,No,Yes,Month-to-month,No,Electronic check,78.58,2236.15,3,Yes
4075-CB,Male,0,No,Yes,42,Yes,No,Fiber optic,No,No,No,No,Yes,No,Month-to-month,No,Electronic check,75.84,3228.77,2,Yes
9120-QW,Male,0,No,No,46,Yes,Yes,Fiber optic,No,No,No,No,Yes,No,Month-to-month,Yes,Mailed check,76.07,3399.56,1,Yes
4252-XT,Female,0,Yes,No,18,Yes,No,Fiber optic,Yes,Yes,No,No,Yes,Yes,Two year,No,Credit card (automatic),97.28,1776.44,2,No
1278-ME,Female,0,Yes,No,23,Yes,Yes,Fiber optic,No,No,Yes,No,No,Yes,One year,Yes,Credit card (automatic),85.95,2065.08,2,No
5958-UI,Female,0,No,No,26,Yes,Yes,Fiber optic,No,No,No,No,No,No,Month-to-month,Yes,Mailed check,64.34,1677.08,2,Yes
1824-YV,Male,0,No,No,29,Yes,Yes,Fiber optic,No,No,Yes,No,Yes,Yes,Two year,No,Electronic check,100.32,2951.16,1,No
6445-EY,Male,0,No,Yes,52,Yes,No,DSL,No,No,No,No,No,Yes,Month-to-month,No,Electronic check,55.32,2856.46,2,No
7534-GF,Male,0,Yes,No,46,Yes,No,DSL,No,No,Yes,Yes,Yes,Yes,Month-to-month,No,Mailed check,87.75,3944.09,1,No
4156-TC,Male,0,Yes,No,1,No,No phone service,Fiber optic,No,No,No,Yes,Yes,No,Month-to-month,Yes,Electronic check,76.7,38.07,2,Yes
9575-SV,Male,0,Yes,No,63,Yes,Yes,Fiber optic,No,No,No,No,Yes,Yes,Two year,Yes,Electronic check,86.46,5577.47,0,No
6934-DL,Male,0,Yes,Yes,16,Yes,No,No,No internet service,No internet service,No internet service,No internet service,No internet service,No internet service,One year,Yes,Mailed check,18.85,429.91,1,No
4109-SD,Female,1,Yes,No,25,Yes,Yes,DSL,No,No,No,No,No,Yes,One year,Yes,Credit card (automatic),56.18,1389.19,3,No
4240-EM,Female,0,Yes,No,62,Yes,No,DSL,No,No,No,No,No,Yes,Month-to-month,Yes,Electronic check,56.05,3492.88,4,No
2849-RE,Female,0,No,No,16,Yes,Yes,DSL,No,No,No,No,No,No,Month-to-month,Yes,Mailed check,45.91,803.12,1,Yes
7680-PS,Male,0,Yes,No,69,Yes,Yes,Fiber optic,No,Yes,Yes,No,No,No,Month-to-month,Yes,Electronic check,82.95,5727.68,0,No
1205-YP,Female,1,Yes,No,70,No,No phone service,Fiber optic,No,Yes,Yes,No,Yes,No,Month-to-month,No,Bank transfer (automatic),77.88,5484.06,0,No
4450-OV,Female,0,Yes,No,34,Yes,Yes,DSL,No,No,No,Yes,No,No,Month-to-month,Yes,Bank transfer (automatic),54.38,1945.42,4,No
4811-GP,Female,0,Yes,No,53,Yes,No,DSL,Yes,No,No,Yes,Yes,Yes,Two year,Yes,Bank transfer (automatic),84.51,4500.29,1,No
6141-UV,Male,0,Yes,No,23,Yes,No,Fiber optic,Yes,No,No,No,Yes,No,Month-to-month,No,Mailed check,83.37,1944.71,1,Yes
3708-HQ,Male,0,Yes,No,43,Yes,Yes,DSL,No,Yes,No,No,No,No,Month-to-month,Yes,Bank transfer (automatic),54.46,2337.57,2,No
9463-WJ,Female,0,Yes,No,44,Yes,No,DSL,No,Yes,No,Yes,No,No,Month-to-month,No,Electronic check,64.18,2788.41,3,No
4273-BI,Male,0,No,No,32,Yes,No,Fiber optic,No,No,No,No,No,Yes,Month-to-month,Yes,Electronic check,74.33,2425.93,0,No
4722-JV,Male,1,Yes,Yes,23,Yes,Yes,DSL,No,Yes,No,Yes,No,Yes,Month-to-month,Yes,Bank transfer (automatic),73.56,1761.11,1,Yes
3832-DP,Male,1,No,Yes,20,No,No phone service,DSL,No,No,No,No,No,Yes,Month-to-month,Yes,Electronic check,45.59,875.47,0,Yes
7579-OY,Male,0,No,No,19,Yes,Yes,Fiber optic,Yes,No,No,No,Yes,No,Two year,Yes,Bank transfer (automatic),82.98,1480.3,3,No
6754-UE,Female,1,No,No,72,Yes,No,DSL,No,No,No,No,No,No,Month-to-month,No,Electronic check,46.59,3215.99,2,No
3800-AY,Male,0,Yes,Yes,29,Yes,No,DSL,Yes,Yes,Yes,No,Yes,No,One year,No,Credit card (automatic),81.37,2374.16,4,No
3610-DQ,Female,0,Yes,No,18,Yes,Yes,DSL,No,No,Yes,Yes,Yes,No,Month-to-month,No,Electronic check,76.62,1376.37,2,Yes
8361-HO,Female,0,No,No,69,Yes,No,DSL,No,Yes,No,No,No,No,Month-to-month,No,Bank transfer (automatic),55.99,3948.49,2,No
8263-GF,Male,0,No,No,12,Yes,No,Fiber optic,No,Yes,Yes,No,Yes,Yes,Two year,No,Electronic check,105.72,1257.54,1,No
4072-OW,Male,0,No,No,10,Yes,No,Fiber optic,No,No,Yes,No,Yes,Yes,One year,Yes,Electronic check,93.46,1004.88,4,No
1166-YQ,Male,0,Yes,No,37,No,No phone service,DSL,No,No,No,No,Yes,No,Month-to-month,Yes,Credit card (automatic),52.62,1909.05,1,Yes
4489-II,Female,1,No,Yes,55,Yes,No,Fiber optic,No,No,Yes,No,No,No,Month-to-month,Yes,Electronic check,68.73,3807.15,1,Yes
6260-FF,Female,0,No,No,4,Yes,Yes,DSL,Yes,Yes,Yes,No,Yes,Yes,Month-to-month,No,Mailed check,93.63,348.58,2,Yes
2363-TU,Female,0,No,No,63,Yes,No,Fiber optic,Yes,Yes,No,No,No,No,Month-to-month,Yes,Electronic check,80.9,5087.25,1,No
2538-QQ,Female,0,Yes,No,12,Yes,Yes,Fiber optic,No,No,Yes,No,Yes,Yes,One year,Yes,Electronic check,99.56,1054.32,2,Yes
2903-OM,Female,0,Yes,No,18,Yes,No,DSL,No,No,Yes,Yes,No,Yes,Month-to-month,No,Electronic check,76.63,1316.98,2,No
3230-AQ,Female,0,Yes,Yes,8,Yes,Yes,DSL,No,No,No,No,Yes,Yes,Month-to-month,Yes,Bank transfer (automatic),66.42,508.12,3,Yes
8106-ZO,Female,0,Yes,No,32,Yes,No,Fiber optic,No,No,No,Yes,No,Yes,Month-to-month,Yes,Electronic check,86.62,2748.28,2,Yes
4171-DR,Male,0,No,No,49,Yes,Yes,Fiber optic,No,No,No,No,No,No,Two year,Yes,Electronic check,63.86,3170.02,3,No
9560-SK,Female,0,No,No,63,No,No phone service,Fiber optic,No,No,No,No,No,Yes,Month-to-month,No,Mailed check,61.42,3819.6,1,No
2907-CH,Female,0,No,Yes,59,Yes,Yes,DSL,No,No,Yes,No,Yes,No,Two year,Yes,Electronic check,61.96,3696.96,2,No
5173-ZA,Female,0,Yes,No,67,Yes,Yes,Fiber optic,No,No,No,No,Yes,No,One year,No,Bank transfer (automatic),75.47,4967.31,1,No
2293-BW,Female,1,No,Yes,39,Yes,No,DSL,No,Yes,Yes,No,Yes,Yes,Month-to-month,Yes,Credit card (automatic),86.79,3412.61,0,No
7871-SF,Male,0,Yes,No,50,Yes,No,Fiber optic,Yes,No,Yes,No,Yes,No,Month-to-month,Yes,Credit card (automatic),92.13,4586.42,1,No
8032-AQ,Female,0,No,No,71,Yes,No,Fiber optic,No,Yes,No,No,Yes,No,Month-to-month,No,Credit card (automatic),88.28,6215.98,0,Yes
6287-SU,Female,0,No,No,26,Yes,No,Fiber optic,No,Yes,No,No,No,No,Two year,No,Mailed check,74.95,1998.61,2,Yes
3240-EP,Male,0,Yes,No,23,Yes,Yes,DSL,Yes,No,Yes,No,No,Yes,One year,Yes,Electronic check,73.02,1765.63,3,No
1389-HM,Male,0,Yes,No,63,Yes,Yes,DSL,No,No,Yes,No,Yes,Yes,Month-to-month,No,Bank transfer (automatic),74.77,4765.82,1,No
2855-CS,Female,0,Yes,Yes,66,Yes,Yes,Fiber optic,Yes,No,Yes,No,Yes,Yes,One year,No,Electronic check,103.01,6801.41,0,No
3763-PK,Female,0,Yes,No,39,Yes,No,Fiber optic,No,No,No,No,No,No,Month-to-month,Yes,Mailed check,63.23,2548.4,1,No
2481-YT,Female,0,No,No,66,Yes,No,Fiber optic,No,Yes,No,No,Yes,No,Month-to-month,No,Credit card (automatic),88.08,5840.01,2,No
8262-DL,Female,0,Yes,Yes,46,Yes,No,Fiber optic,Yes,No,No,Yes,No,No,Month-to-month,No,Credit card (automatic),79.33,3641.59,2,No
4093-SY,Female,0,Yes,Yes,15,Yes,Yes,No,No internet service,No internet service,No internet service,No internet service,No internet service,No internet service,Two year,Yes,Electronic check,19.48,229.79,3,No
5068-HG,Female,0,Yes,No,16,No,No phone service,DSL,No,Yes,No,No,No,No,One year,No,Electronic check,41.47,613.8,3,No
4277-XW,Male,1,No,No,72,Yes,No,Fiber optic,No,No,Yes,No,Yes,Yes,Two year,Yes,Bank transfer (automatic),102.78,7446.78,3,No
8951-WS,Male,1,Yes,No,16,Yes,No,Fiber optic,No,No,No,Yes,No,No,Month-to-month,Yes,Electronic check,77.42,1211.88,1,Yes
5595-PH,Female,0,Yes,No,39,Yes,No,DSL,No,No,No,No,Yes,Yes,Month-to-month,No,Credit card (automatic),68.45,2613.16,1,No
8291-AQ,Female,0,No,No,11,Yes,No,DSL,No,Yes,Yes,Yes,No,Yes,Month-to-month,No,Electronic check,77.61,877.78,1,Yes
6131-UK,Female,1,Yes,No,36,Yes,No,DSL,No,No,No,No,No,No,Month-to-month,No,Bank transfer (automatic),42.43,1518.51,0,No
1139-QF,Male,0,Yes,Yes,18,Yes,Yes,No,No internet service,No internet service,No internet service,No internet service,No internet service,No internet service,Month-to-month,No,Bank transfer (automatic),23.76,420.64,1,No
4168-EY,Female,1,No,No,23,No,No phone service,Fiber optic,No,No,Yes,Yes,No,No,Two year,Yes,Electronic check,69.63,1564.19,2,No
7043-NE,Male,0,Yes,No,49,Yes,No,Fiber optic,Yes,No,No,No,Yes,No,Month-to-month,No,Mailed check,84.09,3992.07,3,No
7261-XA,Male,1,No,No,42,Yes,Yes,Fiber optic,No,Yes,Yes,Yes,Yes,No,Month-to-month,No,Credit card (automatic),102.11,4230.35,3,No
1049-PI,Female,1,No,No,44,Yes,Yes,DSL,No,No,No,No,No,No,Month-to-month,Yes,Electronic check,44.83,1891.14,1,Yes
1018-VE,Male,0,No,No,1,Yes,Yes,Fiber optic,Yes,No,No,No,Yes,Yes,Two year,Yes,Electronic check,95.08,142.08,2,No
9058-BO,Female,0,Yes,No,7,Yes,No,Fiber optic,No,No,No,No,No,No,Month-to-month,Yes,Electronic check,65.5,568.33,1,Yes
8846-DA,Male,0,No,No,48,No,No phone service,Fiber optic,No,No,No,No,No,Yes,Two year,Yes,Bank transfer (automatic),69.62,3333.19,3,No
4765-GO,Female,0,No,No,16,Yes,No,DSL,Yes,No,No,No,Yes,No,Two year,Yes,Electronic check,62.37,853.33,2,Yes
7358-SV,Female,0,Yes,Yes,48,Yes,Yes,No,No internet service,No internet service,No internet service,No internet service,No internet service,No internet service,Month-to-month,No,Bank transfer (automatic),18.5,892.01,4,No
8644-XT,Male,0,Yes,No,43,Yes,No,DSL,No,No,No,No,Yes,Yes,Month-to-month,Yes,Mailed check,73.05,3214.13,3,Yes
8196-XR,Male,0,Yes,Yes,51,Yes,No,DSL,No,No,No,No,Yes,No,One year,Yes,Credit card (automatic),57.19,2919.95,3,No
3761-IY,Male,0,No,Yes,66,Yes,Yes,Fiber optic,No,No,No,No,No,No,Month-to-month,No,Mailed check,62.76,4170.56,0,No
7361-JQ,Female,1,No,No,31,Yes,No,Fiber optic,No,No,No,No,Yes,No,One year,No,Electronic check,74.38,2326.41,0,No
1517-ZE,Male,0,No,No,39,No,No phone service,Fiber optic,Yes,No,Yes,No,No,No,Month-to-month,Yes,Credit card (automatic),73.62,2863.14,3,Yes
2988-RZ,Male,0,Yes,No,9,Yes,No,Fiber optic,Yes,Yes,Yes,Yes,Yes,No,Month-to-month,Yes,Electronic check,106.07,970.93,2,Yes
4802-QL,Female,0,Yes,No,41,No,No phone service,Fiber optic,No,No,No,Yes,Yes,No,Month-to-month,Yes,Credit card (automatic),79.26,3206.39,1,No
8162-CJ,Female,0,No,Yes,63,Yes,Yes,DSL,Yes,No,No,No,Yes,No,Month-to-month,No,Electronic check,66.36,4180.62,0,No
7241-YC,Male,0,No,Yes,14,No,No phone service,No,No internet service,No internet service,No internet service,No internet service,No internet service,No internet service,Month-to-month,Yes,Electronic check,18.5,260.57,4,Yes
9399-BX,Male,1,Yes,Yes,58,Yes,Yes,DSL,No,No,Yes,No,Yes,Yes,Two year,Yes,Bank transfer (automatic),74.85,4234.0,1,No
7309-VZ,Male,0,Yes,No,64,Yes,Yes,DSL,No,Yes,Yes,Yes,Yes,Yes,Two year,Yes,Bank transfer (automatic),90.35,5775.9,1,No
2518-FT,Female,0,Yes,Yes,28,Yes,No,DSL,No,Yes,Yes,No,Yes,Yes,Month-to-month,No,Electronic check,83.23,2282.74,1,Yes
3600-VT,Female,0,Yes,Yes,4,No,No phone service,Fiber optic,No,No,No,No,No,Yes,One year,Yes,Credit card (automatic),70.52,170.29,2,No
4554-OB,Male,0,No,No,34,Yes,No,DSL,Yes,No,No,Yes,Yes,No,Month-to-month,Yes,Bank transfer (automatic),75.07,2549.52,0,No
3849-VC,Female,0,No,Yes,4,Yes,No,DSL,No,No,No,Yes,Yes,Yes,Month-to-month,Yes,Electronic check,74.8,232.71,2,Yes
2742-JI,Male,0,Yes,Yes,70,Yes,No,Fiber optic,No,No,No,Yes,No,No,Month-to-month,Yes,Mailed check,77.9,5435.47,1,No
8519-PF,Male,0,Yes,No,58,Yes,Yes,DSL,No,No,No,No,Yes,Yes,One year,Yes,Credit card (automatic),75.54,4384.9,0,No
5195-BD,Female,0,Yes,No,4,Yes,Yes,DSL,No,Yes,No,Yes,No,Yes,Month-to-month,Yes,Electronic check,69.98,299.96,3,No
3642-ZY,Male,1,No,No,50,Yes,Yes,DSL,No,No,Yes,No,Yes,No,Two year,Yes,Credit card (automatic),58.83,3021.71,4,No
7409-UO,Male,0,Yes,No,5,Yes,Yes,Fiber optic,No,Yes,No,No,Yes,No,Month-to-month,No,Electronic check,84.11,282.77,3,Yes
5757-SP,Female,1,Yes,No,45,Yes,Yes,No,No internet service,No internet service,No internet service,No internet service,No internet service,No internet service,Month-to-month,Yes,Electronic check,20.06,896.74,1,No
2271-VD,Male,0,Yes,Yes,35,Yes,Yes,DSL,No,No,Yes,Yes,No,No,Month-to-month,Yes,Electronic check,63.12,2273.64,0,No
9801-YM,Male,0,Yes,No,27,Yes,No,Fiber optic,Yes,No,No,No,No,No,One year,Yes,Electronic check,73.38,1954.82,3,Yes
9475-AQ,Female,0,No,No,2,Yes,Yes,No,No internet service,No internet service,No internet service,No internet service,No internet service,No internet service,Month-to-month,No,Electronic check,18.5,48.56,1,Yes
5396-DG,Male,0,Yes,No,54,Yes,No,DSL,No,No,No,No,No,Yes,Month-to-month,No,Electronic check,54.44,2916.18,3,No
1816-ID,Male,0,Yes,No,72,Yes,Yes,Fiber optic,No,No,Yes,Yes,No,Yes,Month-to-month,No,Mailed check,92.93,6638.48,2,No
1082-AJ,Female,0,No,No,48,Yes,No,No,No internet service,No internet service,No internet service,No internet service,No internet service,No internet service,Month-to-month,No,Electronic check,22.98,1196.98,0,No
3093-JF,Female,0,Yes,No,49,No,No phone service,DSL,No,Yes,No,No,Yes,No,Month-to-month,Yes,Bank transfer (automatic),52.4,2571.06,1,No
9367-FQ,Female,0,Yes,No,1,Yes,No,DSL,No,No,No,No,Yes,No,Two year,Yes,Credit card (automatic),58.66,89.46,1,No
5937-RV,Male,0,No,No,33,Yes,Yes,No,No internet service,No internet service,No internet service,No internet service,No internet service,No internet service,Two year,No,Electronic check,18.5,682.05,0,No
4490-TU,Female,0,No,No,35,Yes,Yes,DSL,No,Yes,No,No,Yes,Yes,Two year,Yes,Mailed check,73.94,2613.95,3,No
8294-YO,Male,0,No,No,54,Yes,No,DSL,Yes,No,No,No,No,Yes,Two year,Yes,Electronic check,67.76,3711.71,4,No
4676-IZ,Female,0,No,No,56,Yes,No,Fiber optic,No,No,No,No,No,Yes,Month-to-month,Yes,Mailed check,80.64,4535.09,3,Yes
3962-XQ,Male,0,No,Yes,15,Yes,Yes,DSL,Yes,Yes,No,No,No,Yes,Month-to-month,Yes,Bank transfer (automatic),72.61,1124.59,2,No
5138-YI,Male,0,Yes,No,69,Yes,No,No,No internet service,No internet service,No internet service,No internet service,No internet service,No internet service,One year,Yes,Credit card (automatic),18.5,1242.88,2,No
5017-TM,Female,0,Yes,Yes,4,Yes,Yes,DSL,No,No,No,Yes,Yes,Yes,Two year,Yes,Credit card (automatic),76.09,313.42,2,No
9560-UW,Male,0,Yes,Yes,64,Yes,Yes,DSL,No,No,Yes,Yes,No,Yes,Month-to-month,No,Electronic check,68.62,4370.09,2,No
2134-TO,Male,0,Yes,No,22,Yes,Yes,Fiber optic,Yes,No,No,No,Yes,Yes,Month-to-month,No,Bank transfer (automatic),98.49,2170.75,2,No
6119-AY,Female,1,Yes,No,24,Yes,No,Fiber optic,No,Yes,No,No,No,No,Two year,No,Electronic check,71.39,1609.71,1,No
6485-EK,Male,0,No,Yes,47,Yes,No,No,No internet service,No internet service,No internet service,No internet service,No internet service,No internet service,Month-to-month,No,Mailed check,19.99,939.03,2,No
6039-BH,Male,0,No,No,6,Yes,No,Fiber optic,No,Yes,No,No,Yes,No,Month-to-month,Yes,Credit card (automatic),86.02,527.75,0,Yes
9252-RC,Male,0,Yes,No,27,Yes,No,No,No internet service,No internet service,No internet service,No internet service,No internet service,No internet service,One year,Yes,Electronic check,18.5,470.42,3,No
4901-ZA,Female,0,Yes,No,10,Yes,Yes,Fiber optic,Yes,Yes,No,No,Yes,Yes,Month-to-month,No,Bank transfer (automatic),106.06,1086.94,2,No
5426-PR,Female,0,Yes,Yes,39,Yes,No,Fiber optic,Yes,No,No,No,Yes,Yes,One year,Yes,Mailed check,100.73,3911.35,1,No
2629-PW,Female,0,No,No,37,Yes,No,DSL,Yes,No,No,No,No,No,Month-to-month,No,Credit card (automatic),49.18,1837.69,3,No
2361-FS,Female,1,Yes,No,54,Yes,Yes,No,No internet service,No internet service,No internet service,No internet service,No internet service,No internet service,Month-to-month,No,Electronic check,21.91,1258.26,3,Yes
6283-MX,Female,1,No,No,51,Yes,No,Fiber optic,No,No,No,No,No,No,Month-to-month,Yes,Electronic check,65.8,3311.86,0,No
2993-FA,Female,0,No,No,60,Yes,No,DSL,No,Yes,No,No,No,Yes,Two year,Yes,Electronic check,65.92,3912.69,3,No
2014-XN,Female,0,Yes,No,72,Yes,No,DSL,No,No,No,No,No,Yes,Month-to-month,Yes,Mailed check,58.42,4260.05,0,No
1690-NJ,Female,0,No,Yes,51,No,No phone service,No,No internet service,No internet service,No internet service,No internet service,No internet service,No internet service,Two year,No,Bank transfer (automatic),18.5,904.66,2,No
7864-IF,Male,0,Yes,No,62,Yes,Yes,Fiber optic,Yes,No,Yes,No,No,Yes,Two year,Yes,Electronic check,94.36,5859.5,0,No
8786-YG,Male,0,No,No,49,Yes,No,DSL,No,No,Yes,Yes,Yes,No,One year,Yes,Bank transfer (automatic),71.4,3484.94,2,No
6488-AV,Male,1,Yes,Yes,51,Yes,Yes,Fiber optic,Yes,Yes,No,Yes,No,No,Month-to-month,No,Bank transfer (automatic),90.71,4501.54,2,Yes
5744-RX,Male,0,Yes,No,28,Yes,Yes,Fiber optic,No,Yes,No,Yes,Yes,No,Month-to-month,Yes,Electronic check,97.28,2717.03,1,No
4258-UB,Female,0,No,No,36,Yes,No,DSL,No,Yes,No,No,Yes,No,One year,Yes,Bank transfer (automatic),60.59,2135.96,1,No
9636-ZK,Male,1,No,No,25,Yes,Yes,DSL,No,No,Yes,No,No,No,Month-to-month,No,Credit card (automatic),49.83,1255.02,1,No
6307-FZ,Male,0,Yes,Yes,36,Yes,Yes,Fiber optic,Yes,No,Yes,Yes,No,No,Month-to-month,No,Electronic check,86.59,3157.6,0,No
1679-DR,Male,0,Yes,No,60,Yes,No,DSL,No,No,No,No,Yes,Yes,Two year,Yes,Electronic check,69.87,4144.69,0,No
6738-EO,Male,0,Yes,Yes,7,Yes,Yes,DSL,Yes,No,No,Yes,No,No,Month-to-month,No,Electronic check,64.12,419.59,3,Yes
8697-BV,Male,0,No,No,65,Yes,Yes,DSL,Yes,Yes,Yes,No,Yes,Yes,Two year,No,Electronic check,90.25,5785.56,1,No
8352-MD,Female,0,Yes,No,36,Yes,No,Fiber optic,Yes,Yes,No,Yes,Yes,No,One year,No,Bank transfer (automatic),98.93,3565.34,2,No
9326-KV,Female,0,No,No,30,No,No phone service,DSL,No,Yes,No,Yes,No,Yes,Month-to-month,Yes,Electronic check,66.94,1999.98,2,Yes
9003-OA,Male,0,Yes,No,47,Yes,Yes,DSL,Yes,No,Yes,No,No,Yes,One year,Yes,Electronic check,74.74,3533.87,3,No
4074-NF,Male,1,Yes,No,29,Yes,No,DSL,No,Yes,No,Yes,Yes,No,One year,Yes,Mailed check,67.98,1984.43,3,No
9312-AF,Male,0,No,No,5,Yes,Yes,DSL,Yes,No,No,Yes,Yes,No,One year,Yes,Credit card (automatic),73.94,379.42,3,Yes
6103-EQ,Male,0,Yes,No,65,Yes,No,DSL,No,No,No,No,Yes,No,One year,No,Bank transfer (automatic),55.18,3558.36,0,No
3761-UR,Female,0,No,Yes,69,Yes,Yes,DSL,No,No,Yes,Yes,No,No,Month-to-month,Yes,Mailed check,61.74,4304.64,1,No
3668-OT,Male,0,No,No,63,Yes,Yes,DSL,No,Yes,Yes,No,Yes,Yes,Two year,Yes,Mailed check,84.99,5382.23,2,No
1802-DE,Female,0,Yes,No,56,No,No phone service,DSL,No,Yes,Yes,No,Yes,No,Month-to-month,Yes,Bank transfer (automatic),63.27,3563.49,2,No
1195-LX,Male,1,No,No,17,Yes,Yes,DSL,Yes,Yes,No,No,No,No,One year,Yes,Mailed check,59.15,997.73,1,No
5841-WY,Female,1,Yes,No,51,Yes,Yes,Fiber optic,No,No,Yes,No,No,Yes,Month-to-month,No,Bank transfer (automatic),83.59,4322.67,0,No
9468-ZT,Female,0,Yes,No,37,Yes,No,No,No internet service,No internet service,No internet service,No internet service,No internet service,No internet service,One year,No,Credit card (automatic),19.55,743.84,0,No
4927-YM,Female,1,Yes,No,9,Yes,No,Fiber optic,No,No,No,No,No,No,Month-to-month,No,Electronic check,62.49,572.07,0,No
3591-WE,Male,0,No,Yes,38,Yes,No,Fiber optic,Yes,Yes,No,No,Yes,Yes,Month-to-month,No,Electronic check,103.22,3847.89,2,No
7121-QJ,Male,0,Yes,Yes,53,Yes,Yes,No,No internet service,No internet service,No internet service,No internet service,No internet service,No internet service,Two year,Yes,Mailed check,18.5,1032.92,2,No
3854-PA,Female,0,Yes,No,13,Yes,Yes,DSL,No,No,No,No,No,No,One year,No,Credit card (automatic),44.74,703.78,0,No
8024-UI,Male,1,Yes,No,53,No,No phone service,Fiber optic,No,No,No,No,Yes,No,Month-to-month,Yes,Credit card (automatic),65.0,3422.18,1,Yes
2029-SM,Male,0,Yes,No,49,Yes,Yes,Fiber optic,Yes,No,Yes,Yes,Yes,Yes,Month-to-month,Yes,Electronic check,113.87,5556.47,1,Yes
3594-GV,Female,0,Yes,No,70,Yes,Yes,DSL,No,No,No,No,No,Yes,Month-to-month,Yes,Electronic check,58.95,4102.71,2,No
3472-VE,Male,0,Yes,No,35,No,No phone service,Fiber optic,No,No,Yes,No,No,Yes,Two year,No,Bank transfer (automatic),68.81,2391.06,2,No
1086-QL,Female,0,Yes,No,16,Yes,Yes,Fiber optic,Yes,No,Yes,No,No,Yes,Month-to-month,Yes,Credit card (automatic),92.17,1438.19,2,Yes
9143-CY,Male,0,Yes,No,13,Yes,Yes,Fiber optic,No,Yes,No,No,Yes,Yes,One year,No,Electronic check,100.54,1394.66,2,No
3773-IO,Male,0,Yes,Yes,11,Yes,Yes,Fiber optic,Yes,Yes,No,Yes,Yes,No,One year,Yes,Mailed check,100.01,1137.43,6,Yes
2700-WM,Female,0,No,No,2,Yes,No,DSL,No,No,No,No,No,No,Month-to-month,Yes,Mailed check,40.29,90.01,2,Yes
7815-NT,Female,0,No,No,19,Yes,No,DSL,Yes,No,No,No,Yes,No,Month-to-month,No,Electronic check,62.48,1227.21,3,No
2647-WM,Female,0,Yes,No,45,Yes,Yes,DSL,No,Yes,No,No,Yes,Yes,Month-to-month,No,Credit card (automatic),76.93,3500.08,2,No
6520-WH,Female,1,No,No,46,Yes,Yes,DSL,No,Yes,No,Yes,Yes,No,Month-to-month,Yes,Electronic check,74.73,3392.37,2,Yes
1596-BE,Male,0,Yes,No,47,Yes,No,Fiber optic,No,Yes,No,No,No,Yes,Month-to-month,Yes,Credit card (automatic),82.12,3850.65,3,No
9837-LR,Male,0,Yes,No,49,Yes,No,DSL,No,Yes,No,Yes,No,No,Month-to-month,No,Electronic check,61.59,3030.08,0,No
5757-VA,Male,0,No,No,42,Yes,Yes,No,No internet service,No internet service,No internet service,No internet service,No internet service,No internet service,One year,Yes,Credit card (automatic),22.92,995.67,0,No
9912-KJ,Female,0,No,No,33,Yes,No,DSL,No,No,Yes,Yes,Yes,No,Month-to-month,No,Mailed check,73.01,2438.77,1,No
9690-NZ,Male,1,No,No,41,Yes,No,DSL,No,No,No,Yes,Yes,No,Two year,No,Electronic check,67.61,2772.09,1,No
2673-OS,Male,0,No,Yes,69,Yes,No,Fiber optic,Yes,Yes,No,Yes,No,Yes,Month-to-month,Yes,Bank transfer (automatic),102.08,6946.12,2,Yes
8178-NG,Male,0,Yes,No,19,Yes,No,Fiber optic,Yes,Yes,No,No,Yes,Yes,Month-to-month,No,Electronic check,104.4,1907.84,3,Yes
3294-OV,Female,1,No,No,39,Yes,No,Fiber optic,No,No,No,No,Yes,No,Month-to-month,Yes,Electronic check,72.12,2786.94,1,No
1146-VO,Female,0,No,No,7,Yes,Yes,Fiber optic,No,Yes,No,No,Yes,Yes,Month-to-month,Yes,Electronic check,96.65,730.18,1,Yes
4453-XH,Male,0,Yes,No,39,Yes,No,DSL,No,No,Yes,No,No,No,Two year,No,Credit card (automatic),44.11,1722.5,2,No
6628-IO,Male,0,No,No,34,Yes,No,Fiber optic,No,No,No,No,No,No,One year,Yes,Electronic check,65.25,2214.51,1,No
4360-AS,Female,0,Yes,No,44,Yes,Yes,Fiber optic,No,No,Yes,No,No,No,Month-to-month,Yes,Mailed check,69.1,3007.49,2,No
3242-JH,Female,0,No,No,69,Yes,No,DSL,No,No,No,Yes,No,No,One year,Yes,Mailed check,53.35,3670.62,1,No
7318-JA,Female,1,Yes,No,68,Yes,No,DSL,No,No,Yes,No,Yes,Yes,Month-to-month,No,Credit card (automatic),76.71,5259.6,3,Yes
2948-RB,Female,0,Yes,No,63,Yes,No,Fiber optic,No,No,No,No,Yes,Yes,One year,Yes,Electronic check,95.34,6004.72,2,No
6618-MV,Male,0,No,No,71,Yes,No,DSL,No,Yes,No,Yes,No,No,Two year,Yes,Credit card (automatic),59.15,4207.68,1,No
2920-BP,Female,0,Yes,No,48,Yes,No,Fiber optic,No,Yes,Yes,No,No,No,One year,Yes,Bank transfer (automatic),78.17,3636.84,3,No
1238-MP,Male,0,No,No,3,Yes,No,Fiber optic,No,Yes,Yes,Yes,Yes,Yes,Two year,Yes,Mailed check,113.6,279.77,2,Yes
6552-UG,Female,0,No,No,34,Yes,No,DSL,Yes,No,Yes,No,Yes,No,One year,Yes,Credit card (automatic),67.96,2351.59,1,No
3687-XZ,Male,0,Yes,No,9,Yes,No,DSL,Yes,Yes,Yes,No,No,No,Month-to-month,Yes,Electronic check,70.08,635.08,0,Yes
7160-GM,Male,0,Yes,No,61,Yes,Yes,Fiber optic,No,No,Yes,No,No,No,One year,No,Bank transfer (automatic),72.64,4419.18,1,Yes
6126-ZQ,Female,0,No,No,20,Yes,No,Fiber optic,Yes,No,No,No,No,Yes,Month-to-month,No,Bank transfer (automatic),85.2,1659.95,0,Yes
1192-QQ,Male,0,No,No,40,Yes,No,DSL,No,No,No,Yes,No,Yes,Two year,Yes,Credit card (automatic),68.78,2713.24,0,No
7314-YC,Male,0,No,No,12,Yes,No,Fiber optic,Yes,No,Yes,Yes,Yes,Yes,One year,Yes,Credit card (automatic),110.49,1312.28,1,No
8374-UK,Male,1,No,No,28,Yes,Yes,Fiber optic,No,Yes,No,No,No,Yes,Month-to-month,No,Bank transfer (automatic),81.99,2271.23,2,Yes
4893-IX,Female,0,Yes,No,48,Yes,Yes,DSL,No,No,Yes,No,Yes,No,Month-to-month,No,Electronic check,63.6,3071.49,2,Yes
4904-YV,Female,0,Yes,No,7,Yes,No,Fiber optic,No,No,No,No,Yes,No,One year,No,Mailed check,73.88,570.89,2,No
7773-IG,Female,0,Yes,Yes,14,Yes,No,Fiber optic,Yes,No,No,Yes,Yes,Yes,One year,Yes,Electronic check,108.45,1564.44,1,No
1717-SS,Male,0,No,Yes,19,Yes,Yes,DSL,No,No,No,No,No,Yes,Two year,Yes,Mailed check,54.91,982.08,1,No
6057-IM,Male,1,No,No,54,Yes,No,Fiber optic,Yes,No,No,No,No,Yes,Month-to-month,No,Electronic check,85.47,4629.36,2,Yes
5994-KU,Male,0,Yes,No,60,Yes,No,Fiber optic,No,No,Yes,Yes,Yes,Yes,Two year,Yes,Credit card (automatic),103.71,6298.45,1,No
5637-YH,Male,0,Yes,Yes,67,Yes,Yes,DSL,Yes,Yes,Yes,No,Yes,Yes,Month-to-month,Yes,Mailed check,90.02,6040.66,2,No
7801-SP,Female,1,Yes,No,34,Yes,No,DSL,No,No,No,No,Yes,No,Month-to-month,Yes,Electronic check,54.19,1888.99,2,No
9385-HV,Male,0,No,Yes,41,No,No phone service,Fiber optic,No,No,No,No,No,Yes,Month-to-month,Yes,Electronic check,65.04,2735.06,3,No
3565-LO,Male,0,Yes,No,31,Yes,No,DSL,No,No,Yes,No,Yes,Yes,Month-to-month,Yes,Electronic check,74.19,2311.48,4,No
7328-HD,Male,1,No,Yes,39,Yes,Yes,Fiber optic,Yes,No,No,Yes,No,Yes,Month-to-month,No,Electronic check,92.85,3588.35,1,No
4406-TY,Female,0,Yes,No,52,Yes,No,Fiber optic,No,No,No,No,Yes,No,Month-to-month,No,Mailed check,75.32,3933.75,1,No
5780-RB,Male,0,Yes,No,47,Yes,No,No,No internet service,No internet service,No internet service,No internet service,No internet service,No internet service,Month-to-month,No,Electronic check,18.5,798.77,1,No
7476-MV,Female,0,No,No,20,Yes,No,Fiber optic,No,Yes,Yes,No,No,No,One year,Yes,Credit card (automatic),74.11,1493.56,1,No
3382-TJ,Female,0,Yes,No,52,Yes,Yes,DSL,No,No,No,No,No,No,One year,No,Mailed check,43.69,2295.41,2,No
1002-VN,Male,0,No,No,71,Yes,Yes,Fiber optic,No,Yes,No,No,No,Yes,One year,No,Credit card (automatic),85.49,5961.64,2,No
6951-HW,Male,0,Yes,No,62,Yes,Yes,Fiber optic,No,Yes,No,No,No,No,Two year,Yes,Mailed check,68.6,4151.98,1,No
6626-TK,Male,0,Yes,Yes,5,Yes,Yes,Fiber optic,No,No,No,No,Yes,Yes,Month-to-month,Yes,Bank transfer (automatic),92.73,503.44,1,No
7239-KB,Male,0,Yes,No,57,Yes,Yes,Fiber optic,Yes,Yes,No,No,No,Yes,One year,No,Mailed check,87.05,4875.94,2,No
1670-BX,Female,0,No,No,4,Yes,Yes,Fiber optic,No,No,No,No,Yes,No,One year,No,Bank transfer (automatic),72.5,231.82,2,No
6167-YD,Female,0,No,No,11,Yes,Yes,DSL,No,No,No,Yes,No,No,Two year,No,Bank transfer (automatic),48.75,554.18,1,No
6255-IZ,Female,1,Yes,Yes,19,Yes,No,Fiber optic,No,Yes,No,No,Yes,No,One year,Yes,Bank transfer (automatic),87.06,1604.33,4,No
7457-EP,Female,0,Yes,No,27,No,No phone service,DSL,No,No,No,Yes,Yes,No,Month-to-month,Yes,Electronic check,54.93,1481.05,1,No
3854-ZT,Female,0,No,No,29,No,No phone service,DSL,Yes,Yes,No,No,No,Yes,One year,Yes,Mailed check,66.28,1956.39,2,No
4792-CE,Female,0,Yes,No,18,Yes,Yes,DSL,Yes,Yes,No,No,Yes,No,Month-to-month,Yes,Bank transfer (automatic),67.1,1239.5,0,No
6330-LG,Female,0,Yes,Yes,37,Yes,No,DSL,No,No,Yes,No,No,Yes,Month-to-month,Yes,Credit card (automatic),71.2,2674.89,0,No
4163-IF,Female,0,Yes,No,61,Yes,Yes,No,No internet service,No internet service,No internet service,No internet service,No internet service,No internet service,Month-to-month,Yes,Bank transfer (automatic),18.5,1146.41,1,No
3972-ZQ,Female,0,No,No,47,Yes,Yes,DSL,No,No,Yes,No,Yes,No,Two year,No,Credit card (automatic),63.26,3028.25,1,No
1990-CU,Female,0,Yes,Yes,20,Yes,No,Fiber optic,Yes,No,No,No,No,Yes,Month-to-month,Yes,Electronic check,84.41,1657.19,7,No
9995-JE,Male,0,Yes,No,70,Yes,Yes,Fiber optic,No,Yes,No,Yes,Yes,Yes,Month-to-month,Yes,Electronic check,105.77,7395.49,2,No
6876-VJ,Male,0,Yes,Yes,49,Yes,Yes,Fiber optic,No,No,No,No,Yes,No,Month-to-month,No,Electronic check,77.14,3774.69,0,Yes
3891-JM,Male,0,Yes,Yes,15,No,No phone service,Fiber optic,No,No,Yes,No,Yes,No,Month-to-month,Yes,Bank transfer (automatic),74.13,997.02,0,No
7410-VP,Female,1,No,No,18,Yes,Yes,Fiber optic,No,No,No,No,Yes,Yes,Two year,No,Mailed check,92.33,1662.12,1,Yes
1615-YH,Male,0,No,No,38,Yes,No,DSL,No,Yes,No,No,No,Yes,Month-to-month,No,Bank transfer (automatic),62.55,2430.08,4,No
8404-BL,Female,1,Yes,No,22,Yes,No,Fiber optic,No,Yes,No,No,Yes,Yes,Month-to-month,Yes,Bank transfer (automatic),94.46,2092.55,0,Yes
9841-LK,Female,1,Yes,No,60,Yes,Yes,DSL,No,Yes,No,No,Yes,Yes,Month-to-month,Yes,Bank transfer (automatic),80.33,4854.41,5,No
4278-PQ,Male,1,Yes,No,66,Yes,No,Fiber optic,No,Yes,No,No,Yes,Yes,Month-to-month,No,Bank transfer (automatic),96.4,6353.64,2,No
4801-BR,Female,1,No,No,26,Yes,Yes,No,No internet service,No internet service,No internet service,No internet service,No internet service,No internet service,Month-to-month,Yes,Electronic check,18.5,524.72,1,Yes
7539-SZ,Male,1,Yes,Yes,64,Yes,Yes,No,No internet service,No internet service,No internet service,No internet service,No internet service,No internet service,Month-to-month,Yes,Electronic check,22.09,1377.34,1,No
5886-RQ,Female,0,No,No,58,Yes,Yes,DSL,No,No,Yes,No,Yes,No,Month-to-month,No,Electronic check,63.47,3693.36,1,Yes
1383-FY,Female,0,Yes,No,3,Yes,No,Fiber optic,No,No,No,No,No,Yes,Month-to-month,Yes,Credit card (automatic),82.53,359.3,4,Yes
5334-CF,Male,0,Yes,No,30,Yes,Yes,DSL,No,No,Yes,Yes,Yes,No,One year,Yes,Bank transfer (automatic),70.15,2146.87,1,No
7204-AM,Male,1,Yes,No,19,Yes,No,Fiber optic,No,Yes,No,No,No,No,One year,Yes,Electronic check,72.93,1380.48,1,No
7111-UZ,Male,0,No,No,10,Yes,No,Fiber optic,Yes,No,No,No,Yes,No,Two year,Yes,Mailed check,81.94,754.56,1,Yes
1922-DG,Male,0,No,Yes,46,Yes,Yes,DSL,Yes,No,No,Yes,Yes,No,Month-to-month,No,Electronic check,73.47,3448.9,0,No
8957-JG,Male,0,Yes,Yes,19,Yes,No,Fiber optic,Yes,No,No,No,Yes,Yes,Month-to-month,Yes,Bank transfer (automatic),94.83,1898.88,1,No
2230-DW,Male,0,Yes,Yes,58,Yes,No,DSL,No,Yes,Yes,No,No,Yes,One year,No,Credit card (automatic),71.01,4217.52,2,No
5933-XT,Female,0,Yes,No,6,Yes,No,No,No internet service,No internet service,No internet service,No internet service,No internet service,No internet service,Month-to-month,Yes,Bank transfer (automatic),18.82,137.46,0,No
4940-TL,Female,0,Yes,Yes,51,Yes,No,No,No internet service,No internet service,No internet service,No internet service,No internet service,No internet service,Month-to-month,Yes,Bank transfer (automatic),18.5,800.01,3,No
1160-HA,Female,0,Yes,No,14,Yes,No,DSL,No,Yes,No,No,Yes,No,One year,Yes,Credit card (automatic),60.94,824.97,2,No
4748-VF,Female,0,Yes,No,58,Yes,No,Fiber optic,Yes,No,No,Yes,No,No,Two year,Yes,Mailed check,82.09,4836.73,1,No
5500-CO,Male,0,No,No,8,Yes,No,DSL,No,Yes,No,No,No,Yes,Month-to-month,Yes,Bank transfer (automatic),62.91,504.96,4,Yes
3875-XN,Female,0,Yes,No,2,No,No phone service,DSL,Yes,No,Yes,No,No,No,Two year,Yes,Credit card (automatic),51.89,117.33,1,No
1689-PF,Female,0,Yes,No,18,Yes,Yes,Fiber optic,No,No,No,Yes,Yes,Yes,Month-to-month,No,Bank transfer (automatic),94.76,1700.43,1,Yes
3103-NX,Male,1,Yes,No,57,Yes,No,DSL,Yes,Yes,Yes,No,No,No,Month-to-month,No,Mailed check,67.76,3867.95,1,No
9092-GH,Female,0,Yes,No,35,Yes,No,DSL,No,No,No,No,No,No,Two year,No,Bank transfer (automatic),45.84,1554.31,1,No
5172-FR,Male,0,Yes,Yes,66,Yes,Yes,No,No internet service,No internet service,No internet service,No internet service,No internet service,No internet service,One year,No,Bank transfer (automatic),25.04,1582.11,1,No
3378-AV,Male,0,Yes,Yes,56,Yes,No,DSL,Yes,No,No,No,No,Yes,Two year,Yes,Electronic check,65.56,3572.88,0,No
5988-FP,Male,0,Yes,No,43,Yes,No,Fiber optic,No,Yes,Yes,No,Yes,No,One year,Yes,Electronic check,92.3,3952.87,2,No
9490-JC,Female,0,No,No,72,Yes,Yes,Fiber optic,Yes,Yes,Yes,Yes,Yes,No,One year,No,Electronic check,103.41,7363.93,2,No
5460-CO,Male,0,Yes,No,8,Yes,Yes,Fiber optic,Yes,No,No,No,No,No,One year,Yes,Credit card (automatic),73.5,668.08,4,Yes
7396-MQ,Female,1,Yes,Yes,5,Yes,Yes,Fiber optic,Yes,No,No,No,No,No,One year,Yes,Credit card (automatic),69.49,345.94,0,No
3850-TK,Female,0,No,No,13,Yes,No,DSL,No,No,Yes,Yes,Yes,Yes,Month-to-month,No,Mailed check,80.5,1015.94,2,No
3964-SV,Female,0,Yes,No,7,Yes,No,Fiber optic,Yes,Yes,Yes,No,No,Yes,Month-to-month,No,Electronic check,98.37,715.45,0,Yes
7644-CV,Male,1,No,No,21,Yes,Yes,No,No internet service,No internet service,No internet service,No internet service,No internet service,No internet service,Month-to-month,Yes,Electronic check,21.07,411.79,0,Yes
1165-NX,Male,0,Yes,No,37,No,No phone service,No,No internet service,No internet service,No internet service,No internet service,No internet service,No internet service,Month-to-month,Yes,Electronic check,18.5,774.84,2,No
9305-QD,Male,0,No,Yes,45,No,No phone service,Fiber optic,Yes,Yes,No,No,No,No,One year,Yes,Mailed check,74.79,3373.69,1,No
7047-WO,Female,0,No,No,52,Yes,Yes,Fiber optic,Yes,Yes,No,No,Yes,Yes,Month-to-month,Yes,Electronic check,102.38,5350.05,0,No
4839-KZ,Female,1,No,Yes,48,No,No phone service,Fiber optic,No,Yes,Yes,No,No,Yes,Month-to-month,Yes,Credit card (automatic),78.71,3812.58,0,No
9706-PE,Male,1,No,No,62,Yes,Yes,Fiber optic,No,Yes,Yes,Yes,No,No,Month-to-month,No,Credit card (automatic),85.48,5243.79,5,No
1067-SK,Female,1,Yes,No,51,Yes,No,Fiber optic,No,Yes,No,No,Yes,Yes,Month-to-month,Yes,Mailed check,94.3,4696.03,5,Yes
4521-JK,Male,0,No,No,4,No,No phone service,DSL,Yes,Yes,No,Yes,Yes,No,Month-to-month,Yes,Electronic check,68.96,337.92,2,Yes
8832-TP,Male,0,Yes,No,56,Yes,Yes,DSL,No,No,Yes,Yes,No,Yes,Month-to-month,Yes,Mailed check,76.11,4300.94,0,No
3258-WX,Female,0,No,Yes,34,Yes,Yes,Fiber optic,Yes,Yes,Yes,No,No,Yes,Month-to-month,No,Electronic check,104.1,3603.03,1,No
1650-NB,Female,0,Yes,Yes,45,Yes,No,Fiber optic,No,No,No,No,No,Yes,Month-to-month,No,Bank transfer (automatic),77.73,3468.6,3,No
7838-EE,Male,1,No,No,16,Yes,No,Fiber optic,No,Yes,No,No,Yes,Yes,Two year,No,Credit card (automatic),96.75,1616.3,0,No
6780-LR,Female,1,No,No,9,Yes,No,Fiber optic,No,No,Yes,No,No,Yes,Month-to-month,Yes,Mailed check,83.45,850.74,2,No
6232-JT,Male,0,No,No,16,Yes,No,DSL,Yes,Yes,No,No,Yes,Yes,Month-to-month,No,Mailed check,84.27,1321.27,0,No
8845-YN,Male,0,Yes,Yes,31,Yes,Yes,DSL,No,Yes,No,No,No,Yes,One year,Yes,Credit card (automatic),67.04,2081.84,1,No
5383-KR,Female,0,No,No,13,Yes,Yes,Fiber optic,Yes,Yes,No,No,Yes,No,Month-to-month,Yes,Electronic check,89.11,1207.96,1,No
4226-WV,Male,0,Yes,Yes,5,No,No phone service,DSL,No,Yes,No,Yes,No,Yes,Two year,Yes,Electronic check,61.26,359.44,2,No
8031-WK,Female,0,Yes,No,47,Yes,No,No,No internet service,No internet service,No internet service,No internet service,No internet service,No internet service,Month-to-month,Yes,Electronic check,20.31,1063.85,1,No
4716-WI,Male,0,No,No,39,Yes,No,DSL,No,Yes,No,Yes,Yes,No,Two year,Yes,Bank transfer (automatic),69.12,2734.56,2,No
1570-YI,Female,0,No,No,18,Yes,Yes,Fiber optic,No,No,Yes,Yes,No,No,Month-to-month,No,Electronic check,81.24,1451.84,2,Yes
3505-VS,Female,0,No,Yes,20,Yes,No,DSL,Yes,No,Yes,No,Yes,Yes,Month-to-month,Yes,Credit card (automatic),80.08,1633.48,2,No
7982-DA,Male,0,No,No,2,Yes,Yes,DSL,No,No,No,Yes,No,No,Month-to-month,Yes,Credit card (automatic),54.64,26.63,1,Yes
2678-HL,Female,1,Yes,Yes,40,Yes,Yes,DSL,No,No,Yes,No,No,Yes,Two year,Yes,Credit card (automatic),63.82,2626.44,1,No
8086-QN,Female,0,No,Yes,30,Yes,No,Fiber optic,No,No,Yes,No,Yes,No,One year,Yes,Mailed check,84.09,2514.67,1,Yes
5749-RT,Male,1,Yes,No,10,Yes,Yes,Fiber optic,No,Yes,No,No,Yes,No,Two year,Yes,Mailed check,84.48,813.02,1,No
5529-PA,Female,0,Yes,No,64,Yes,No,DSL,Yes,No,No,No,No,No,Month-to-month,Yes,Credit card (automatic),55.41,3503.71,6,Yes
9566-KO,Male,0,Yes,Yes,42,Yes,No,DSL,Yes,Yes,No,Yes,No,Yes,Two year,No,Electronic check,79.65,3328.25,1,No
5875-HV,Female,0,No,No,53,Yes,Yes,Fiber optic,No,Yes,No,No,No,No,Month-to-month,No,Mailed check,71.75,3730.41,0,No
5627-FC,Male,0,Yes,No,53,Yes,No,Fiber optic,Yes,No,Yes,No,No,Yes,Month-to-month,Yes,Mailed check,90.08,4761.41,2,No
8323-XZ,Male,0,Yes,No,40,Yes,No,DSL,Yes,No,No,No,No,No,Month-to-month,Yes,Mailed check,53.17,2111.8,0,No
6213-MM,Male,0,No,No,16,Yes,No,No,No internet service,No internet service,No internet service,No internet service,No internet service,No internet service,Two year,No,Credit card (automatic),20.05,287.22,0,No
2857-EQ,Male,0,Yes,No,48,Yes,No,DSL,No,No,No,Yes,Yes,No,Month-to-month,Yes,Bank transfer (automatic),62.9,3009.33,1,No
3789-BD,Female,0,No,No,61,Yes,No,No,No internet service,No internet service,No internet service,No internet service,No internet service,No internet service,Month-to-month,No,Credit card (automatic),22.25,1360.97,0,Yes
8605-ZK,Male,0,No,No,38,Yes,No,DSL,No,Yes,No,No,Yes,Yes,Month-to-month,Yes,Electronic check,77.24,2893.9,1,No
9135-LH,Female,0,Yes,Yes,44,Yes,No,Fiber optic,No,Yes,No,Yes,Yes,No,Month-to-month,No,Credit card (automatic),95.77,4235.35,5,No
4882-VT,Male,0,No,No,15,Yes,No,DSL,No,No,Yes,No,Yes,No,Month-to-month,No,Electronic check,65.24,949.42,1,No
8175-HZ,Female,0,Yes,Yes,61,Yes,No,Fiber optic,No,No,Yes,No,Yes,No,Month-to-month,No,Bank transfer (automatic),86.3,5231.23,2,No
6021-QT,Male,0,No,No,7,No,No phone service,Fiber optic,No,Yes,No,No,No,No,Month-to-month,No,Bank transfer (automatic),59.56,469.48,1,Yes
7582-PN,Female,0,Yes,No,30,Yes,No,DSL,No,No,No,No,Yes,No,Two year,Yes,Electronic check,56.03,1708.52,2,No
6866-GP,Female,1,Yes,No,36,Yes,No,DSL,No,Yes,No,No,Yes,Yes,Two year,Yes,Bank transfer (automatic),73.03,2712.7,0,No
8212-OX,Male,0,No,No,11,Yes,No,DSL,No,No,No,Yes,Yes,No,Month-to-month,No,Mailed check,67.92,757.24,2,No
8382-XI,Male,1,Yes,Yes,70,No,No phone service,Fiber optic,No,No,No,No,No,No,Two year,No,Electronic check,54.5,3827.75,1,No
3259-EJ,Male,0,No,Yes,29,Yes,Yes,Fiber optic,Yes,No,No,No,No,No,One year,Yes,Mailed check,71.95,2131.22,3,No
1464-OW,Female,0,Yes,No,6,Yes,Yes,DSL,Yes,No,No,No,No,No,Month-to-month,Yes,Credit card (automatic),53.65,279.36,2,No
8431-OU,Female,0,Yes,No,51,Yes,Yes,Fiber optic,No,No,Yes,No,No,No,Month-to-month,Yes,Mailed check,72.08,3652.84,1,No
4805-NT,Female,0,No,No,38,Yes,No,DSL,No,No,Yes,Yes,Yes,Yes,Two year,Yes,Mailed check,84.91,3284.81,0,No
6750-LQ,Female,0,Yes,No,22,Yes,No,DSL,Yes,No,No,Yes,Yes,No,Month-to-month,Yes,Electronic check,78.67,1746.09,0,No
4856-JS,Male,0,Yes,No,54,Yes,No,DSL,No,No,Yes,Yes,No,No,Month-to-month,No,Electronic check,58.18,3089.92,2,No
5589-KB,Male,0,No,No,40,Yes,No,DSL,No,No,Yes,Yes,Yes,Yes,One year,Yes,Credit card (automatic),82.79,3382.97,1,No
7065-GL,Male,0,No,Yes,7,Yes,Yes,DSL,No,No,Yes,No,Yes,Yes,One year,Yes,Credit card (automatic),77.59,492.94,0,No
3617-BT,Male,0,Yes,No,40,Yes,Yes,Fiber optic,No,No,No,Yes,No,No,Month-to-month,No,Credit card (automatic),72.83,2940.02,0,No
5145-FX,Female,0,No,Yes,24,Yes,No,No,No internet service,No internet service,No internet service,No internet service,No internet service,No internet service,Two year,Yes,Mailed check,18.5,444.51,0,No
7628-TC,Female,0,No,No,41,Yes,Yes,Fiber optic,Yes,Yes,No,No,Yes,Yes,Month-to-month,No,Electronic check,97.41,3925.42,0,Yes
8972-YH,Male,1,Yes,No,51,Yes,Yes,No,No internet service,No internet service,No internet service,No internet service,No internet service,No internet service,Month-to-month,Yes,Credit card (automatic),18.5,935.96,1,No
9775-HL,Female,0,No,No,39,Yes,No,Fiber optic,Yes,No,Yes,Yes,No,No,Month-to-month,Yes,Mailed check,89.45,3515.49,2,Yes
2942-HK,Male,1,Yes,No,43,Yes,Yes,DSL,No,No,No,Yes,Yes,Yes,Month-to-month,No,Credit card (automatic),76.94,3315.81,1,No
9301-HX,Female,0,No,No,69,Yes,No,Fiber optic,Yes,Yes,No,No,Yes,No,Two year,Yes,Mailed check,91.94,6330.55,0,No
1649-GQ,Female,0,No,No,59,Yes,Yes,Fiber optic,Yes,Yes,No,Yes,No,No,One year,Yes,Credit card (automatic),86.2,5075.16,0,No
8587-MD,Female,0,No,No,25,Yes,No,Fiber optic,Yes,Yes,No,No,No,Yes,Month-to-month,Yes,Electronic check,93.92,2380.84,4,Yes
3148-ZV,Female,0,No,Yes,25,Yes,No,Fiber optic,No,Yes,No,Yes,No,Yes,Two year,Yes,Credit card (automatic),91.28,2313.1,1,No
6457-FX,Female,0,Yes,No,24,No,No phone service,Fiber optic,Yes,No,No,No,No,No,Month-to-month,No,Credit card (automatic),65.93,1579.36,4,Yes
8542-KN,Female,0,Yes,Yes,62,Yes,No,Fiber optic,Yes,Yes,No,No,Yes,No,Month-to-month,Yes,Electronic check,92.76,5791.36,0,No
8357-EF,Male,1,Yes,No,43,Yes,Yes,DSL,No,Yes,No,Yes,Yes,No,Two year,No,Bank transfer (automatic),74.29,3253.48,0,No
2289-HN,Female,0,Yes,Yes,59,Yes,No,Fiber optic,Yes,No,No,Yes,Yes,No,Month-to-month,No,Electronic check,94.92,5611.46,1,No
8522-LP,Male,0,No,Yes,54,Yes,Yes,DSL,No,No,Yes,No,Yes,Yes,Month-to-month,Yes,Electronic check,75.3,4015.1,2,No
6462-QA,Male,1,No,Yes,26,Yes,Yes,DSL,No,Yes,No,No,Yes,Yes,Month-to-month,Yes,Mailed check,76.15,2001.31,0,Yes
4318-JY,Male,0,Yes,Yes,54,Yes,Yes,No,No internet service,No internet service,No internet service,No internet service,No internet service,No internet service,Month-to-month,Yes,Electronic check,19.39,1081.09,2,No
7324-XB,Male,0,Yes,No,61,Yes,No,Fiber optic,No,Yes,Yes,Yes,Yes,No,One year,No,Mailed check,103.04,6302.42,0,No
1776-VM,Male,0,No,No,44,Yes,No,Fiber optic,Yes,Yes,No,No,No,Yes,One year,Yes,Bank transfer (automatic),88.26,3845.4,0,No
6208-PR,Male,0,Yes,Yes,9,Yes,No,Fiber optic,Yes,No,Yes,No,No,Yes,Month-to-month,Yes,Bank transfer (automatic),96.3,843.11,1,Yes
6067-HQ,Female,0,Yes,No,42,Yes,No,DSL,No,Yes,No,No,Yes,No,Two year,No,Mailed check,61.68,2651.31,1,No
6518-JO,Female,1,No,No,29,Yes,Yes,Fiber optic,No,No,No,No,No,Yes,Two year,Yes,Electronic check,77.41,2286.05,3,No
7094-WG,Female,0,Yes,No,58,Yes,No,DSL,No,No,No,Yes,No,Yes,Month-to-month,No,Electronic check,65.29,3836.1,3,No
8692-QI,Male,0,No,No,63,Yes,Yes,Fiber optic,Yes,Yes,Yes,Yes,Yes,No,Month-to-month,Yes,Credit card (automatic),108.71,6908.56,2,No
5135-TZ,Male,0,Yes,No,49,Yes,Yes,Fiber optic,Yes,No,Yes,No,No,No,Month-to-month,Yes,Mailed check,80.92,3923.71,3,Yes
8124-RM,Male,0,No,No,11,Yes,Yes,No,No internet service,No internet service,No internet service,No internet service,No internet service,No internet service,One year,Yes,Bank transfer (automatic),21.88,170.76,3,No
1446-LL,Female,0,No,No,54,Yes,Yes,No,No internet service,No internet service,No internet service,No internet service,No internet service,No internet service,Month-to-month,No,Electronic check,18.55,1053.63,3,No
4109-SG,Female,0,Yes,No,30,Yes,No,DSL,Yes,No,No,Yes,Yes,Yes,Month-to-month,Yes,Mailed check,89.27,2564.78,1,No
1226-PR,Female,0,Yes,No,66,Yes,Yes,Fiber optic,Yes,No,No,Yes,Yes,Yes,Month-to-month,Yes,Credit card (automatic),108.51,7256.57,3,No
6558-GD,Male,1,Yes,No,65,Yes,Yes,Fiber optic,No,No,Yes,No,Yes,Yes,Two year,Yes,Bank transfer (automatic),95.02,6182.82,3,No
1186-YH,Male,0,Yes,No,58,Yes,No,DSL,Yes,Yes,Yes,No,No,Yes,Two year,Yes,Bank transfer (automatic),83.86,4847.86,3,No
2932-MQ,Male,0,Yes,Yes,57,Yes,Yes,Fiber optic,Yes,Yes,No,Yes,Yes,Yes,One year,No,Mailed check,111.0,6307.39,1,No
3032-EF,Female,0,No,Yes,37,Yes,Yes,No,No internet service,No internet service,No internet service,No internet service,No internet service,No internet service,One year,No,Bank transfer (automatic),21.71,775.61,0,No
6074-MY,Male,0,No,No,54,Yes,No,DSL,Yes,No,Yes,Yes,No,No,Month-to-month,Yes,Bank transfer (automatic),69.0,3749.17,3,No
2881-NV,Male,1,No,No,69,Yes,Yes,No,No internet service,No internet service,No internet service,No internet service,No internet service,No internet service,Two year,No,Electronic check,18.5,1271.05,2,No
7139-GH,Male,0,Yes,No,24,Yes,No,Fiber optic,No,No,No,No,No,No,Two year,Yes,Electronic check,71.22,1749.92,1,No
2695-FF,Male,0,No,Yes,63,Yes,No,DSL,No,No,No,Yes,Yes,Yes,Month-to-month,Yes,Electronic check,78.51,5002.47,3,No
7263-UC,Female,0,Yes,No,51,Yes,Yes,Fiber optic,No,No,No,No,Yes,Yes,Two year,No,Electronic check,87.76,4460.12,1,No
8579-CM,Female,0,No,Yes,15,Yes,No,Fiber optic,No,No,Yes,Yes,No,No,Two year,Yes,Bank transfer (automatic),81.25,1243.19,2,No
7901-BP,Male,0,No,Yes,47,Yes,Yes,Fiber optic,Yes,No,No,No,No,Yes,Month-to-month,No,Credit card (automatic),86.98,4102.65,0,Yes
9597-FH,Male,0,No,No,46,Yes,Yes,Fiber optic,No,Yes,No,Yes,No,Yes,Two year,No,Bank transfer (automatic),90.3,4138.47,2,No
3294-HY,Female,1,No,Yes,30,Yes,Yes,Fiber optic,No,No,No,No,No,Yes,Month-to-month,No,Bank transfer (automatic),76.64,2251.91,1,Yes
5482-LQ,Female,0,Yes,No,20,Yes,Yes,Fiber optic,No,No,No,Yes,No,Yes,Two year,Yes,Credit card (automatic),87.3,1706.28,2,No
6918-ET,Male,0,Yes,Yes,57,Yes,No,DSL,No,Yes,Yes,No,No,Yes,Two year,No,Credit card (automatic),72.19,4171.64,1,No
4416-IU,Female,0,No,No,49,Yes,Yes,DSL,No,No,No,No,Yes,No,Two year,Yes,Electronic check,57.15,2787.05,1,No
4558-VD,Female,0,Yes,No,56,Yes,Yes,DSL,Yes,No,No,No,Yes,Yes,Month-to-month,Yes,Electronic check,71.36,4010.34,2,No
5620-MJ,Male,0,Yes,No,56,No,No phone service,Fiber optic,No,No,No,No,No,No,Month-to-month,No,Bank transfer (automatic),53.4,3061.63,2,No
9112-TT,Female,0,No,No,25,Yes,No,No,No internet service,No internet service,No internet service,No internet service,No internet service,No internet service,Month-to-month,Yes,Mailed check,22.02,520.02,4,No
1336-VD,Female,0,No,No,9,Yes,Yes,DSL,No,Yes,No,No,No,Yes,Month-to-month,Yes,Credit card (automatic),66.86,623.06,2,No
4968-OM,Female,1,Yes,Yes,22,Yes,Yes,DSL,No,No,Yes,No,No,Yes,Month-to-month,No,Credit card (automatic),63.96,1428.04,3,Yes
4129-HR,Female,0,Yes,Yes,37,Yes,No,No,No internet service,No internet service,No internet service,No internet service,No internet service,No internet service,Two year,Yes,Credit card (automatic),18.74,674.48,2,No
6850-MW,Male,0,Yes,No,28,No,No phone service,Fiber optic,Yes,No,No,No,Yes,Yes,Month-to-month,Yes,Bank transfer (automatic),87.27,2446.28,3,No
9519-HZ,Female,0,No,No,14,Yes,No,DSL,Yes,No,No,No,Yes,Yes,One year,Yes,Bank transfer (automatic),79.39,1227.07,2,No
2134-MG,Female,0,Yes,Yes,30,Yes,Yes,DSL,Yes,Yes,No,Yes,No,Yes,Month-to-month,No,Bank transfer (automatic),80.22,2389.46,3,No
9347-YP,Male,0,No,Yes,39,Yes,Yes,No,No internet service,No internet service,No internet service,No internet service,No internet service,No internet service,Month-to-month,Yes,Electronic check,27.25,1043.53,1,No
1886-BV,Female,0,No,Yes,57,Yes,Yes,Fiber optic,No,No,No,No,Yes,No,Month-to-month,No,Electronic check,72.01,4067.83,4,Yes
1721-QG,Male,0,Yes,No,5,Yes,Yes,Fiber optic,No,No,Yes,Yes,Yes,Yes,Two year,No,Mailed check,107.1,531.31,0,No
7751-RN,Male,0,Yes,Yes,12,Yes,Yes,Fiber optic,No,Yes,No,No,Yes,Yes,Two year,Yes,Bank transfer (automatic),94.61,1149.93,3,Yes
2117-RM,Female,0,Yes,Yes,35,No,No phone service,Fiber optic,No,No,No,No,No,No,One year,Yes,Credit card (automatic),51.18,1863.02,3,No
2647-WQ,Female,1,No,Yes,41,No,No phone service,Fiber optic,No,No,No,No,No,Yes,Month-to-month,No,Electronic check,67.71,2785.8,1,Yes
7771-OI,Female,0,Yes,No,63,Yes,Yes,DSL,No,No,Yes,No,No,Yes,Month-to-month,Yes,Electronic check,63.54,4036.12,3,No
3761-LU,Female,0,No,Yes,42,Yes,Yes,Fiber optic,Yes,No,No,No,Yes,No,One year,Yes,Credit card (automatic),83.69,3467.54,1,No
8069-AY,Female,1,Yes,No,65,Yes,Yes,No,No internet service,No internet service,No internet service,No internet service,No internet service,No internet service,One year,No,Electronic check,18.5,1109.64,2,No
3696-VO,Male,0,Yes,No,65,Yes,Yes,No,No internet service,No internet service,No internet service,No internet service,No internet service,No internet service,Two year,Yes,Bank transfer (automatic),19.39,1307.56,2,No
4072-LC,Female,0,No,No,43,Yes,No,Fiber optic,No,Yes,No,No,No,Yes,Month-to-month,No,Electronic check,84.45,3598.67,0,Yes
4791-IO,Male,0,Yes,Yes,60,Yes,Yes,Fiber optic,No,No,No,No,Yes,Yes,One year,Yes,Credit card (automatic),90.07,5285.67,1,No
2504-MN,Female,0,No,No,20,Yes,Yes,DSL,No,No,No,Yes,No,No,Month-to-month,Yes,Bank transfer (automatic),58.05,1249.54,1,No
6048-HH,Male,0,Yes,Yes,63,Yes,Yes,DSL,Yes,Yes,Yes,Yes,Yes,Yes,Month-to-month,Yes,Electronic check,103.23,6570.25,1,Yes
2690-LA,Female,0,No,Yes,24,Yes,Yes,No,No internet service,No internet service,No internet service,No internet service,No internet service,No internet service,Month-to-month,Yes,Electronic check,19.66,462.57,4,No
4303-JS,Female,1,No,No,72,Yes,No,DSL,No,Yes,No,Yes,Yes,No,Month-to-month,No,Credit card (automatic),68.42,4887.56,1,No
8850-QA,Female,0,No,No,35,No,No phone service,DSL,No,No,No,Yes,No,Yes,Month-to-month,Yes,Credit card (automatic),53.95,1832.31,2,Yes
9924-UU,Female,0,Yes,Yes,41,Yes,No,Fiber optic,Yes,No,Yes,No,Yes,Yes,Month-to-month,Yes,Electronic check,110.7,4530.51,2,Yes
9615-WX,Female,0,Yes,No,16,Yes,Yes,Fiber optic,No,No,Yes,Yes,Yes,No,One year,No,Electronic check,97.99,1602.09,1,No
5485-VR,Male,0,Yes,No,6,Yes,Yes,Fiber optic,No,No,Yes,No,Yes,No,One year,No,Electronic check,84.85,508.74,1,Yes
9100-MS,Female,1,Yes,No,20,Yes,No,Fiber optic,No,No,No,Yes,No,Yes,Month-to-month,No,Mailed check,84.87,1700.23,6,Yes
5917-HI,Female,0,No,No,56,Yes,Yes,Fiber optic,Yes,Yes,No,No,Yes,Yes,Month-to-month,Yes,Electronic check,101.23,5760.5,0,Yes
5322-SK,Female,0,Yes,Yes,8,Yes,No,DSL,Yes,No,No,Yes,No,Yes,One year,No,Credit card (automatic),73.07,508.63,3,No
7999-QU,Male,0,Yes,Yes,6,Yes,Yes,No,No internet service,No internet service,No internet service,No internet service,No internet service,No internet service,Month-to-month,No,Mailed check,20.44,146.42,1,No
8282-BH,Female,0,No,No,8,Yes,No,No,No internet service,No internet service,No internet service,No internet service,No internet service,No internet service,Two year,No,Electronic check,18.5,185.6,2,No
2874-GQ,Male,0,No,No,62,Yes,Yes,DSL,No,No,Yes,Yes,No,No,Two year,No,Mailed check,56.55,3498.2,1,No
2051-BF,Female,0,No,No,14,Yes,Yes,Fiber optic,No,No,No,No,Yes,No,Month-to-month,Yes,Bank transfer (automatic),73.93,1106.49,3,Yes
8538-TD,Male,0,Yes,No,3,Yes,Yes,DSL,No,Yes,No,No,Yes,Yes,One year,Yes,Bank transfer (automatic),80.32,291.49,1,No
7320-KD,Female,0,Yes,No,2,Yes,No,Fiber optic,No,Yes,No,Yes,No,No,Month-to-month,Yes,Electronic check,80.41,184.78,1,Yes
3105-MT,Female,0,Yes,No,22,Yes,No,Fiber optic,No,No,Yes,No,No,Yes,Month-to-month,Yes,Mailed check,84.69,1839.59,1,No
8737-QI,Male,0,Yes,No,70,No,No phone service,DSL,Yes,No,No,No,No,No,Month-to-month,No,Mailed check,43.82,3016.23,0,No
2251-WN,Female,0,Yes,Yes,71,Yes,No,DSL,Yes,Yes,No,No,Yes,Yes,Month-to-month,No,Electronic check,84.64,5928.89,3,No
7226-ZC,Male,1,No,No,6,Yes,Yes,Fiber optic,No,No,No,No,Yes,No,Month-to-month,No,Electronic check,73.35,510.47,2,Yes
6869-HX,Female,0,Yes,No,50,Yes,No,No,No internet service,No internet service,No internet service,No internet service,No internet service,No internet service,Month-to-month,Yes,Credit card (automatic),24.54,1335.05,2,No
5891-AJ,Female,1,Yes,No,44,Yes,Yes,DSL,No,No,Yes,No,No,Yes,Month-to-month,Yes,Mailed check,64.72,2879.65,1,No
3863-HA,Male,0,Yes,No,8,Yes,No,Fiber optic,No,No,No,No,Yes,Yes,Two year,No,Bank transfer (automatic),87.57,710.52,2,No
7603-HX,Female,0,Yes,Yes,24,Yes,Yes,DSL,Yes,Yes,Yes,No,Yes,No,Two year,Yes,Electronic check,78.44,1889.73,0,No
7513-DF,Male,0,Yes,No,27,Yes,No,DSL,No,No,No,Yes,No,Yes,Month-to-month,Yes,Credit card (automatic),64.37,1752.22,0,No
1183-LX,Male,0,Yes,No,53,Yes,No,Fiber optic,No,Yes,No,No,Yes,No,One year,Yes,Credit card (automatic),82.23,4409.45,1,No
7797-MY,Female,0,Yes,No,51,Yes,No,Fiber optic,No,No,Yes,Yes,No,Yes,Month-to-month,No,Credit card (automatic),93.98,4710.92,1,Yes
8678-BC,Female,0,Yes,Yes,28,Yes,No,Fiber optic,No,Yes,Yes,No,Yes,No,Month-to-month,No,Mailed check,81.27,2279.14,1,No
2273-XV,Female,0,Yes,Yes,59,Yes,Yes,Fiber optic,No,Yes,No,No,No,Yes,One year,Yes,Mailed check,82.09,4820.02,0,No
2096-ZT,Male,0,No,No,69,Yes,No,Fiber optic,No,No,Yes,No,No,Yes,Two year,Yes,Credit card (automatic),80.9,5593.1,3,No
9002-XE,Male,0,Yes,Yes,25,Yes,No,Fiber optic,Yes,No,No,Yes,Yes,Yes,One year,Yes,Credit card (automatic),106.39,2569.97,1,No
6314-ZP,Female,0,Yes,No,44,Yes,Yes,Fiber optic,No,No,Yes,Yes,Yes,Yes,One year,No,Credit card (automatic),99.84,4343.58,2,No
1270-CL,Male,0,No,No,47,Yes,No,DSL,No,No,No,Yes,Yes,Yes,Month-to-month,No,Electronic check,73.22,3373.54,1,No
7305-WR,Male,0,Yes,No,13,Yes,No,Fiber optic,No,Yes,No,Yes,Yes,No,One year,Yes,Bank transfer (automatic),91.2,1210.7,6,No
7995-LW,Male,0,No,Yes,53,Yes,Yes,DSL,Yes,No,No,Yes,No,Yes,Two year,Yes,Bank transfer (automatic),75.47,3987.87,1,No
8299-WP,Male,0,No,Yes,53,Yes,No,DSL,No,No,No,Yes,No,No,Two year,No,Mailed check,59.02,3116.48,2,No
3230-PA,Female,0,Yes,No,37,Yes,No,DSL,Yes,No,No,No,No,Yes,Month-to-month,No,Electronic check,67.39,2532.96,1,No
4672-BC,Female,0,No,Yes,63,No,No phone service,Fiber optic,No,No,No,No,Yes,Yes,Two year,No,Electronic check,79.36,4979.07,4,No
8545-UY,Female,0,No,No,66,Yes,No,DSL,No,No,No,Yes,Yes,No,One year,Yes,Credit card (automatic),69.63,4640.1,2,No
6552-TV,Male,0,Yes,Yes,40,Yes,Yes,DSL,No,Yes,No,No,Yes,Yes,Month-to-month,Yes,Mailed check,76.64,3053.91,3,No
7589-AT,Male,1,No,No,61,Yes,Yes,Fiber optic,No,Yes,No,No,Yes,Yes,Two year,No,Credit card (automatic),100.2,6154.84,2,Yes
3341-OZ,Male,0,Yes,No,6,Yes,Yes,Fiber optic,Yes,Yes,No,Yes,No,No,One year,No,Electronic check,89.02,583.08,1,Yes
1249-NT,Male,1,Yes,No,25,Yes,No,Fiber optic,Yes,Yes,Yes,No,Yes,No,Month-to-month,No,Electronic check,105.33,2634.37,0,Yes
1974-NY,Female,0,No,No,46,Yes,No,Fiber optic,No,No,No,Yes,No,Yes,One year,No,Mailed check,81.31,3819.22,6,No
3672-KP,Male,1,No,No,31,Yes,No,No,No internet service,No internet service,No internet service,No internet service,No internet service,No internet service,One year,Yes,Bank transfer (automatic),21.42,624.75,1,No
8531-OW,Male,0,No,No,63,Yes,Yes,Fiber optic,Yes,No,No,No,No,No,Month-to-month,No,Bank transfer (automatic),69.35,4340.83,1,No
2987-RU,Female,0,Yes,No,68,Yes,No,DSL,Yes,No,No,No,No,No,One year,Yes,Electronic check,54.46,3585.4,1,No
5059-CV,Female,0,No,Yes,39,Yes,Yes,No,No internet service,No internet service,No internet service,No internet service,No internet service,No internet service,Two year,No,Credit card (automatic),21.28,827.0,1,No
9383-CH,Female,0,No,No,36,Yes,No,DSL,Yes,Yes,No,No,Yes,Yes,Month-to-month,Yes,Credit card (automatic),86.58,3053.98,1,No
8409-JY,Male,0,Yes,No,7,No,No phone service,Fiber optic,Yes,No,Yes,Yes,Yes,Yes,Month-to-month,Yes,Electronic check,104.68,798.55,3,Yes
8347-QH,Male,1,No,No,66,Yes,No,Fiber optic,No,Yes,No,No,Yes,Yes,Month-to-month,Yes,Mailed check,98.23,6475.49,0,No
7646-KE,Male,1,Yes,No,55,Yes,No,Fiber optic,No,Yes,No,Yes,Yes,Yes,Month-to-month,Yes,Electronic check,107.19,5867.24,1,Yes
7009-MU,Male,0,Yes,Yes,72,Yes,No,Fiber optic,No,Yes,No,No,Yes,No,Two year,Yes,Credit card (automatic),83.62,6038.09,4,No
1310-EX,Male,1,Yes,No,42,Yes,Yes,No,No internet service,No internet service,No internet service,No internet service,No internet service,No internet service,Two year,No,Mailed check,19.74,861.6,1,No
5538-MF,Male,1,Yes,Yes,27,Yes,No,No,No internet service,No internet service,No internet service,No internet service,No internet service,No internet service,Month-to-month,No,Credit card (automatic),26.74,657.9,2,Yes
4932-EI,Female,0,No,No,2,Yes,Yes,DSL,Yes,No,No,Yes,No,Yes,Month-to-month,Yes,Mailed check,72.64,120.04,1,No
8616-HS,Male,0,Yes,Yes,70,Yes,No,No,No internet service,No internet service,No internet service,No internet service,No internet service,No internet service,Month-to-month,No,Bank transfer (automatic),18.55,1333.77,0,No
6898-LL,Female,0,No,No,4,Yes,Yes,DSL,Yes,No,No,No,Yes,Yes,Month-to-month,Yes,Credit card (automatic),80.18,326.08,1,Yes
5006-ZM,Female,0,Yes,No,21,Yes,No,Fiber optic,No,Yes,Yes,Yes,No,Yes,Month-to-month,No,Bank transfer (automatic),100.02,2147.32,3,Yes
1890-HV,Female,0,Yes,No,1,Yes,No,Fiber optic,Yes,Yes,No,Yes,Yes,Yes,One year,Yes,Electronic check,116.95,126.6,1,Yes
9923-ZI,Male,0,No,No,38,Yes,Yes,No,No internet service,No internet service,No internet service,No internet service,No internet service,No internet service,One year,Yes,Credit card (automatic),18.5,669.35,2,No
9806-ZU,Male,0,Yes,No,60,No,No phone service,DSL,No,No,Yes,Yes,No,No,Month-to-month,Yes,Credit card (automatic),53.1,3204.22,3,No
2719-OB,Female,0,No,No,14,Yes,No,No,No internet service,No internet service,No internet service,No internet service,No internet service,No internet service,Month-to-month,No,Electronic check,18.5,299.98,0,No
7686-TY,Male,1,No,Yes,17,Yes,No,No,No internet service,No internet service,No internet service,No internet service,No internet service,No internet service,Month-to-month,Yes,Mailed check,22.02,452.63,2,Yes
1896-WV,Male,0,No,No,47,No,No phone service,No,No internet service,No internet service,No internet service,No internet service,No internet service,No internet service,Month-to-month,Yes,Credit card (automatic),18.5,891.36,3,No
5647-EO,Female,0,Yes,No,56,Yes,Yes,DSL,No,No,Yes,No,Yes,No,Month-to-month,No,Bank transfer (automatic),64.7,3616.48,2,No
3432-AY,Male,0,No,No,53,Yes,No,Fiber optic,No,No,No,No,No,No,One year,Yes,Electronic check,63.65,3343.19,1,No
7837-JU,Male,0,No,No,18,Yes,Yes,Fiber optic,No,No,No,No,No,No,Month-to-month,Yes,Credit card (automatic),64.79,1153.83,0,Yes
6454-QV,Male,0,Yes,No,69,No,No phone service,DSL,No,No,Yes,No,No,No,One year,No,Mailed check,44.73,3066.61,0,No
9869-CM,Male,0,No,No,48,Yes,No,No,No internet service,No internet service,No internet service,No internet service,No internet service,No internet service,Two year,No,Credit card (automatic),22.17,985.81,0,No
7845-OQ,Female,0,Yes,No,9,Yes,No,DSL,No,Yes,Yes,No,Yes,Yes,One year,Yes,Bank transfer (automatic),83.95,722.88,0,No
5624-VZ,Female,1,Yes,No,54,No,No phone service,DSL,Yes,No,No,Yes,Yes,No,Two year,Yes,Bank transfer (automatic),70.1,3828.91,0,No
9848-FQ,Male,0,Yes,No,35,Yes,No,DSL,No,No,Yes,No,Yes,No,One year,Yes,Electronic check,66.07,2230.61,2,No
5591-NM,Male,0,No,No,46,Yes,Yes,DSL,No,No,No,No,Yes,Yes,Month-to-month,Yes,Mailed check,67.51,3174.49,0,Yes
3821-CN,Male,0,No,No,1,Yes,Yes,Fiber optic,No,No,Yes,Yes,Yes,Yes,Month-to-month,Yes,Credit card (automatic),104.44,107.16,3,Yes
8693-OH,Female,1,Yes,Yes,41,Yes,No,No,No internet service,No internet service,No internet service,No internet service,No internet service,No internet service,One year,No,Credit card (automatic),20.23,742.9,0,No
4580-MQ,Male,0,Yes,Yes,32,Yes,No,No,No internet service,No internet service,No internet service,No internet service,No internet service,No internet service,Month-to-month,Yes,Electronic check,23.6,686.95,2,Yes
3462-UX,Male,1,No,Yes,40,Yes,No,DSL,Yes,No,No,No,Yes,Yes,Month-to-month,Yes,Mailed check,79.99,3119.34,2,Yes
8984-WY,Female,0,Yes,Yes,11,Yes,Yes,DSL,No,Yes,Yes,No,No,Yes,One year,Yes,Mailed check,69.78,758.89,0,No
7049-ZO,Male,1,Yes,Yes,62,Yes,No,DSL,No,Yes,Yes,No,Yes,No,Month-to-month,Yes,Mailed check,73.43,4544.43,0,No
1985-TF,Female,0,No,No,46,Yes,Yes,Fiber optic,No,Yes,No,No,No,Yes,Two year,Yes,Mailed check,83.42,3865.84,2,No
9901-RR,Male,0,No,No,48,Yes,No,No,No internet service,No internet service,No internet service,No internet service,No internet service,No internet service,Month-to-month,No,Electronic check,18.5,810.97,0,Yes
7928-YN,Female,0,Yes,No,43,Yes,Yes,DSL,Yes,No,No,No,Yes,Yes,Month-to-month,Yes,Credit card (automatic),78.91,3430.23,3,No
8566-SK,Male,1,Yes,No,51,No,No phone service,DSL,No,Yes,Yes,No,Yes,Yes,Two year,Yes,Credit card (automatic),70.14,3540.9,0,No
2003-CQ,Male,0,No,No,61,Yes,No,No,No internet service,No internet service,No internet service,No internet service,No internet service,No internet service,Month-to-month,No,Mailed check,20.69,1241.53,2,No
3466-ST,Female,1,No,Yes,42,Yes,Yes,Fiber optic,Yes,Yes,Yes,No,Yes,Yes,Month-to-month,No,Credit card (automatic),112.71,4752.93,1,Yes
2635-CZ,Female,0,Yes,Yes,26,Yes,No,DSL,No,No,No,No,No,Yes,Two year,Yes,Mailed check,55.91,1448.19,3,No
2895-XQ,Female,0,Yes,No,11,Yes,No,Fiber optic,Yes,Yes,No,No,No,Yes,Two year,Yes,Electronic check,90.73,960.08,3,No
2073-AC,Female,0,Yes,No,25,Yes,No,DSL,No,No,Yes,No,Yes,Yes,Month-to-month,No,Mailed check,75.83,1922.23,1,No
5895-DM,Female,0,No,No,40,Yes,No,Fiber optic,No,No,No,Yes,Yes,Yes,Two year,Yes,Electronic check,103.3,4102.36,1,No
2956-PO,Male,0,No,No,25,Yes,No,Fiber optic,No,No,Yes,No,Yes,Yes,Month-to-month,No,Credit card (automatic),94.29,2355.08,0,Yes
4907-HP,Female,0,Yes,Yes,52,Yes,Yes,Fiber optic,No,No,Yes,Yes,No,Yes,One year,Yes,Electronic check,94.42,4858.86,0,No
5827-PD,Female,0,No,No,3,Yes,No,Fiber optic,No,No,No,No,No,Yes,Month-to-month,Yes,Electronic check,75.69,273.72,0,Yes
5524-ZM,Female,1,No,No,39,No,No phone service,DSL,Yes,No,No,No,Yes,Yes,One year,No,Bank transfer (automatic),69.39,2629.76,0,Yes
6313-CV,Female,0,No,No,35,Yes,No,Fiber optic,Yes,Yes,No,No,No,No,Month-to-month,No,Electronic check,76.97,2620.27,0,Yes
5887-OK,Male,0,No,Yes,40,Yes,Yes,DSL,No,No,No,Yes,Yes,Yes,Month-to-month,No,Electronic check,78.17,3086.52,1,No
4558-MB,Male,1,Yes,No,22,Yes,Yes,DSL,Yes,No,Yes,Yes,Yes,No,Month-to-month,Yes,Mailed check,77.12,1772.9,1,Yes
4847-GX,Male,0,Yes,No,62,Yes,Yes,Fiber optic,Yes,Yes,Yes,Yes,No,Yes,Month-to-month,No,Credit card (automatic),103.86,6452.29,1,No
3418-GJ,Male,0,No,No,19,Yes,Yes,DSL,No,No,No,No,No,No,Two year,No,Bank transfer (automatic),44.66,844.86,1,No
6244-YP,Male,0,No,No,14,Yes,Yes,Fiber optic,No,No,No,No,No,No,Month-to-month,Yes,Bank transfer (automatic),64.29,845.37,1,Yes
5066-JF,Female,0,Yes,No,50,Yes,No,Fiber optic,No,Yes,No,No,Yes,Yes,Month-to-month,Yes,Electronic check,94.08,4719.4,0,No
9849-RE,Male,0,No,No,62,Yes,No,DSL,No,No,Yes,No,Yes,Yes,Month-to-month,Yes,Credit card (automatic),72.89,4499.55,0,No
1422-BK,Male,0,Yes,Yes,43,Yes,No,DSL,No,No,No,No,No,Yes,Month-to-month,No,Bank transfer (automatic),56.02,2376.12,4,Yes
8549-MW,Female,1,Yes,No,55,Yes,No,No,No internet service,No internet service,No internet service,No internet service,No internet service,No internet service,Two year,No,Mailed check,18.81,1089.67,1,No
9644-FX,Female,0,Yes,Yes,40,Yes,No,DSL,Yes,Yes,No,No,Yes,Yes,Month-to-month,Yes,Bank transfer (automatic),87.65,3554.04,1,Yes
2657-NL,Male,0,No,Yes,12,Yes,No,Fiber optic,No,No,No,No,Yes,Yes,One year,Yes,Mailed check,93.37,1037.2,2,No
4075-WF,Male,0,No,Yes,65,Yes,Yes,DSL,No,Yes,No,No,No,Yes,Month-to-month,Yes,Electronic check,63.3,4160.74,0,Yes
9479-JR,Female,0,Yes,No,34,Yes,No,DSL,No,Yes,No,Yes,Yes,No,Month-to-month,No,Bank transfer (automatic),73.63,2477.56,0,No
2447-ZI,Male,0,No,Yes,23,Yes,Yes,Fiber optic,Yes,No,No,No,Yes,No,Month-to-month,Yes,Electronic check,86.22,1989.24,3,Yes
2764-JT,Female,1,No,Yes,71,Yes,No,Fiber optic,No,No,No,No,No,Yes,Month-to-month,No,Bank transfer (automatic),76.09,5302.84,3,No
3671-XC,Female,0,No,No,7,Yes,Yes,Fiber optic,Yes,No,Yes,Yes,Yes,Yes,Two year,No,Mailed check,111.24,810.26,3,No
4177-KK,Male,1,Yes,No,65,Yes,No,Fiber optic,No,Yes,No,No,No,Yes,Month-to-month,No,Mailed check,84.69,5525.14,2,No
8263-DD,Male,0,Yes,No,18,Yes,No,Fiber optic,No,No,Yes,No,No,Yes,Two year,No,Mailed check,84.22,1480.01,1,No
1808-SE,Male,0,Yes,No,8,No,No phone service,Fiber optic,Yes,No,No,No,No,No,Month-to-month,Yes,Electronic check,60.29,487.11,2,No
1725-XF,Female,0,No,No,42,Yes,Yes,Fiber optic,No,No,Yes,No,Yes,Yes,One year,Yes,Bank transfer (automatic),98.21,4023.95,1,No
8701-AT,Female,0,No,No,1,Yes,Yes,DSL,No,No,No,Yes,No,No,Two year,Yes,Credit card (automatic),57.86,18.5,0,No
3197-PW,Male,0,No,No,15,Yes,No,Fiber optic,No,No,Yes,Yes,No,No,Month-to-month,No,Mailed check,83.2,1174.34,2,Yes
9970-MJ,Male,1,No,Yes,28,Yes,No,DSL,Yes,No,Yes,Yes,No,No,Month-to-month,Yes,Electronic check,74.44,2088.21,2,Yes
6634-IL,Male,0,Yes,Yes,36,Yes,No,Fiber optic,Yes,Yes,No,No,No,Yes,Month-to-month,No,Electronic check,96.49,3450.23,1,Yes
9790-NA,Female,0,No,No,46,Yes,No,Fiber optic,No,No,No,No,No,No,Month-to-month,Yes,Bank transfer (automatic),67.05,3081.89,1,No
2814-JS,Female,1,Yes,Yes,21,Yes,Yes,No,No internet service,No internet service,No internet service,No internet service,No internet service,No internet service,Two year,Yes,Electronic check,18.5,331.98,0,No
1124-OE,Female,0,Yes,No,49,Yes,Yes,DSL,No,No,No,Yes,No,No,One year,Yes,Mailed check,53.16,2507.63,2,No
3931-WY,Male,0,Yes,No,39,Yes,No,Fiber optic,No,Yes,No,Yes,Yes,Yes,One year,No,Mailed check,108.38,4290.85,0,No
3971-BM,Female,0,No,Yes,38,Yes,Yes,Fiber optic,No,No,Yes,Yes,No,No,Month-to-month,Yes,Bank transfer (automatic),82.46,3057.73,2,No
8415-PO,Female,0,No,No,9,No,No phone service,Fiber optic,Yes,Yes,No,No,No,No,Two year,No,Mailed check,72.22,544.59,2,No
4096-JN,Male,0,Yes,No,20,Yes,No,DSL,No,No,No,No,No,No,Month-to-month,No,Bank transfer (automatic),40.82,864.4,1,No
4561-YN,Female,0,Yes,No,8,Yes,No,DSL,No,No,Yes,Yes,No,No,Month-to-month,Yes,Credit card (automatic),63.12,504.43,1,No
7782-IY,Male,1,Yes,No,14,No,No phone service,Fiber optic,Yes,No,Yes,No,Yes,No,Two year,Yes,Electronic check,82.62,1213.18,2,No
9307-PB,Female,0,No,Yes,62,Yes,No,Fiber optic,No,No,No,No,No,Yes,Month-to-month,Yes,Bank transfer (automatic),79.11,4966.23,3,Yes
6578-KU,Male,0,No,No,35,Yes,Yes,Fiber optic,Yes,No,No,No,Yes,Yes,One year,Yes,Electronic check,98.76,3359.78,0,No
7548-VM,Male,0,No,No,55,Yes,Yes,Fiber optic,No,Yes,No,No,No,No,Month-to-month,Yes,Electronic check,76.93,4225.01,1,No
4792-BL,Female,1,No,No,45,No,No phone service,DSL,Yes,No,No,No,No,Yes,One year,Yes,Electronic check,56.54,2557.62,1,No
7197-KP,Male,0,Yes,No,21,Yes,No,Fiber optic,No,No,No,No,Yes,Yes,Two year,Yes,Bank transfer (automatic),90.41,1910.78,2,No
9432-SR,Female,0,Yes,No,53,Yes,Yes,No,No internet service,No internet service,No internet service,No internet service,No internet service,No internet service,Month-to-month,No,Electronic check,18.5,969.77,3,Yes
2012-ZP,Male,0,Yes,Yes,54,Yes,No,DSL,No,No,Yes,No,No,No,Month-to-month,No,Credit card (automatic),54.95,3063.36,0,No
5586-OO,Male,0,Yes,Yes,43,Yes,No,Fiber optic,No,Yes,Yes,Yes,No,No,Two year,Yes,Mailed check,89.43,3856.33,2,No
7447-JL,Male,0,Yes,No,6,Yes,Yes,DSL,No,No,No,Yes,No,No,Month-to-month,Yes,Electronic check,52.53,331.83,1,Yes
6877-BZ,Female,0,Yes,No,55,No,No phone service,No,No internet service,No internet service,No internet service,No internet service,No internet service,No internet service,Month-to-month,No,Bank transfer (automatic),18.5,984.45,0,No
5922-OH,Male,1,No,Yes,44,Yes,Yes,Fiber optic,Yes,No,No,No,No,No,One year,Yes,Electronic check,72.05,3079.22,2,Yes
2902-WN,Male,0,Yes,No,68,No,No phone service,DSL,No,Yes,Yes,Yes,Yes,Yes,One year,No,Electronic check,86.2,5900.74,2,No
5670-HL,Female,0,Yes,No,4,Yes,Yes,DSL,No,No,Yes,No,Yes,Yes,Month-to-month,Yes,Mailed check,83.1,325.75,2,Yes
1140-KQ,Male,0,No,Yes,63,Yes,Yes,Fiber optic,No,Yes,Yes,Yes,No,No,Two year,No,Electronic check,87.07,5544.32,5,Yes
1464-XD,Male,0,Yes,No,58,Yes,No,Fiber optic,No,No,Yes,No,No,No,Two year,No,Electronic check,69.18,3950.38,2,Yes
9711-EZ,Male,1,No,Yes,54,Yes,Yes,Fiber optic,No,No,No,No,No,No,Two year,Yes,Bank transfer (automatic),68.03,3655.74,1,Yes
5815-DV,Male,0,No,Yes,38,No,No phone service,Fiber optic,No,No,Yes,No,No,Yes,Month-to-month,No,Mailed check,72.95,2729.0,2,No
7543-NJ,Female,0,Yes,Yes,60,No,No phone service,Fiber optic,No,Yes,No,No,Yes,No,One year,No,Mailed check,76.82,4562.57,2,No
2094-MT,Male,0,No,No,52,Yes,Yes,Fiber optic,Yes,Yes,Yes,No,Yes,No,Two year,No,Bank transfer (automatic),101.64,5286.43,2,No
4195-EC,Male,1,Yes,No,29,Yes,No,No,No internet service,No internet service,No internet service,No internet service,No internet service,No internet service,Month-to-month,Yes,Bank transfer (automatic),18.5,407.31,0,Yes
4982-DO,Female,1,Yes,Yes,40,Yes,No,DSL,No,No,No,Yes,Yes,Yes,Month-to-month,Yes,Credit card (automatic),78.31,3133.53,2,No
6555-SM,Male,0,Yes,No,71,Yes,No,Fiber optic,No,Yes,No,Yes,Yes,No,Two year,No,Electronic check,86.24,6135.4,1,No
5713-UE,Male,0,No,No,8,Yes,No,DSL,No,No,No,No,No,No,Month-to-month,Yes,Electronic check,47.67,490.11,1,Yes
8478-TT,Female,0,Yes,No,35,Yes,No,DSL,Yes,Yes,Yes,Yes,Yes,Yes,Month-to-month,Yes,Bank transfer (automatic),98.72,3429.63,1,No
5933-DB,Female,0,Yes,No,16,Yes,Yes,Fiber optic,No,Yes,Yes,No,Yes,No,Month-to-month,Yes,Credit card (automatic),88.75,1460.59,1,Yes
3965-PR,Female,0,No,Yes,18,Yes,No,DSL,No,Yes,Yes,No,Yes,Yes,Month-to-month,Yes,Bank transfer (automatic),83.0,1474.48,0,No
8108-VD,Female,0,Yes,Yes,59,Yes,Yes,DSL,No,No,Yes,Yes,No,No,Two year,No,Bank transfer (automatic),60.52,3603.25,1,No
1044-SW,Male,0,Yes,No,34,Yes,No,Fiber optic,No,No,No,Yes,No,Yes,Month-to-month,No,Mailed check,84.42,2936.09,0,Yes
2909-DV,Female,0,No,Yes,4,Yes,Yes,DSL,No,Yes,Yes,No,No,No,Month-to-month,Yes,Bank transfer (automatic),57.58,115.23,0,No
1691-TO,Male,0,Yes,No,69,Yes,No,Fiber optic,No,No,Yes,No,No,Yes,Month-to-month,Yes,Bank transfer (automatic),83.72,5783.43,2,No
1931-IG,Female,0,No,Yes,65,Yes,Yes,DSL,No,Yes,No,No,Yes,No,Month-to-month,Yes,Mailed check,64.07,4234.96,2,No
7382-OY,Male,0,No,No,61,Yes,Yes,DSL,No,No,No,No,No,Yes,Two year,Yes,Electronic check,60.55,3755.33,0,No
9339-ID,Female,0,No,Yes,46,Yes,No,DSL,No,No,Yes,Yes,Yes,Yes,One year,Yes,Bank transfer (automatic),91.12,4197.76,4,No
4121-RE,Female,0,No,No,21,Yes,No,No,No internet service,No internet service,No internet service,No internet service,No internet service,No internet service,Month-to-month,No,Mailed check,21.93,497.85,0,No
7781-KE,Male,0,No,Yes,38,Yes,Yes,No,No internet service,No internet service,No internet service,No internet service,No internet service,No internet service,One year,No,Electronic check,20.37,755.94,1,No
1277-ZD,Female,0,No,No,60,Yes,No,Fiber optic,Yes,Yes,No,No,No,No,Month-to-month,No,Mailed check,75.49,4566.59,1,No
6929-IJ,Female,0,No,Yes,36,Yes,Yes,DSL,No,No,Yes,No,No,No,One year,Yes,Mailed check,50.7,1821.32,1,No
5675-SJ,Female,0,No,No,6,Yes,No,Fiber optic,No,No,Yes,Yes,No,Yes,Month-to-month,No,Electronic check,88.76,504.68,1,Yes
6308-SU,Male,1,No,No,39,Yes,No,Fiber optic,No,No,Yes,Yes,Yes,No,One year,Yes,Mailed check,89.05,3503.39,2,No
1287-BT,Female,0,No,No,29,Yes,No,No,No internet service,No internet service,No internet service,No internet service,No internet service,No internet service,Two year,No,Credit card (automatic),21.9,602.25,2,No
2161-BB,Female,0,Yes,Yes,27,Yes,No,No,No internet service,No internet service,No internet service,No internet service,No internet service,No internet service,Month-to-month,No,Electronic check,18.94,540.58,0,Yes
3363-XQ,Male,0,No,No,69,Yes,No,Fiber optic,No,Yes,No,Yes,No,No,Month-to-month,Yes,Mailed check,82.96,5755.68,2,No
6983-PP,Male,0,Yes,Yes,9,Yes,Yes,Fiber optic,Yes,No,No,Yes,Yes,Yes,Month-to-month,Yes,Credit card (automatic),107.47,1015.66,0,Yes
8469-GU,Female,0,Yes,No,24,Yes,Yes,DSL,No,Yes,Yes,No,Yes,No,Two year,Yes,Credit card (automatic),70.31,1682.86,3,No
1926-KX,Male,0,Yes,No,63,Yes,Yes,DSL,No,Yes,No,No,No,No,Month-to-month,No,Electronic check,48.99,3193.21,1,No
3176-KW,Male,0,No,No,19,Yes,No,Fiber optic,No,No,Yes,No,No,Yes,One year,Yes,Bank transfer (automatic),83.08,1520.32,1,No
9532-DG,Male,0,Yes,No,30,Yes,No,DSL,Yes,No,Yes,No,No,No,One year,No,Electronic check,54.42,1714.89,1,No
9497-LQ,Female,0,No,Yes,58,Yes,No,DSL,No,No,No,Yes,No,No,Month-to-month,Yes,Electronic check,51.49,3042.57,1,No
8392-KA,Female,0,No,No,40,Yes,Yes,Fiber optic,No,Yes,No,No,Yes,No,Month-to-month,No,Bank transfer (automatic),91.32,3689.13,3,No
5654-UJ,Male,0,Yes,Yes,68,Yes,No,Fiber optic,Yes,No,No,No,No,Yes,Month-to-month,Yes,Mailed check,84.68,5808.3,1,No
7854-BJ,Female,0,No,Yes,32,Yes,No,Fiber optic,Yes,Yes,No,No,No,Yes,Two year,No,Electronic check,95.65,3037.84,2,No
7553-KH,Male,0,No,No,65,Yes,No,DSL,No,No,No,No,No,No,Month-to-month,Yes,Bank transfer (automatic),42.06,2595.1,1,No
8498-MC,Female,0,No,No,34,Yes,No,Fiber optic,Yes,Yes,No,No,No,Yes,Two year,No,Electronic check,94.56,3187.61,3,No
1011-CJ,Male,0,Yes,No,31,Yes,No,Fiber optic,No,Yes,Yes,Yes,Yes,No,Month-to-month,Yes,Bank transfer (automatic),98.51,3076.27,2,Yes
3842-QV,Female,0,Yes,Yes,59,Yes,No,No,No internet service,No internet service,No internet service,No internet service,No internet service,No internet service,One year,No,Electronic check,20.08,1226.1,3,No
4009-QP,Male,0,No,No,26,Yes,No,DSL,Yes,No,No,Yes,Yes,Yes,Month-to-month,No,Electronic check,82.91,2227.68,1,No
3077-TF,Female,0,Yes,Yes,22,No,No phone service,Fiber optic,Yes,No,Yes,No,No,No,Month-to-month,No,Electronic check,72.26,1574.99,2,No
4867-YJ,Female,0,Yes,No,34,No,No phone service,DSL,No,No,No,Yes,No,No,Month-to-month,Yes,Electronic check,44.68,1444.64,1,No
9635-JH,Male,1,Yes,Yes,13,Yes,Yes,DSL,No,No,Yes,No,No,No,One year,No,Credit card (automatic),54.86,695.63,0,Yes
6856-MX,Female,0,No,No,55,Yes,No,DSL,No,No,No,No,No,Yes,Two year,Yes,Mailed check,58.02,3203.99,1,No
2384-VJ,Female,1,Yes,No,8,Yes,Yes,DSL,No,Yes,No,No,No,Yes,Month-to-month,Yes,Credit card (automatic),69.85,499.36,2,Yes
3350-EV,Female,0,No,Yes,62,Yes,Yes,Fiber optic,Yes,No,No,No,No,No,Two year,Yes,Bank transfer (automatic),73.69,4662.04,2,No
2260-VY,Female,1,No,No,22,Yes,No,Fiber optic,No,No,No,Yes,Yes,No,Month-to-month,Yes,Bank transfer (automatic),86.68,1929.97,0,Yes
5563-RK,Female,0,No,Yes,56,Yes,No,DSL,Yes,No,No,No,No,No,One year,Yes,Bank transfer (automatic),54.61,3043.5,2,No
6672-PB,Female,1,Yes,No,21,Yes,No,DSL,Yes,Yes,Yes,No,No,No,One year,Yes,Electronic check,74.61,1582.13,0,No
6593-YB,Female,0,Yes,Yes,49,Yes,No,DSL,No,No,No,No,Yes,No,Month-to-month,Yes,Electronic check,55.58,2722.71,2,No
7155-HI,Female,0,Yes,No,6,Yes,Yes,DSL,No,No,Yes,No,No,No,Month-to-month,Yes,Bank transfer (automatic),48.58,219.99,2,No
5683-ZI,Male,0,Yes,No,35,Yes,No,DSL,Yes,Yes,No,No,Yes,Yes,One year,Yes,Bank transfer (automatic),83.32,2973.22,1,No
9713-YB,Female,0,Yes,Yes,27,Yes,Yes,DSL,No,No,Yes,No,Yes,Yes,Month-to-month,No,Credit card (automatic),74.64,2068.35,2,Yes
6807-TG,Male,0,Yes,No,40,Yes,Yes,DSL,No,No,No,No,No,Yes,One year,No,Bank transfer (automatic),61.31,2397.44,5,No
5155-BA,Female,0,No,Yes,14,Yes,No,Fiber optic,No,Yes,No,No,No,Yes,Two year,Yes,Credit card (automatic),84.84,1235.0,2,No
2409-YN,Male,0,No,No,52,Yes,Yes,DSL,No,No,Yes,Yes,Yes,No,Two year,Yes,Bank transfer (automatic),71.33,3616.72,0,No
8452-OL,Female,0,No,Yes,40,No,No phone service,Fiber optic,No,No,No,No,No,Yes,Two year,No,Credit card (automatic),65.87,2620.0,1,No
3172-GX,Male,0,Yes,No,43,Yes,No,DSL,No,No,Yes,No,Yes,No,One year,Yes,Electronic check,64.76,2786.7,1,No
4977-NN,Male,0,No,No,58,Yes,No,Fiber optic,No,No,Yes,No,Yes,No,One year,Yes,Electronic check,80.41,4694.86,1,No
8825-XN,Female,0,Yes,No,3,Yes,Yes,DSL,No,Yes,No,Yes,No,No,One year,Yes,Electronic check,52.54,246.98,1,No
5769-ZL,Male,1,No,No,15,Yes,Yes,DSL,No,No,Yes,No,No,Yes,Month-to-month,No,Electronic check,66.12,1068.79,2,Yes
7135-FD,Female,1,Yes,No,45,No,No phone service,Fiber optic,No,No,Yes,No,Yes,No,Month-to-month,No,Mailed check,72.12,3242.18,2,No
8189-NP,Female,1,No,Yes,11,Yes,No,No,No internet service,No internet service,No internet service,No internet service,No internet service,No internet service,Month-to-month,Yes,Credit card (automatic),27.51,210.49,0,Yes
5535-YA,Male,1,No,No,39,Yes,Yes,Fiber optic,No,Yes,No,No,No,Yes,Month-to-month,No,Electronic check,87.19,3386.61,3,Yes
8697-FC,Female,0,Yes,Yes,19,Yes,Yes,Fiber optic,Yes,No,No,Yes,Yes,Yes,One year,No,Mailed check,102.15,1952.71,0,No
1662-MP,Male,1,No,No,20,Yes,No,DSL,Yes,No,No,No,No,Yes,Two year,No,Credit card (automatic),62.85,1297.76,2,No
6060-DU,Male,0,No,No,71,Yes,No,DSL,Yes,Yes,No,No,Yes,No,Two year,Yes,Credit card (automatic),72.46,5233.5,1,No
6874-NG,Female,0,Yes,No,56,Yes,Yes,Fiber optic,No,Yes,Yes,Yes,No,Yes,Two year,No,Electronic check,104.21,5792.09,0,No
3014-NF,Female,0,No,No,4,Yes,Yes,Fiber optic,No,No,No,No,Yes,Yes,Month-to-month,No,Mailed check,87.71,352.96,2,Yes
8148-WN,Female,0,No,No,9,Yes,Yes,Fiber optic,No,Yes,Yes,Yes,No,No,Month-to-month,No,Electronic check,83.46,779.74,3,Yes
3364-GN,Female,0,No,No,25,Yes,Yes,DSL,No,Yes,No,No,Yes,Yes,One year,No,Mailed check,81.74,1981.24,1,No
6919-OL,Female,0,No,No,47,Yes,Yes,Fiber optic,Yes,No,No,No,Yes,Yes,Month-to-month,Yes,Mailed check,102.81,4851.68,1,No
9872-VO,Male,0,No,No,49,Yes,Yes,Fiber optic,Yes,Yes,Yes,No,No,Yes,Two year,Yes,Electronic check,95.27,4674.16,2,No
5651-BE,Male,0,No,Yes,27,Yes,No,DSL,No,No,Yes,Yes,Yes,No,Month-to-month,Yes,Electronic check,73.65,2064.74,1,Yes
4866-TW,Female,0,No,No,28,No,No phone service,DSL,Yes,Yes,Yes,No,No,No,Two year,Yes,Bank transfer (automatic),51.03,1362.73,1,No
1615-NO,Female,0,Yes,No,62,Yes,Yes,DSL,No,Yes,No,No,Yes,Yes,Month-to-month,Yes,Electronic check,78.12,4840.73,3,Yes
1864-UC,Female,0,Yes,No,16,Yes,Yes,Fiber optic,Yes,Yes,Yes,Yes,No,Yes,One year,No,Electronic check,113.63,1849.37,1,No
9976-SN,Male,0,No,No,46,Yes,No,Fiber optic,No,Yes,Yes,Yes,Yes,No,One year,Yes,Mailed check,102.27,4700.32,1,No
3237-WH,Male,0,No,No,46,Yes,No,Fiber optic,No,No,No,No,Yes,Yes,Month-to-month,Yes,Electronic check,87.69,3967.48,4,No
7394-TC,Male,1,Yes,No,40,Yes,Yes,Fiber optic,No,No,No,No,No,No,Month-to-month,Yes,Bank transfer (automatic),64.07,2536.02,2,No
1325-YV,Female,0,Yes,Yes,34,No,No phone service,No,No internet service,No internet service,No internet service,No internet service,No internet service,No internet service,One year,Yes,Bank transfer (automatic),18.5,639.36,1,No
2985-ME,Female,1,Yes,Yes,10,Yes,No,DSL,No,No,No,No,Yes,Yes,Month-to-month,No,Credit card (automatic),71.59,842.78,1,Yes
5603-YH,Male,0,No,Yes,1,Yes,No,DSL,No,No,No,Yes,No,No,Month-to-month,No,Mailed check,52.84,18.5,1,Yes
9832-TL,Female,0,No,No,66,Yes,No,DSL,Yes,No,Yes,Yes,No,No,Month-to-month,No,Electronic check,70.68,4661.11,1,No
8754-GO,Female,0,Yes,No,17,Yes,No,No,No internet service,No internet service,No internet service,No internet service,No internet service,No internet service,One year,No,Credit card (automatic),19.72,345.7,1,No
2367-KV,Male,0,Yes,No,47,Yes,Yes,Fiber optic,Yes,Yes,No,No,No,No,Month-to-month,Yes,Electronic check,78.47,3727.72,3,Yes
3575-CT,Male,0,No,No,24,Yes,No,Fiber optic,No,No,No,No,Yes,No,Two year,Yes,Electronic check,82.57,1936.73,4,No
2581-CA,Female,0,Yes,Yes,50,Yes,No,Fiber optic,No,No,No,Yes,Yes,No,Month-to-month,No,Bank transfer (automatic),85.83,4305.81,2,No
4966-ZU,Male,0,No,No,29,Yes,No,DSL,No,No,No,Yes,No,Yes,Month-to-month,Yes,Mailed check,66.74,2049.43,2,No
9320-QB,Female,0,Yes,No,72,Yes,No,DSL,Yes,Yes,No,No,Yes,Yes,Month-to-month,No,Bank transfer (automatic),87.99,6274.4,2,No
8493-HP,Male,0,No,No,13,Yes,No,Fiber optic,No,Yes,No,No,Yes,Yes,Two year,Yes,Electronic check,99.17,1296.38,1,Yes
3994-AC,Male,1,No,Yes,64,Yes,No,DSL,No,No,Yes,No,No,Yes,Month-to-month,No,Bank transfer (automatic),65.34,4219.58,3,Yes
6594-LL,Female,0,No,No,28,Yes,No,No,No internet service,No internet service,No internet service,No internet service,No internet service,No internet service,Month-to-month,No,Mailed check,18.5,520.95,0,No
2644-TI,Female,0,No,Yes,5,Yes,No,DSL,No,Yes,No,No,No,No,Month-to-month,Yes,Bank transfer (automatic),51.66,265.36,1,No
1242-VS,Male,0,No,No,9,Yes,Yes,DSL,Yes,Yes,No,No,No,Yes,Two year,Yes,Credit card (automatic),72.22,683.27,1,No
8269-MK,Female,0,No,Yes,14,Yes,No,DSL,No,Yes,No,No,Yes,Yes,One year,No,Mailed check,75.65,1062.72,0,No
9844-MY,Male,1,Yes,No,10,Yes,No,No,No internet service,No internet service,No internet service,No internet service,No internet service,No internet service,Month-to-month,Yes,Bank transfer (automatic),21.39,250.47,0,No
2499-TO,Female,1,Yes,Yes,33,Yes,Yes,DSL,No,No,No,Yes,No,Yes,Month-to-month,Yes,Bank transfer (automatic),64.88,2123.82,1,No
6162-SH,Male,0,Yes,No,40,Yes,Yes,DSL,Yes,Yes,No,Yes,No,No,Month-to-month,Yes,Bank transfer (automatic),66.46,2680.56,2,No
3035-HJ,Male,0,No,No,6,Yes,No,DSL,Yes,No,No,Yes,Yes,Yes,Two year,Yes,Mailed check,83.38,467.76,1,Yes
1857-PS,Male,0,No,Yes,17,Yes,No,DSL,Yes,No,No,Yes,No,No,Two year,Yes,Electronic check,64.59,1087.41,4,No
1298-MI,Female,0,No,No,36,Yes,No,Fiber optic,No,No,No,No,Yes,Yes,Month-to-month,Yes,Electronic check,93.53,3365.25,2,Yes
5306-PG,Male,0,No,Yes,70,Yes,No,No,No internet service,No internet service,No internet service,No internet service,No internet service,No internet service,Month-to-month,No,Mailed check,20.68,1410.31,3,No
7578-LO,Male,1,No,No,61,Yes,Yes,Fiber optic,No,No,No,No,Yes,No,Month-to-month,Yes,Electronic check,76.39,4580.71,1,Yes
7582-NK,Male,0,No,No,49,Yes,No,DSL,No,No,Yes,No,Yes,Yes,Two year,Yes,Electronic check,76.9,3705.76,1,Yes
3657-KS,Male,0,No,No,69,Yes,No,No,No internet service,No internet service,No internet service,No internet service,No internet service,No internet service,Two year,No,Electronic check,18.5,1264.67,1,No
3949-NT,Female,0,No,No,71,Yes,No,Fiber optic,Yes,Yes,No,No,No,No,Two year,Yes,Electronic check,78.54,5629.38,0,No
5837-QJ,Female,1,No,Yes,24,Yes,Yes,DSL,No,No,No,Yes,No,No,Month-to-month,No,Credit card (automatic),57.47,1397.12,2,No
2243-AC,Male,0,No,No,51,Yes,No,Fiber optic,Yes,Yes,No,Yes,No,No,One year,Yes,Electronic check,90.79,4680.11,1,No
2466-TV,Male,0,Yes,No,42,Yes,No,DSL,Yes,Yes,No,Yes,Yes,No,Month-to-month,No,Electronic check,79.76,3381.31,1,No
2966-XG,Female,0,No,No,19,No,No phone service,Fiber optic,No,No,Yes,No,No,Yes,Two year,Yes,Bank transfer (automatic),74.64,1466.96,3,Yes
5362-GD,Male,0,Yes,No,62,Yes,No,Fiber optic,No,No,No,No,No,Yes,Two year,No,Bank transfer (automatic),75.2,4640.88,2,No
8833-FN,Female,0,Yes,Yes,67,No,No phone service,DSL,Yes,No,No,No,No,No,One year,No,Credit card (automatic),44.51,2985.29,0,No
9106-SU,Male,0,No,No,30,Yes,Yes,Fiber optic,No,No,No,No,No,No,Month-to-month,No,Bank transfer (automatic),67.43,2012.82,1,Yes
6540-NU,Female,0,No,No,38,No,No phone service,Fiber optic,Yes,No,No,Yes,Yes,Yes,Two year,Yes,Electronic check,97.49,3703.02,0,No
1599-PY,Male,0,Yes,No,6,Yes,No,Fiber optic,Yes,No,No,No,Yes,Yes,Two year,No,Electronic check,96.59,506.69,1,No
9792-VV,Female,0,Yes,No,22,Yes,No,DSL,No,No,No,No,Yes,No,Month-to-month,Yes,Credit card (automatic),58.25,1306.83,1,Yes
6599-QG,Female,0,No,Yes,11,Yes,No,Fiber optic,No,No,No,Yes,No,No,One year,Yes,Electronic check,71.85,785.05,1,No
9557-ZK,Female,0,No,No,72,Yes,No,Fiber optic,Yes,Yes,Yes,Yes,No,No,One year,No,Mailed check,98.32,7137.13,1,No
8382-MW,Male,0,Yes,No,29,No,No phone service,Fiber optic,No,Yes,No,Yes,No,Yes,Month-to-month,Yes,Mailed check,87.5,2475.05,3,No
4569-KO,Female,0,No,Yes,8,Yes,No,No,No internet service,No internet service,No internet service,No internet service,No internet service,No internet service,Month-to-month,Yes,Bank transfer (automatic),21.89,57.62,2,Yes
9504-ZY,Female,0,Yes,No,35,Yes,No,DSL,No,No,Yes,No,No,Yes,Month-to-month,Yes,Credit card (automatic),63.94,2254.47,2,No
8008-DN,Male,0,No,Yes,72,Yes,Yes,Fiber optic,No,No,No,No,No,Yes,Month-to-month,Yes,Mailed check,70.9,5058.98,1,No
3381-CQ,Male,1,No,No,72,Yes,Yes,Fiber optic,Yes,No,No,Yes,No,Yes,Month-to-month,Yes,Bank transfer (automatic),92.77,6698.66,3,Yes
2773-TM,Male,0,No,No,45,Yes,Yes,DSL,Yes,No,Yes,Yes,No,Yes,Two year,No,Credit card (automatic),85.26,3865.82,2,No
1946-FJ,Male,0,No,Yes,33,Yes,Yes,No,No internet service,No internet service,No internet service,No internet service,No internet service,No internet service,Two year,No,Electronic check,20.21,745.38,0,No
1506-OU,Female,0,Yes,Yes,5,Yes,Yes,DSL,No,No,No,No,Yes,No,Month-to-month,Yes,Bank transfer (automatic),55.77,316.26,2,Yes
7719-VT,Male,0,No,No,62,Yes,No,Fiber optic,No,No,No,No,Yes,No,Month-to-month,No,Credit card (automatic),73.8,4615.36,3,No
9697-FW,Male,0,Yes,No,37,No,No phone service,Fiber optic,No,No,Yes,Yes,No,Yes,Month-to-month,No,Bank transfer (automatic),86.53,3073.87,2,No
7360-JG,Male,0,No,No,17,Yes,No,Fiber optic,No,Yes,No,Yes,No,Yes,One year,Yes,Bank transfer (automatic),93.68,1555.36,0,No
2192-JJ,Male,0,No,No,22,Yes,No,Fiber optic,Yes,Yes,No,No,Yes,No,Month-to-month,No,Credit card (automatic),95.32,2133.16,0,Yes
2464-GP,Male,0,Yes,Yes,32,Yes,Yes,No,No internet service,No internet service,No internet service,No internet service,No internet service,No internet service,Two year,No,Electronic check,18.5,585.22,1,No
7106-TA,Male,1,Yes,Yes,14,Yes,Yes,No,No internet service,No internet service,No internet service,No internet service,No internet service,No internet service,Month-to-month,No,Credit card (automatic),22.01,377.39,2,Yes
3560-LU,Male,0,Yes,Yes,20,Yes,Yes,Fiber optic,Yes,No,No,No,No,No,Month-to-month,No,Credit card (automatic),69.89,1389.69,0,Yes
2211-BD,Female,0,No,No,22,Yes,No,DSL,No,Yes,Yes,No,No,No,One year,Yes,Bank transfer (automatic),60.09,1299.94,3,No
1643-KV,Female,1,No,No,30,Yes,Yes,Fiber optic,No,No,Yes,Yes,No,Yes,Month-to-month,Yes,Mailed check,92.17,2735.36,0,Yes
9921-DA,Female,0,Yes,No,54,Yes,Yes,Fiber optic,No,No,No,No,No,No,Month-to-month,Yes,Mailed check,64.15,3412.68,3,Yes
8345-IC,Female,0,No,No,33,Yes,Yes,DSL,No,No,Yes,No,No,Yes,Two year,No,Mailed check,65.44,2166.77,2,Yes
1919-SD,Female,0,Yes,No,5,No,No phone service,No,No internet service,No internet service,No internet service,No internet service,No internet service,No internet service,Month-to-month,Yes,Electronic check,18.5,101.96,2,Yes
9947-KN,Male,1,No,Yes,18,Yes,No,Fiber optic,No,Yes,Yes,Yes,No,No,Two year,No,Bank transfer (automatic),85.31,1430.45,2,No
6275-PC,Male,0,No,Yes,63,Yes,No,Fiber optic,No,No,No,No,No,No,Month-to-month,No,Bank transfer (automatic),64.32,4027.34,0,No
9750-DE,Male,0,Yes,Yes,46,Yes,Yes,Fiber optic,No,No,No,No,Yes,Yes,Two year,No,Bank transfer (automatic),89.51,4138.6,4,No
4622-PN,Male,0,Yes,No,7,Yes,Yes,No,No internet service,No internet service,No internet service,No internet service,No internet service,No internet service,Two year,Yes,Electronic check,19.27,137.17,4,No
9111-GI,Female,0,No,No,29,No,No phone service,DSL,No,No,No,Yes,No,Yes,Month-to-month,No,Electronic check,54.86,1592.07,1,No
4715-VK,Female,0,No,No,57,Yes,Yes,DSL,No,Yes,No,No,No,No,One year,No,Credit card (automatic),49.11,2767.14,2,No
6185-LL,Male,0,Yes,Yes,47,No,No phone service,Fiber optic,Yes,Yes,No,No,Yes,Yes,Month-to-month,Yes,Bank transfer (automatic),98.43,4591.71,1,No
7365-DR,Male,0,Yes,No,9,No,No phone service,No,No internet service,No internet service,No internet service,No internet service,No internet service,No internet service,One year,Yes,Mailed check,18.5,144.68,0,Yes
1692-GA,Female,0,No,No,59,Yes,No,Fiber optic,No,No,No,Yes,No,No,Month-to-month,Yes,Electronic check,78.57,4652.61,2,Yes
1441-ZW,Female,0,Yes,No,71,Yes,No,Fiber optic,No,Yes,No,No,No,Yes,Two year,No,Bank transfer (automatic),87.16,6065.12,2,No
6209-MF,Female,0,No,No,71,Yes,Yes,DSL,No,No,No,No,No,Yes,One year,Yes,Electronic check,61.36,4314.21,1,No
5677-LH,Male,0,Yes,No,43,Yes,Yes,Fiber optic,Yes,No,No,No,Yes,No,One year,Yes,Electronic check,82.44,3696.79,2,No
3645-SE,Male,0,No,No,59,Yes,Yes,DSL,Yes,No,No,No,Yes,No,Two year,Yes,Bank transfer (automatic),64.96,3922.71,1,No
8933-EY,Female,0,Yes,Yes,6,No,No phone service,Fiber optic,Yes,No,No,No,No,Yes,Month-to-month,Yes,Credit card (automatic),74.93,514.56,5,Yes
3080-JE,Female,0,No,No,53,Yes,No,Fiber optic,Yes,Yes,No,Yes,No,No,Month-to-month,No,Bank transfer (automatic),89.99,4781.27,2,No
8797-GI,Male,0,No,Yes,64,Yes,No,No,No internet service,No internet service,No internet service,No internet service,No internet service,No internet service,Month-to-month,No,Electronic check,19.66,1187.43,1,Yes
2269-UL,Male,0,No,No,4,Yes,Yes,DSL,No,No,Yes,No,Yes,No,Month-to-month,No,Mailed check,63.0,234.14,4,Yes
2184-KU,Male,0,Yes,Yes,1,Yes,No,DSL,No,Yes,No,No,No,No,Month-to-month,No,Electronic check,52.02,33.49,0,Yes
9462-BT,Male,0,Yes,No,70,Yes,No,DSL,No,Yes,Yes,No,Yes,Yes,One year,No,Mailed check,81.44,5671.85,3,No
6606-UL,Female,0,Yes,No,31,Yes,No,DSL,Yes,No,Yes,Yes,Yes,Yes,Two year,No,Mailed check,91.54,2797.69,1,No
9465-CG,Female,0,Yes,Yes,65,Yes,Yes,DSL,No,No,No,Yes,No,Yes,Two year,No,Bank transfer (automatic),68.19,4424.88,1,No
1421-EZ,Female,1,No,No,69,Yes,Yes,Fiber optic,Yes,No,Yes,Yes,No,Yes,One year,Yes,Electronic check,101.83,6972.49,3,No
5675-RD,Male,0,No,Yes,19,Yes,No,DSL,Yes,Yes,No,No,No,Yes,Two year,Yes,Bank transfer (automatic),65.55,1201.92,1,No
7748-XV,Male,0,Yes,Yes,69,Yes,No,Fiber optic,Yes,No,No,No,No,No,Month-to-month,No,Bank transfer (automatic),76.37,5243.66,0,No
2473-LF,Male,0,No,No,69,Yes,No,DSL,No,No,No,No,Yes,Yes,One year,Yes,Credit card (automatic),71.64,4931.47,1,No
4096-WY,Female,0,No,No,49,Yes,No,Fiber optic,No,No,Yes,No,No,Yes,Two year,Yes,Mailed check,82.73,4072.71,2,No
6882-PN,Female,0,No,No,31,No,No phone service,DSL,No,Yes,Yes,No,No,Yes,One year,No,Electronic check,62.61,1889.25,2,No
6798-SW,Female,0,No,No,60,Yes,Yes,No,No internet service,No internet service,No internet service,No internet service,No internet service,No internet service,Month-to-month,No,Credit card (automatic),18.5,1088.17,2,No
9456-ZM,Male,0,No,Yes,71,Yes,Yes,Fiber optic,No,Yes,No,Yes,Yes,No,Month-to-month,Yes,Electronic check,91.2,6447.53,4,No
7559-EW,Male,0,No,Yes,55,Yes,No,DSL,No,No,No,No,No,Yes,Month-to-month,Yes,Mailed check,57.2,3177.74,0,No
6673-UJ,Female,0,No,Yes,38,Yes,No,Fiber optic,No,No,No,No,No,No,Month-to-month,Yes,Bank transfer (automatic),62.02,2359.74,3,Yes
4854-GO,Male,0,No,No,33,Yes,No,No,No internet service,No internet service,No internet service,No internet service,No internet service,No internet service,One year,Yes,Electronic check,24.32,670.03,2,No
6506-SJ,Female,1,Yes,No,6,Yes,Yes,Fiber optic,No,Yes,No,No,No,No,One year,No,Electronic check,69.7,351.58,2,No
3395-OC,Female,0,No,No,13,Yes,Yes,DSL,No,No,Yes,No,Yes,No,One year,No,Mailed check,67.28,884.16,4,Yes
6515-OF,Female,0,No,Yes,20,Yes,No,Fiber optic,No,No,No,Yes,No,No,Month-to-month,Yes,Mailed check,67.65,1298.6,1,No
1588-SC,Female,0,No,No,37,Yes,Yes,Fiber optic,No,Yes,No,Yes,No,Yes,Month-to-month,Yes,Bank transfer (automatic),93.34,3352.18,2,No
7663-WZ,Male,1,Yes,No,45,Yes,Yes,No,No internet service,No internet service,No internet service,No internet service,No internet service,No internet service,Month-to-month,Yes,Mailed check,23.97,1055.63,3,No
9531-OD,Male,0,Yes,Yes,59,Yes,No,Fiber optic,Yes,No,Yes,No,Yes,Yes,One year,Yes,Electronic check,100.8,5901.12,2,No
1556-HW,Male,1,Yes,No,52,No,No phone service,DSL,Yes,No,No,Yes,Yes,No,Two year,Yes,Credit card (automatic),63.46,3352.51,2,No
6452-CP,Male,0,Yes,No,18,No,No phone service,Fiber optic,No,No,No,No,No,Yes,Month-to-month,No,Credit card (automatic),64.28,1202.05,2,Yes
4899-NM,Male,0,No,No,25,Yes,Yes,No,No internet service,No internet service,No internet service,No internet service,No internet service,No internet service,Month-to-month,Yes,Electronic check,20.4,508.52,3,Yes
2016-GO,Male,0,Yes,Yes,1,Yes,No,Fiber optic,No,No,Yes,Yes,No,No,Two year,No,Electronic check,80.65,65.74,2,Yes
5321-IV,Female,0,Yes,No,41,Yes,Yes,DSL,Yes,Yes,No,Yes,No,No,Month-to-month,No,Bank transfer (automatic),66.16,2766.47,0,No
7256-EL,Male,0,No,No,18,Yes,No,Fiber optic,No,No,No,No,No,No,Month-to-month,No,Electronic check,70.02,1236.37,1,No
3313-KP,Male,0,No,Yes,1,Yes,Yes,DSL,Yes,No,No,No,No,No,Month-to-month,No,Credit card (automatic),53.39,81.97,1,Yes
6831-XQ,Male,0,Yes,No,39,Yes,Yes,No,No internet service,No internet service,No internet service,No internet service,No internet service,No internet service,Two year,Yes,Mailed check,26.58,1042.05,2,No
5056-RL,Female,0,Yes,No,31,Yes,No,Fiber optic,No,Yes,Yes,Yes,No,Yes,One year,Yes,Bank transfer (automatic),97.65,3036.78,1,No
2689-NP,Male,0,No,No,71,Yes,No,DSL,Yes,Yes,No,No,Yes,Yes,Month-to-month,Yes,Mailed check,83.06,5946.2,3,No
4917-ID,Female,1,Yes,No,38,Yes,Yes,No,No internet service,No internet service,No internet service,No internet service,No internet service,No internet service,Month-to-month,Yes,Electronic check,18.5,646.52,1,No
3936-WK,Male,0,No,Yes,8,Yes,Yes,No,No internet service,No internet service,No internet service,No internet service,No internet service,No internet service,Month-to-month,Yes,Bank transfer (automatic),18.5,203.17,0,No
6649-MK,Male,1,Yes,No,34,Yes,No,DSL,No,No,No,No,Yes,No,Month-to-month,No,Mailed check,61.4,2077.68,1,No
2819-RY,Male,0,No,No,27,Yes,Yes,Fiber optic,Yes,No,Yes,No,Yes,Yes,One year,No,Bank transfer (automatic),100.78,2721.55,2,Yes
3226-XO,Female,1,Yes,Yes,41,Yes,Yes,DSL,No,Yes,No,No,Yes,No,Month-to-month,No,Mailed check,64.17,2620.57,1,No
7280-HT,Female,0,No,No,7,Yes,Yes,DSL,Yes,No,No,No,No,Yes,Month-to-month,No,Credit card (automatic),60.61,378.02,1,No
8235-NY,Male,0,Yes,No,32,Yes,No,Fiber optic,No,No,Yes,No,No,Yes,Month-to-month,Yes,Electronic check,87.32,2875.51,0,Yes
6089-PC,Male,0,Yes,No,16,No,No phone service,DSL,No,Yes,No,No,Yes,Yes,Month-to-month,Yes,Electronic check,65.06,960.85,1,No
6911-PG,Male,0,Yes,Yes,2,Yes,Yes,Fiber optic,Yes,Yes,Yes,No,No,No,Month-to-month,Yes,Electronic check,87.78,167.33,1,Yes
3653-MM,Female,0,No,No,43,Yes,Yes,No,No internet service,No internet service,No internet service,No internet service,No internet service,No internet service,One year,No,Credit card (automatic),19.45,874.72,1,No
8876-YT,Female,0,No,No,31,Yes,Yes,DSL,Yes,Yes,Yes,No,No,Yes,One year,Yes,Electronic check,82.0,2534.48,0,No
2141-RO,Male,1,Yes,No,47,Yes,No,DSL,No,Yes,No,No,Yes,No,Month-to-month,Yes,Electronic check,68.32,3324.13,3,Yes
3897-BJ,Female,1,Yes,No,33,No,No phone service,DSL,No,No,No,Yes,Yes,Yes,Month-to-month,Yes,Electronic check,66.48,2161.46,4,Yes
3038-MR,Female,1,No,No,17,No,No phone service,No,No internet service,No internet service,No internet service,No internet service,No internet service,No internet service,Month-to-month,No,Credit card (automatic),18.5,245.95,0,Yes
5270-LO,Female,1,No,Yes,54,Yes,Yes,Fiber optic,No,Yes,No,Yes,Yes,Yes,One year,Yes,Credit card (automatic),103.69,5541.75,0,No
8116-RO,Female,0,No,No,54,Yes,No,Fiber optic,Yes,No,No,No,Yes,No,One year,Yes,Bank transfer (automatic),87.88,4764.86,4,No
2784-WK,Male,1,No,Yes,51,No,No phone service,Fiber optic,Yes,Yes,No,No,Yes,No,Month-to-month,No,Mailed check,79.23,4128.07,1,No
6266-CG,Male,1,Yes,No,52,Yes,Yes,DSL,No,No,No,Yes,Yes,No,Month-to-month,No,Electronic check,66.39,3477.06,2,No
6428-ZN,Female,0,Yes,No,7,No,No phone service,DSL,No,Yes,Yes,No,No,No,Month-to-month,No,Credit card (automatic),48.13,270.45,0,Yes
5658-KW,Female,0,Yes,No,54,Yes,Yes,DSL,No,Yes,No,Yes,No,No,Month-to-month,No,Electronic check,63.69,3400.92,3,No
7869-WX,Female,1,No,Yes,11,Yes,No,Fiber optic,Yes,Yes,No,Yes,Yes,Yes,Month-to-month,No,Electronic check,110.19,1274.23,1,Yes
8669-SR,Male,0,Yes,No,62,Yes,No,Fiber optic,No,No,No,No,No,No,Month-to-month,No,Mailed check,63.84,3917.52,1,No
7219-WA,Male,0,Yes,No,30,Yes,Yes,DSL,No,No,No,No,No,No,Month-to-month,No,Electronic check,46.15,1341.33,0,Yes
3962-TQ,Female,0,Yes,No,57,Yes,No,DSL,Yes,Yes,Yes,No,Yes,No,Month-to-month,Yes,Credit card (automatic),80.55,4689.99,4,No
8204-ZC,Female,0,No,Yes,46,Yes,No,Fiber optic,Yes,No,Yes,No,Yes,No,Two year,Yes,Electronic check,89.89,4072.74,2,Yes
1126-CH,Female,1,Yes,No,70,Yes,No,DSL,No,No,No,No,No,No,Month-to-month,No,Credit card (automatic),46.92,3311.67,3,No
3639-FM,Female,0,Yes,Yes,66,Yes,No,DSL,No,No,No,Yes,Yes,Yes,Two year,Yes,Bank transfer (automatic),86.64,5696.92,3,No
2366-VV,Male,0,No,No,55,Yes,Yes,DSL,No,Yes,No,Yes,Yes,No,One year,Yes,Electronic check,72.99,4046.68,0,No
7671-PC,Male,0,Yes,No,58,Yes,Yes,DSL,No,Yes,No,No,No,Yes,One year,No,Credit card (automatic),59.09,3498.89,2,No
5539-MN,Male,0,Yes,No,10,Yes,Yes,Fiber optic,Yes,No,No,Yes,Yes,No,Month-to-month,Yes,Mailed check,94.35,981.02,1,Yes
3887-LW,Male,0,No,Yes,4,Yes,No,DSL,No,No,No,No,Yes,No,One year,Yes,Mailed check,59.17,134.62,3,No
5086-VU,Male,0,No,No,62,Yes,No,No,No internet service,No internet service,No internet service,No internet service,No internet service,No internet service,One year,No,Electronic check,19.05,1235.02,2,No
3841-HU,Male,1,No,Yes,43,Yes,No,DSL,Yes,Yes,No,No,No,Yes,One year,Yes,Credit card (automatic),73.25,3211.81,2,No
7040-IA,Female,0,Yes,No,42,Yes,Yes,Fiber optic,No,No,Yes,Yes,Yes,No,Two year,No,Credit card (automatic),91.29,3835.36,2,No
5758-SW,Female,0,No,No,24,Yes,No,No,No internet service,No internet service,No internet service,No internet service,No internet service,No internet service,Month-to-month,No,Bank transfer (automatic),22.56,558.6,2,No
6014-MK,Male,1,Yes,No,5,Yes,No,DSL,No,Yes,Yes,No,No,No,Month-to-month,Yes,Bank transfer (automatic),60.31,266.25,2,Yes
4729-WO,Male,0,Yes,No,68,Yes,Yes,DSL,No,No,Yes,Yes,Yes,No,One year,Yes,Electronic check,74.43,5042.77,3,No
4296-UY,Male,0,No,Yes,45,Yes,Yes,DSL,No,Yes,Yes,No,Yes,No,Two year,Yes,Mailed check,73.17,3227.4,1,No
6014-ML,Female,0,No,No,59,Yes,No,DSL,No,Yes,No,Yes,No,No,Month-to-month,No,Electronic check,60.93,3623.28,2,No
6585-XS,Female,0,No,Yes,65,Yes,No,Fiber optic,Yes,No,No,Yes,Yes,No,Two year,Yes,Bank transfer (automatic),94.29,6121.48,2,No
5530-JG,Female,0,No,No,63,Yes,Yes,DSL,No,No,No,No,No,Yes,Two year,No,Electronic check,59.79,3773.85,1,No
2073-PT,Female,1,No,Yes,67,Yes,Yes,DSL,Yes,No,Yes,No,No,No,Month-to-month,Yes,Electronic check,61.76,4154.61,3,No
3693-IU,Male,0,No,No,49,Yes,No,No,No internet service,No internet service,No internet service,No internet service,No internet service,No internet service,Month-to-month,Yes,Credit card (automatic),19.88,920.27,1,No
3156-YU,Female,0,No,Yes,32,Yes,No,Fiber optic,Yes,No,Yes,Yes,No,Yes,Month-to-month,Yes,Credit card (automatic),99.53,3190.64,1,No
8257-HP,Male,0,Yes,Yes,50,Yes,No,DSL,No,No,Yes,No,Yes,No,Month-to-month,Yes,Mailed check,58.82,2873.79,0,No
7772-QI,Female,0,No,No,58,Yes,No,Fiber optic,Yes,No,No,No,Yes,No,Month-to-month,Yes,Credit card (automatic),85.7,4861.76,0,Yes
2985-YZ,Female,0,Yes,No,52,No,No phone service,DSL,No,No,No,No,Yes,Yes,Two year,No,Electronic check,58.4,3081.91,0,No
9488-FK,Female,0,Yes,No,23,Yes,Yes,DSL,No,Yes,No,No,Yes,Yes,One year,Yes,Mailed check,77.16,1655.09,1,No
3296-FF,Female,0,No,No,30,Yes,Yes,DSL,No,Yes,Yes,No,No,Yes,Month-to-month,Yes,Mailed check,67.97,1951.82,1,Yes
7060-KN,Male,1,No,Yes,70,No,No phone service,Fiber optic,Yes,Yes,No,Yes,No,Yes,Month-to-month,No,Credit card (automatic),94.52,6531.52,1,No
3881-HC,Male,1,Yes,Yes,71,Yes,No,Fiber optic,Yes,No,No,Yes,Yes,Yes,One year,No,Electronic check,109.43,7754.11,1,No
6622-UC,Male,0,Yes,No,30,Yes,No,Fiber optic,No,Yes,Yes,No,Yes,No,Month-to-month,Yes,Electronic check,93.22,2777.81,2,Yes
2248-XS,Male,0,Yes,No,37,Yes,No,DSL,Yes,No,Yes,No,Yes,Yes,Month-to-month,Yes,Mailed check,84.85,3082.22,1,Yes
7079-QT,Male,0,No,No,48,Yes,No,Fiber optic,No,No,Yes,No,No,Yes,Month-to-month,Yes,Bank transfer (automatic),81.71,3952.73,1,No
8036-XM,Male,0,Yes,No,32,Yes,No,DSL,Yes,No,Yes,No,Yes,No,Two year,No,Electronic check,78.72,2516.57,1,No
2058-AD,Male,0,No,Yes,70,Yes,No,Fiber optic,No,No,No,No,Yes,Yes,One year,No,Electronic check,91.86,6460.03,5,Yes
5248-MQ,Female,0,No,No,35,Yes,Yes,DSL,No,No,Yes,No,Yes,Yes,One year,Yes,Electronic check,75.94,2678.41,1,No
5603-KB,Male,0,Yes,Yes,68,No,No phone service,DSL,Yes,No,No,Yes,Yes,Yes,One year,Yes,Mailed check,72.3,4977.98,0,No
1220-SW,Female,0,Yes,No,32,Yes,No,Fiber optic,No,Yes,No,Yes,No,No,Month-to-month,No,Credit card (automatic),80.77,2488.18,2,No
5818-YP,Male,0,Yes,No,59,Yes,Yes,DSL,Yes,Yes,Yes,No,No,Yes,Month-to-month,Yes,Electronic check,78.6,4599.61,1,Yes
8349-SI,Female,0,No,No,35,Yes,Yes,No,No internet service,No internet service,No internet service,No internet service,No internet service,No internet service,Month-to-month,Yes,Electronic check,21.96,797.54,1,No
8209-SA,Male,0,No,Yes,16,No,No phone service,Fiber optic,Yes,Yes,Yes,No,Yes,Yes,Month-to-month,Yes,Electronic check,100.48,1503.76,1,Yes
2871-LH,Female,0,No,Yes,52,No,No phone service,DSL,Yes,Yes,No,No,Yes,Yes,One year,Yes,Electronic check,67.57,3485.72,1,No
2462-RB,Male,0,No,Yes,66,Yes,Yes,No,No internet service,No internet service,No internet service,No internet service,No internet service,No internet service,Month-to-month,Yes,Mailed check,18.5,1131.05,2,No
9536-MF,Male,0,Yes,No,6,Yes,No,DSL,No,Yes,Yes,Yes,Yes,Yes,Two year,Yes,Mailed check,94.94,590.32,1,No
3068-ZF,Male,0,Yes,No,14,Yes,No,DSL,No,Yes,Yes,No,Yes,Yes,Month-to-month,No,Electronic check,80.39,1177.38,2,Yes
8016-PK,Male,1,No,Yes,29,Yes,Yes,No,No internet service,No internet service,No internet service,No internet service,No internet service,No internet service,Two year,No,Credit card (automatic),18.5,513.79,0,No
3598-JJ,Female,0,No,Yes,26,Yes,No,No,No internet service,No internet service,No internet service,No internet service,No internet service,No internet service,Month-to-month,Yes,Mailed check,21.93,546.95,1,Yes
7899-RX,Male,0,No,Yes,18,No,No phone service,DSL,No,No,No,No,Yes,No,Month-to-month,Yes,Credit card (automatic),47.43,923.15,1,Yes
5476-IO,Male,0,No,No,4,Yes,No,Fiber optic,Yes,No,Yes,Yes,Yes,No,One year,Yes,Electronic check,97.58,375.98,3,No
1515-HI,Female,1,Yes,No,57,Yes,No,DSL,No,No,No,Yes,No,Yes,Month-to-month,Yes,Bank transfer (automatic),68.98,3904.95,1,No
7297-DQ,Male,1,Yes,No,53,Yes,No,Fiber optic,Yes,Yes,No,Yes,No,Yes,Month-to-month,Yes,Credit card (automatic),98.19,5249.15,2,Yes
1271-OC,Female,0,No,No,25,Yes,Yes,DSL,No,Yes,No,Yes,Yes,Yes,One year,No,Electronic check,86.11,2193.65,2,No
7008-TE,Female,0,No,No,47,Yes,Yes,DSL,Yes,Yes,Yes,No,Yes,No,Month-to-month,Yes,Credit card (automatic),81.86,3869.13,0,No
4332-TO,Male,0,Yes,No,52,Yes,Yes,DSL,No,Yes,Yes,No,Yes,Yes,Month-to-month,Yes,Credit card (automatic),82.46,4279.26,2,No
1622-BM,Male,1,Yes,No,34,Yes,No,Fiber optic,No,Yes,No,No,No,No,Month-to-month,No,Bank transfer (automatic),73.1,2538.2,4,Yes
7915-JM,Female,0,Yes,No,16,Yes,No,Fiber optic,Yes,No,No,Yes,No,No,Month-to-month,No,Credit card (automatic),77.24,1236.08,1,Yes
6214-IH,Male,0,Yes,Yes,36,Yes,No,DSL,Yes,Yes,No,Yes,No,No,Month-to-month,Yes,Mailed check,71.54,2560.43,1,No
1066-PN,Female,0,No,No,28,Yes,No,Fiber optic,No,No,No,Yes,No,Yes,Month-to-month,Yes,Mailed check,85.73,2401.36,0,Yes
5616-UK,Male,0,No,No,65,Yes,No,Fiber optic,No,No,Yes,No,Yes,No,Month-to-month,Yes,Electronic check,87.75,5739.27,0,Yes
6730-EJ,Male,1,No,Yes,72,Yes,No,DSL,No,No,No,Yes,Yes,Yes,Two year,Yes,Credit card (automatic),73.67,5325.7,1,No
5471-ML,Female,1,No,Yes,53,Yes,No,Fiber optic,No,No,No,No,No,Yes,Month-to-month,No,Electronic check,73.59,3958.59,0,Yes
1548-JX,Male,0,No,Yes,42,Yes,No,DSL,No,No,No,No,No,No,Month-to-month,No,Electronic check,45.54,1916.91,1,No
9264-TG,Male,0,Yes,Yes,19,Yes,Yes,Fiber optic,No,No,No,No,Yes,Yes,Month-to-month,Yes,Bank transfer (automatic),85.58,1585.79,1,No
1571-WG,Male,0,No,Yes,44,Yes,Yes,Fiber optic,No,No,No,No,Yes,Yes,One year,No,Bank transfer (automatic),88.76,3892.49,2,No
2174-NZ,Female,0,Yes,No,30,Yes,Yes,DSL,No,No,No,No,No,Yes,Month-to-month,Yes,Mailed check,55.11,1626.33,1,No
1178-EW,Male,0,No,Yes,44,Yes,Yes,Fiber optic,Yes,No,No,No,Yes,No,Two year,Yes,Bank transfer (automatic),84.1,3683.38,1,No
1734-YR,Female,0,No,Yes,27,Yes,Yes,Fiber optic,Yes,Yes,No,No,Yes,Yes,Month-to-month,Yes,Electronic check,102.3,2747.16,1,Yes
9979-LW,Male,0,Yes,No,34,Yes,Yes,Fiber optic,No,Yes,No,Yes,No,No,Month-to-month,Yes,Electronic check,77.23,2647.91,1,Yes
5588-BY,Female,0,Yes,No,24,Yes,Yes,Fiber optic,No,No,Yes,No,Yes,No,Month-to-month,No,Electronic check,81.07,1938.53,1,Yes
4084-ZG,Male,0,Yes,Yes,56,Yes,No,Fiber optic,No,No,Yes,No,No,No,Two year,No,Electronic check,73.01,4092.74,0,No
1731-JW,Male,0,Yes,No,7,Yes,No,Fiber optic,No,Yes,Yes,No,No,Yes,Month-to-month,Yes,Mailed check,86.64,600.97,2,Yes
2605-CZ,Female,0,Yes,No,68,Yes,Yes,Fiber optic,No,No,No,Yes,Yes,Yes,Month-to-month,No,Bank transfer (automatic),99.61,6777.13,0,No
3933-TE,Male,0,No,No,51,Yes,Yes,DSL,No,Yes,No,No,Yes,Yes,Two year,Yes,Electronic check,73.07,3734.12,0,No
6074-VS,Female,0,No,Yes,8,No,No phone service,Fiber optic,No,No,Yes,No,Yes,No,Month-to-month,No,Mailed check,77.07,640.6,1,Yes
1893-OP,Male,0,Yes,No,56,Yes,No,DSL,No,No,No,No,No,Yes,Month-to-month,No,Bank transfer (automatic),54.07,3087.09,1,No
5479-XI,Female,0,Yes,No,58,Yes,Yes,DSL,No,Yes,No,No,No,No,One year,Yes,Credit card (automatic),54.69,3229.67,1,No
3371-OY,Male,0,No,No,69,Yes,Yes,Fiber optic,No,Yes,Yes,Yes,No,Yes,Month-to-month,No,Electronic check,99.57,6848.84,4,Yes
2515-WC,Female,0,Yes,Yes,8,Yes,No,Fiber optic,No,No,No,Yes,Yes,No,Month-to-month,Yes,Bank transfer (automatic),86.32,605.7,0,Yes
7326-NQ,Male,0,Yes,Yes,66,Yes,No,DSL,No,Yes,No,No,No,No,Two year,No,Bank transfer (automatic),54.53,3498.9,1,No
6586-FD,Female,0,No,No,24,Yes,Yes,DSL,No,No,Yes,Yes,No,Yes,Month-to-month,Yes,Mailed check,74.03,1792.35,2,No
8686-SQ,Female,1,Yes,Yes,42,Yes,Yes,DSL,Yes,Yes,No,No,No,No,Month-to-month,Yes,Electronic check,59.78,2497.79,2,No
2167-OV,Male,1,Yes,Yes,54,Yes,No,DSL,No,No,No,No,No,Yes,Month-to-month,No,Mailed check,55.86,3094.53,1,No
5327-SH,Female,0,No,Yes,16,Yes,No,Fiber optic,No,Yes,No,No,No,No,Month-to-month,No,Electronic check,66.42,1113.79,1,Yes
4793-PT,Female,0,Yes,No,4,Yes,Yes,No,No internet service,No internet service,No internet service,No internet service,No internet service,No internet service,Month-to-month,No,Electronic check,24.46,18.5,2,No
7738-JQ,Male,0,Yes,Yes,59,Yes,No,DSL,No,No,No,Yes,No,No,Two year,No,Electronic check,51.18,3026.79,0,No
3220-MG,Male,0,Yes,Yes,46,Yes,Yes,DSL,No,Yes,No,No,Yes,Yes,One year,Yes,Bank transfer (automatic),78.17,3548.73,3,No
7691-YF,Male,0,Yes,No,13,Yes,No,Fiber optic,Yes,No,No,No,Yes,No,One year,No,Mailed check,85.16,1125.05,1,No
1913-WF,Male,0,No,Yes,37,Yes,No,DSL,No,No,No,Yes,Yes,No,Month-to-month,Yes,Mailed check,60.83,2304.04,2,Yes
4197-YW,Male,0,No,No,54,Yes,Yes,DSL,No,No,Yes,No,Yes,No,Two year,Yes,Electronic check,61.48,3220.51,0,No
8037-BC,Male,1,No,No,49,No,No phone service,DSL,Yes,No,Yes,Yes,Yes,Yes,Month-to-month,Yes,Bank transfer (automatic),84.12,4145.45,0,No
6308-NS,Female,0,Yes,No,58,Yes,Yes,DSL,Yes,Yes,No,No,No,Yes,Month-to-month,No,Mailed check,68.79,4107.08,0,No
8769-PU,Female,0,Yes,No,19,Yes,Yes,DSL,No,Yes,No,No,Yes,No,Two year,No,Bank transfer (automatic),61.08,1138.65,3,No
5661-XG,Female,0,Yes,No,18,Yes,Yes,DSL,No,Yes,Yes,No,No,Yes,One year,No,Electronic check,72.63,1327.04,4,Yes
8389-HS,Male,0,No,No,60,Yes,No,Fiber optic,No,Yes,No,Yes,Yes,No,Two year,Yes,Credit card (automatic),92.94,5543.75,3,No
4183-VG,Male,0,Yes,No,17,Yes,No,Fiber optic,No,No,No,No,Yes,Yes,Month-to-month,Yes,Mailed check,92.08,1541.76,0,Yes
4968-HX,Female,0,No,No,11,Yes,No,Fiber optic,Yes,Yes,No,No,No,No,Month-to-month,No,Mailed check,79.06,854.02,5,Yes
9181-DC,Female,0,Yes,Yes,15,Yes,Yes,Fiber optic,No,Yes,Yes,No,Yes,No,Two year,Yes,Credit card (automatic),86.03,1275.9,0,Yes
1378-CV,Male,0,No,No,72,Yes,No,Fiber optic,No,Yes,No,No,Yes,No,One year,Yes,Credit card (automatic),81.2,5813.95,2,No
7380-HG,Female,0,No,No,17,No,No phone service,DSL,Yes,Yes,No,No,Yes,Yes,Month-to-month,Yes,Electronic check,74.8,1307.98,1,Yes
3330-AP,Male,0,Yes,No,5,Yes,No,Fiber optic,Yes,Yes,No,No,No,No,One year,No,Mailed check,78.44,301.85,1,No
5267-WI,Male,0,No,No,61,Yes,Yes,Fiber optic,No,No,Yes,No,No,Yes,Month-to-month,Yes,Bank transfer (automatic),87.04,5390.73,2,Yes
5938-JU,Female,1,Yes,Yes,4,Yes,No,Fiber optic,No,No,No,Yes,No,No,Two year,Yes,Credit card (automatic),70.81,269.59,0,No
9881-DE,Male,0,No,No,56,Yes,No,DSL,Yes,Yes,No,No,No,No,Month-to-month,Yes,Credit card (automatic),61.35,3461.21,2,No
7120-QC,Male,0,Yes,No,48,Yes,No,Fiber optic,Yes,Yes,Yes,No,Yes,Yes,Two year,Yes,Electronic check,109.34,5210.46,2,No
2412-PC,Male,1,Yes,Yes,48,Yes,Yes,Fiber optic,Yes,Yes,Yes,No,Yes,Yes,Month-to-month,No,Bank transfer (automatic),108.95,5249.93,1,Yes
1371-OC,Male,0,Yes,No,35,Yes,Yes,Fiber optic,No,No,No,Yes,Yes,No,Two year,Yes,Mailed check,83.85,3000.26,3,No
9307-NP,Female,0,No,No,33,Yes,No,DSL,Yes,Yes,No,Yes,No,Yes,One year,No,Electronic check,77.92,2668.37,3,No
2340-QX,Male,0,No,No,21,Yes,Yes,DSL,Yes,No,No,No,Yes,Yes,Two year,Yes,Mailed check,75.37,1637.02,2,No
6969-RV,Male,0,Yes,Yes,5,Yes,No,Fiber optic,Yes,No,Yes,No,Yes,No,One year,Yes,Electronic check,95.26,499.0,0,No
5813-RO,Female,0,No,No,64,Yes,Yes,DSL,No,Yes,Yes,Yes,Yes,No,One year,No,Electronic check,88.91,5710.19,2,No
4150-FO,Male,0,Yes,Yes,69,Yes,Yes,DSL,No,Yes,Yes,Yes,No,No,Month-to-month,Yes,Mailed check,69.0,4714.59,1,No
5657-DW,Male,1,Yes,No,21,Yes,Yes,No,No internet service,No internet service,No internet service,No internet service,No internet service,No internet service,Month-to-month,No,Credit card (automatic),20.28,336.52,0,Yes
8943-OC,Female,0,No,Yes,32,Yes,Yes,DSL,No,No,No,Yes,Yes,No,Month-to-month,Yes,Credit card (automatic),65.17,2057.49,5,No
5797-OM,Female,0,Yes,No,18,Yes,Yes,DSL,No,No,No,No,Yes,Yes,Month-to-month,No,Bank transfer (automatic),66.25,1222.32,1,Yes
6480-BX,Male,0,No,No,58,Yes,No,Fiber optic,No,Yes,No,Yes,No,No,Month-to-month,No,Electronic check,83.77,4891.48,1,Yes
6607-TQ,Male,0,Yes,Yes,24,Yes,Yes,DSL,Yes,No,No,Yes,No,No,Month-to-month,No,Electronic check,62.0,1346.54,2,No
7924-AB,Female,0,Yes,No,5,Yes,Yes,DSL,Yes,Yes,No,No,No,Yes,Month-to-month,No,Bank transfer (automatic),68.69,268.82,1,No
5174-LN,Male,0,Yes,No,53,Yes,No,Fiber optic,No,No,No,No,Yes,Yes,One year,Yes,Mailed check,94.61,4997.1,1,No
8265-RV,Male,0,No,Yes,55,Yes,Yes,DSL,No,No,Yes,No,Yes,No,Month-to-month,No,Mailed check,69.68,3792.93,1,Yes
2990-WY,Male,0,No,No,5,Yes,Yes,DSL,No,No,Yes,Yes,Yes,No,Two year,Yes,Bank transfer (automatic),74.86,322.26,1,No
5645-NH,Female,1,Yes,No,69,Yes,No,DSL,Yes,Yes,No,Yes,Yes,No,Month-to-month,Yes,Bank transfer (automatic),77.62,5400.67,1,No
5435-UU,Male,0,No,Yes,41,Yes,Yes,DSL,No,Yes,Yes,Yes,No,No,Month-to-month,No,Electronic check,65.46,2673.4,1,No
2045-CE,Female,0,No,No,7,Yes,Yes,Fiber optic,No,No,No,No,Yes,Yes,Month-to-month,No,Credit card (automatic),85.77,644.17,3,Yes
8951-RZ,Female,0,Yes,No,1,Yes,No,No,No internet service,No internet service,No internet service,No internet service,No internet service,No internet service,Month-to-month,No,Electronic check,25.65,18.5,1,No
4199-QK,Female,0,Yes,No,52,Yes,Yes,DSL,No,Yes,No,Yes,No,No,Month-to-month,No,Credit card (automatic),57.5,2979.29,2,No
8440-PZ,Female,0,Yes,No,26,Yes,No,DSL,No,No,No,No,No,Yes,Month-to-month,Yes,Mailed check,55.19,1396.82,1,Yes
3550-BD,Male,0,Yes,Yes,63,Yes,Yes,DSL,No,No,No,No,Yes,Yes,Month-to-month,No,Credit card (automatic),71.02,4479.71,0,No
1596-GB,Female,0,No,No,12,Yes,No,DSL,No,No,Yes,Yes,No,No,One year,Yes,Electronic check,60.56,587.78,2,No
7468-ET,Male,0,Yes,No,70,Yes,No,Fiber optic,No,Yes,No,No,No,No,Two year,Yes,Credit card (automatic),67.77,4846.26,1,No
2551-SI,Female,0,Yes,No,19,Yes,Yes,Fiber optic,No,Yes,Yes,No,Yes,Yes,One year,Yes,Electronic check,104.72,1965.4,3,Yes
7852-JY,Female,0,Yes,No,4,No,No phone service,DSL,No,No,No,No,Yes,Yes,Month-to-month,Yes,Credit card (automatic),64.29,276.15,1,Yes
6953-IK,Male,0,Yes,No,5,Yes,Yes,DSL,No,Yes,Yes,No,Yes,No,Month-to-month,No,Mailed check,68.65,393.66,4,Yes
3659-VV,Female,0,No,No,54,Yes,No,DSL,No,No,No,Yes,Yes,No,One year,Yes,Credit card (automatic),63.93,3519.34,0,No
8445-BW,Female,0,No,No,70,Yes,No,Fiber optic,Yes,Yes,No,No,No,Yes,Month-to-month,No,Electronic check,95.37,6648.18,0,No
3925-AR,Male,1,Yes,No,57,Yes,Yes,Fiber optic,Yes,No,No,No,No,No,Month-to-month,Yes,Bank transfer (automatic),75.25,4346.46,2,No
8104-AA,Female,0,Yes,No,52,Yes,Yes,DSL,No,No,No,No,Yes,No,Two year,Yes,Bank transfer (automatic),53.71,2848.33,1,No
1215-DD,Female,0,Yes,No,18,Yes,No,No,No internet service,No internet service,No internet service,No internet service,No internet service,No internet service,One year,Yes,Mailed check,26.15,455.91,1,No
4153-KA,Female,0,No,Yes,64,Yes,Yes,No,No internet service,No internet service,No internet service,No internet service,No internet service,No internet service,One year,Yes,Credit card (automatic),18.5,1194.9,2,No
2128-WD,Male,1,Yes,No,10,Yes,Yes,Fiber optic,No,Yes,Yes,Yes,No,Yes,Month-to-month,No,Bank transfer (automatic),101.61,963.07,3,Yes
8867-FP,Female,0,Yes,No,23,Yes,No,DSL,No,Yes,Yes,No,Yes,No,Month-to-month,Yes,Electronic check,66.95,1517.75,1,Yes
5897-WR,Male,0,Yes,Yes,68,Yes,Yes,DSL,No,No,No,No,No,No,Month-to-month,Yes,Credit card (automatic),47.44,3243.99,1,No
5567-XQ,Male,1,Yes,No,52,Yes,No,DSL,No,No,No,Yes,Yes,No,Month-to-month,Yes,Electronic check,62.97,3348.28,0,No
3741-MQ,Male,0,Yes,No,47,Yes,No,Fiber optic,Yes,Yes,Yes,No,No,No,Two year,Yes,Bank transfer (automatic),85.54,4009.96,2,No
1228-KG,Female,0,No,No,70,Yes,No,Fiber optic,No,No,Yes,No,Yes,No,One year,No,Bank transfer (automatic),81.62,5692.58,1,No
5284-JQ,Female,0,No,No,26,Yes,Yes,Fiber optic,No,Yes,Yes,No,Yes,No,Month-to-month,No,Electronic check,85.59,2223.68,2,Yes
7801-WV,Female,0,Yes,No,70,Yes,No,DSL,No,No,Yes,No,No,No,One year,Yes,Mailed check,48.86,3343.29,1,No
1498-ZB,Female,0,No,Yes,43,Yes,No,Fiber optic,No,No,No,Yes,Yes,No,Month-to-month,Yes,Bank transfer (automatic),85.31,3606.95,1,Yes
4779-CG,Male,0,No,No,69,Yes,Yes,Fiber optic,No,Yes,Yes,No,Yes,No,Month-to-month,Yes,Electronic check,87.09,5981.73,2,Yes
7391-RJ,Male,0,Yes,No,63,Yes,No,DSL,No,No,No,No,Yes,Yes,Two year,No,Electronic check,63.77,3965.06,2,No
8942-HF,Female,0,Yes,No,66,Yes,No,Fiber optic,No,Yes,Yes,Yes,Yes,No,Month-to-month,Yes,Mailed check,100.09,6509.61,1,No
5565-ZA,Female,0,Yes,Yes,63,Yes,No,No,No internet service,No internet service,No internet service,No internet service,No internet service,No internet service,One year,No,Electronic check,26.57,1675.55,3,No
6187-NQ,Male,0,No,No,13,Yes,No,Fiber optic,No,Yes,No,Yes,No,No,Month-to-month,No,Credit card (automatic),82.21,1173.49,0,Yes
9243-RK,Female,0,No,No,51,Yes,No,DSL,No,Yes,No,Yes,Yes,No,One year,No,Credit card (automatic),75.85,3869.51,1,No
2820-UZ,Female,0,Yes,No,5,Yes,No,DSL,Yes,No,No,No,Yes,Yes,Month-to-month,No,Electronic check,77.15,265.36,5,Yes
3568-OL,Female,0,Yes,No,47,Yes,No,DSL,No,No,No,No,Yes,No,Month-to-month,Yes,Bank transfer (automatic),57.34,2734.27,1,Yes
8465-SX,Female,0,No,No,36,Yes,No,Fiber optic,No,Yes,No,Yes,No,Yes,Two year,Yes,Bank transfer (automatic),92.63,3362.05,2,No
4199-TX,Female,0,Yes,No,36,Yes,Yes,Fiber optic,No,No,Yes,Yes,No,Yes,One year,Yes,Electronic check,92.34,3356.99,1,No
1240-QX,Female,0,No,No,50,Yes,No,Fiber optic,No,No,No,Yes,Yes,Yes,Two year,Yes,Bank transfer (automatic),94.64,4674.06,0,No
9274-VY,Male,0,Yes,No,56,No,No phone service,Fiber optic,Yes,No,No,No,Yes,No,Month-to-month,Yes,Bank transfer (automatic),75.98,4283.38,1,Yes
8995-CV,Male,0,No,Yes,19,Yes,Yes,No,No internet service,No internet service,No internet service,No internet service,No internet service,No internet service,Month-to-month,Yes,Mailed check,18.5,389.37,0,Yes
3173-SI,Male,0,No,No,20,Yes,Yes,DSL,No,No,Yes,No,No,No,Month-to-month,No,Bank transfer (automatic),50.11,1017.44,0,Yes
3601-BA,Male,0,Yes,No,22,Yes,Yes,Fiber optic,Yes,Yes,No,Yes,No,No,Month-to-month,Yes,Electronic check,82.91,1830.81,1,Yes
8325-PR,Female,0,No,No,31,Yes,No,DSL,Yes,No,No,No,No,Yes,Two year,No,Electronic check,64.7,2001.98,1,No
4830-ZQ,Female,1,Yes,No,62,Yes,Yes,DSL,No,No,No,No,Yes,No,One year,Yes,Credit card (automatic),53.24,3385.04,3,No
2317-NW,Male,0,Yes,Yes,44,No,No phone service,Fiber optic,No,No,Yes,Yes,No,No,One year,Yes,Bank transfer (automatic),71.55,3139.17,3,No
2230-NX,Male,0,No,No,68,No,No phone service,Fiber optic,No,Yes,No,Yes,Yes,No,One year,Yes,Mailed check,83.3,5717.34,2,No
2301-CX,Male,0,Yes,Yes,67,Yes,No,DSL,No,No,Yes,Yes,Yes,No,Month-to-month,No,Bank transfer (automatic),71.43,4811.47,2,Yes
2910-SY,Male,0,No,Yes,49,Yes,No,DSL,Yes,Yes,Yes,No,No,No,Month-to-month,No,Bank transfer (automatic),61.88,3093.24,1,No
9107-BC,Male,0,Yes,No,59,No,No phone service,Fiber optic,No,Yes,No,No,No,No,Month-to-month,Yes,Electronic check,62.89,3784.24,1,No
2916-AT,Female,0,No,No,4,Yes,Yes,No,No internet service,No internet service,No internet service,No internet service,No internet service,No internet service,One year,Yes,Mailed check,24.36,130.05,0,No
7996-FE,Female,0,Yes,Yes,39,Yes,Yes,Fiber optic,No,No,No,No,Yes,Yes,Month-to-month,No,Electronic check,91.49,3583.98,1,Yes
7464-SA,Male,0,No,No,7,Yes,Yes,DSL,No,No,No,No,Yes,No,Two year,Yes,Bank transfer (automatic),59.1,507.5,1,No
7362-UU,Male,0,Yes,No,71,Yes,No,DSL,No,Yes,Yes,Yes,Yes,No,Month-to-month,Yes,Bank transfer (automatic),78.26,5573.53,2,No
9683-VH,Female,0,Yes,Yes,49,Yes,No,DSL,Yes,No,Yes,No,No,Yes,Month-to-month,No,Bank transfer (automatic),73.06,3609.62,1,No
7681-PA,Female,0,Yes,No,15,Yes,Yes,Fiber optic,No,Yes,Yes,Yes,Yes,No,Two year,Yes,Credit card (automatic),95.03,1509.89,1,No
1585-KQ,Female,0,Yes,No,7,Yes,No,DSL,No,No,No,Yes,No,No,Month-to-month,No,Electronic check,50.56,387.31,3,Yes
1534-GL,Male,0,Yes,Yes,47,Yes,Yes,DSL,No,No,No,No,Yes,Yes,Two year,Yes,Electronic check,72.02,3284.21,3,No
4398-LO,Female,0,Yes,No,68,Yes,No,Fiber optic,No,No,No,Yes,No,Yes,Month-to-month,No,Credit card (automatic),82.59,5492.83,1,Yes
8329-NM,Male,0,No,No,45,Yes,No,Fiber optic,No,Yes,No,No,No,Yes,Month-to-month,No,Bank transfer (automatic),84.02,3701.26,1,Yes
6325-NP,Male,0,Yes,Yes,19,Yes,Yes,Fiber optic,Yes,Yes,Yes,No,No,Yes,One year,No,Bank transfer (automatic),98.85,1829.46,0,No
9518-SB,Female,0,No,No,47,Yes,Yes,No,No internet service,No internet service,No internet service,No internet service,No internet service,No internet service,Month-to-month,Yes,Mailed check,18.5,862.4,2,No
9316-QE,Female,0,No,No,53,Yes,No,Fiber optic,Yes,Yes,No,No,No,No,One year,Yes,Mailed check,81.32,4327.91,0,No
2861-VI,Female,0,Yes,No,27,Yes,Yes,DSL,No,Yes,No,Yes,Yes,No,Two year,No,Electronic check,76.94,2018.69,1,No
9320-VO,Male,0,No,No,5,No,No phone service,Fiber optic,Yes,No,Yes,No,Yes,No,One year,Yes,Bank transfer (automatic),88.16,462.97,0,No
4129-FS,Female,0,No,Yes,60,Yes,No,DSL,No,Yes,No,Yes,No,No,Month-to-month,No,Electronic check,63.27,3747.94,0,No
9081-FM,Female,1,Yes,No,62,Yes,No,DSL,Yes,Yes,No,No,Yes,No,Two year,No,Mailed check,73.14,4581.65,0,No
6398-WZ,Male,0,No,No,59,Yes,Yes,Fiber optic,Yes,Yes,No,No,No,Yes,Two year,No,Electronic check,92.82,5533.12,3,No
7604-GO,Female,0,Yes,No,61,Yes,No,DSL,No,No,Yes,No,No,Yes,One year,Yes,Bank transfer (automatic),65.62,4051.61,3,No
2067-ZA,Female,1,No,Yes,56,Yes,Yes,DSL,No,Yes,No,No,No,No,Month-to-month,Yes,Credit card (automatic),52.83,2942.1,1,No
8118-DM,Male,0,Yes,No,47,Yes,Yes,Fiber optic,No,Yes,No,Yes,No,No,Month-to-month,Yes,Electronic check,87.65,4254.89,3,No
9758-YE,Male,1,Yes,No,48,Yes,No,No,No internet service,No internet service,No internet service,No internet service,No internet service,No internet service,One year,Yes,Electronic check,22.16,1003.11,2,No
8996-BW,Male,0,No,No,10,Yes,No,Fiber optic,Yes,No,No,No,Yes,Yes,Month-to-month,Yes,Mailed check,99.64,962.7,1,Yes
8776-PW,Male,0,Yes,No,32,Yes,No,DSL,No,Yes,Yes,Yes,Yes,No,Two year,Yes,Mailed check,79.81,2594.36,0,No
9997-WP,Male,0,Yes,No,65,Yes,Yes,DSL,No,No,No,No,No,No,One year,No,Credit card (automatic),38.53,2503.01,1,No
2357-ZC,Female,1,Yes,No,24,Yes,No,DSL,Yes,Yes,Yes,No,No,No,Month-to-month,No,Electronic check,58.83,1490.16,1,No
3460-BA,Female,1,No,No,29,Yes,Yes,DSL,No,No,No,Yes,No,No,One year,Yes,Mailed check,51.82,1389.11,0,No
3728-WG,Male,0,Yes,Yes,7,Yes,Yes,Fiber optic,Yes,No,No,No,Yes,No,Month-to-month,No,Credit card (automatic),87.96,619.77,3,Yes
8481-RK,Female,0,Yes,No,17,Yes,No,Fiber optic,No,No,Yes,No,Yes,Yes,Month-to-month,No,Bank transfer (automatic),97.73,1601.03,1,Yes
1616-AN,Female,0,Yes,Yes,25,Yes,Yes,Fiber optic,No,Yes,No,No,Yes,Yes,Month-to-month,Yes,Electronic check,95.69,2376.82,1,Yes
2203-FG,Male,0,No,No,36,Yes,No,Fiber optic,Yes,Yes,No,No,Yes,No,Two year,Yes,Electronic check,93.62,3369.42,0,No
4081-GZ,Male,0,No,No,61,Yes,No,Fiber optic,No,No,Yes,No,Yes,Yes,Month-to-month,No,Mailed check,97.7,5949.94,1,No
5321-DU,Male,0,Yes,Yes,71,Yes,Yes,Fiber optic,No,Yes,Yes,No,No,No,Two year,Yes,Mailed check,84.35,5941.8,4,No
7269-QA,Female,0,Yes,No,35,Yes,No,DSL,No,No,Yes,Yes,No,Yes,One year,Yes,Electronic check,71.31,2505.04,2,No
5078-JS,Male,1,Yes,No,50,Yes,Yes,Fiber optic,No,Yes,No,No,No,No,One year,Yes,Mailed check,69.24,3530.6,2,No
5151-PI,Female,1,No,No,56,Yes,No,No,No internet service,No internet service,No internet service,No internet service,No internet service,No internet service,Two year,No,Bank transfer (automatic),21.06,1156.64,2,No
7175-OQ,Female,0,No,No,65,Yes,No,No,No internet service,No internet service,No internet service,No internet service,No internet service,No internet service,Two year,Yes,Mailed check,21.2,1472.84,1,No
4565-RZ,Female,0,Yes,No,41,Yes,Yes,No,No internet service,No internet service,No internet service,No internet service,No internet service,No internet service,Month-to-month,No,Electronic check,20.08,861.62,0,No
9321-DR,Female,1,No,No,25,Yes,Yes,No,No internet service,No internet service,No internet service,No internet service,No internet service,No internet service,Two year,Yes,Credit card (automatic),20.69,505.94,3,No
8366-MO,Male,0,Yes,No,34,No,No phone service,Fiber optic,Yes,Yes,Yes,Yes,Yes,Yes,Month-to-month,No,Electronic check,115.22,3894.65,0,No
4672-WV,Female,0,Yes,No,8,Yes,No,Fiber optic,No,No,No,No,Yes,Yes,Month-to-month,Yes,Bank transfer (automatic),89.14,738.12,1,Yes
1992-KJ,Male,0,No,Yes,56,Yes,No,DSL,Yes,Yes,No,No,Yes,No,One year,No,Bank transfer (automatic),70.94,3943.45,1,No
3223-KU,Female,1,No,Yes,30,Yes,No,Fiber optic,No,No,Yes,No,No,No,Two year,No,Electronic check,70.56,2153.78,1,Yes
4237-IM,Male,0,No,Yes,68,Yes,Yes,Fiber optic,No,No,No,No,No,No,Month-to-month,No,Mailed check,61.42,4152.73,0,No
1343-HN,Male,0,Yes,No,21,Yes,No,Fiber optic,No,No,No,Yes,Yes,No,Month-to-month,No,Mailed check,83.69,1719.5,0,Yes
5704-QX,Male,0,Yes,No,10,Yes,Yes,Fiber optic,Yes,No,Yes,No,No,No,One year,No,Bank transfer (automatic),84.22,837.78,3,No
5920-BY,Female,1,No,No,33,Yes,No,No,No internet service,No internet service,No internet service,No internet service,No internet service,No internet service,One year,Yes,Mailed check,19.77,731.48,2,No
8127-ID,Female,0,No,No,4,Yes,Yes,Fiber optic,Yes,No,No,Yes,No,Yes,Month-to-month,No,Electronic check,92.55,310.09,1,Yes
5212-RP,Female,0,Yes,No,23,Yes,No,DSL,Yes,No,No,No,Yes,Yes,One year,Yes,Credit card (automatic),79.79,1767.09,2,No
4001-KU,Male,0,Yes,No,69,Yes,Yes,DSL,No,Yes,Yes,No,No,Yes,Month-to-month,Yes,Mailed check,70.13,4805.97,2,No
3708-RW,Female,1,No,No,53,Yes,No,Fiber optic,No,No,No,Yes,Yes,Yes,One year,Yes,Mailed check,101.85,5330.51,2,No
1924-XJ,Female,0,No,No,5,Yes,No,DSL,No,No,No,Yes,No,No,Month-to-month,Yes,Credit card (automatic),55.71,304.63,0,No
9044-QR,Female,0,No,Yes,18,Yes,No,DSL,No,No,No,Yes,No,Yes,Month-to-month,Yes,Mailed check,62.52,1117.43,3,No
1495-TE,Male,1,No,No,17,Yes,No,DSL,Yes,No,Yes,No,No,Yes,Month-to-month,Yes,Electronic check,74.72,1285.75,1,Yes
1556-RQ,Female,0,Yes,No,58,Yes,No,DSL,No,No,No,Yes,Yes,Yes,One year,Yes,Credit card (automatic),78.59,4575.08,1,No
3120-NQ,Female,0,No,No,67,Yes,No,No,No internet service,No internet service,No internet service,No internet service,No internet service,No internet service,Two year,Yes,Credit card (automatic),19.4,1275.94,2,No
1156-DR,Male,1,No,No,72,Yes,Yes,DSL,Yes,No,No,No,Yes,No,Month-to-month,Yes,Bank transfer (automatic),65.43,4668.61,1,No
8162-TX,Male,0,Yes,No,56,No,No phone service,DSL,No,No,No,No,No,No,Month-to-month,No,Mailed check,35.07,2041.94,1,No
9055-OK,Male,0,No,No,40,Yes,No,Fiber optic,No,No,Yes,No,Yes,No,One year,Yes,Bank transfer (automatic),79.76,3206.39,2,Yes
8246-OE,Male,0,No,No,2,Yes,No,Fiber optic,No,Yes,No,No,No,No,Month-to-month,No,Mailed check,71.22,50.18,0,Yes
5626-ZT,Male,0,Yes,Yes,21,Yes,Yes,Fiber optic,No,Yes,Yes,No,No,No,Two year,Yes,Bank transfer (automatic),77.89,1632.29,3,No
1153-NQ,Male,0,No,No,52,Yes,Yes,DSL,No,Yes,No,No,No,No,Month-to-month,Yes,Electronic check,47.21,2405.05,2,No
7481-UC,Female,0,No,No,24,Yes,No,Fiber optic,No,Yes,Yes,No,No,Yes,Two year,Yes,Mailed check,90.0,2179.88,3,No
1786-QL,Female,1,No,No,53,Yes,Yes,Fiber optic,No,No,No,No,No,No,One year,No,Bank transfer (automatic),64.75,3480.57,5,Yes
9096-LQ,Male,0,No,Yes,38,No,No phone service,DSL,No,Yes,Yes,Yes,Yes,No,Two year,Yes,Bank transfer (automatic),78.31,2940.82,0,No
4767-CK,Female,0,Yes,No,20,Yes,No,Fiber optic,No,Yes,Yes,No,No,Yes,Month-to-month,No,Electronic check,86.37,1764.5,2,Yes
8216-WZ,Male,0,No,No,50,Yes,No,Fiber optic,No,Yes,No,Yes,Yes,Yes,Month-to-month,No,Bank transfer (automatic),104.17,5267.47,1,No
4426-HT,Female,0,Yes,Yes,39,Yes,Yes,Fiber optic,No,No,Yes,No,No,Yes,Month-to-month,Yes,Electronic check,82.21,3219.03,1,No
8011-UV,Male,0,No,No,60,Yes,Yes,No,No internet service,No internet service,No internet service,No internet service,No internet service,No internet service,One year,Yes,Bank transfer (automatic),18.5,1073.92,1,No
3349-DP,Male,0,Yes,No,39,Yes,Yes,Fiber optic,No,No,Yes,No,Yes,No,Month-to-month,No,Credit card (automatic),88.68,3534.74,3,Yes
2212-VA,Female,0,Yes,No,71,Yes,Yes,Fiber optic,No,No,Yes,No,No,No,One year,No,Credit card (automatic),77.35,5568.38,2,No
7704-YJ,Female,0,Yes,Yes,33,No,No phone service,DSL,No,No,No,No,No,No,Two year,Yes,Bank transfer (automatic),32.79,1080.15,0,No
3511-PZ,Female,0,Yes,No,29,Yes,Yes,Fiber optic,No,No,No,No,Yes,Yes,Month-to-month,No,Bank transfer (automatic),92.07,2671.65,2,Yes
8367-GF,Female,0,Yes,Yes,10,Yes,No,Fiber optic,No,No,Yes,No,No,Yes,Month-to-month,Yes,Electronic check,85.95,873.26,2,No
7031-TP,Female,0,Yes,No,67,Yes,Yes,Fiber optic,No,Yes,No,No,Yes,Yes,Month-to-month,No,Mailed check,97.07,6483.32,0,No
3713-ZN,Female,0,No,No,3,Yes,Yes,Fiber optic,Yes,Yes,No,Yes,No,Yes,Two year,No,Electronic check,100.67,291.31,1,No
8328-ZY,Female,1,No,Yes,31,Yes,Yes,Fiber optic,Yes,No,No,No,Yes,No,Two year,Yes,Credit card (automatic),88.43,2708.31,3,No
1300-TC,Female,0,No,No,27,Yes,No,Fiber optic,No,No,No,Yes,Yes,No,Month-to-month,Yes,Bank transfer (automatic),88.98,2463.18,1,Yes
6555-DZ,Male,0,No,No,70,Yes,No,Fiber optic,No,No,No,No,Yes,No,Month-to-month,Yes,Electronic check,78.45,5409.45,2,Yes
3506-BN,Female,0,No,No,27,Yes,Yes,Fiber optic,No,Yes,No,No,Yes,No,Month-to-month,Yes,Mailed check,79.35,2117.74,2,Yes
6680-LZ,Female,0,Yes,No,9,Yes,Yes,DSL,No,No,No,No,Yes,Yes,One year,Yes,Bank transfer (automatic),71.18,690.4,1,No
9747-AM,Male,0,No,No,6,Yes,No,Fiber optic,Yes,Yes,No,No,Yes,Yes,One year,Yes,Bank transfer (automatic),109.14,655.7,6,No
4661-XB,Male,0,No,Yes,6,Yes,Yes,Fiber optic,No,Yes,No,No,No,Yes,One year,Yes,Electronic check,84.52,451.7,0,Yes
8067-PD,Male,0,Yes,Yes,26,Yes,No,Fiber optic,No,No,No,No,No,Yes,Month-to-month,Yes,Mailed check,75.34,1932.91,2,No
2601-JI,Male,0,No,No,43,Yes,No,Fiber optic,Yes,Yes,Yes,No,No,No,Month-to-month,No,Electronic check,89.77,3932.65,1,No
7230-OM,Female,0,Yes,Yes,19,Yes,No,DSL,No,No,Yes,No,Yes,No,Month-to-month,Yes,Electronic check,67.15,1335.61,2,No
7447-BT,Female,0,No,Yes,16,Yes,No,DSL,No,Yes,No,No,Yes,No,One year,Yes,Mailed check,62.44,990.35,1,No
2299-NC,Male,1,No,No,23,Yes,No,Fiber optic,No,No,Yes,No,No,Yes,Month-to-month,Yes,Mailed check,85.46,1909.91,0,Yes
8489-DN,Male,0,No,Yes,29,Yes,No,Fiber optic,No,Yes,Yes,No,Yes,Yes,Month-to-month,Yes,Credit card (automatic),105.65,3110.19,2,No
3831-SB,Female,0,Yes,Yes,38,Yes,Yes,DSL,No,No,No,No,No,Yes,Month-to-month,Yes,Mailed check,53.65,2010.89,1,No
2532-NF,Female,0,Yes,Yes,59,Yes,Yes,Fiber optic,No,No,Yes,Yes,Yes,Yes,Month-to-month,Yes,Electronic check,107.47,6447.66,2,Yes
2996-DV,Female,1,No,Yes,48,Yes,Yes,DSL,Yes,Yes,No,No,No,No,Month-to-month,Yes,Electronic check,59.24,2806.12,2,Yes
4089-LT,Female,0,Yes,No,20,Yes,No,DSL,Yes,No,No,Yes,Yes,No,Month-to-month,Yes,Mailed check,74.93,1522.31,3,No
6365-US,Male,0,Yes,Yes,21,Yes,Yes,DSL,Yes,No,No,No,Yes,No,Two year,Yes,Credit card (automatic),64.89,1429.54,1,No
9167-GP,Female,0,No,No,28,Yes,Yes,DSL,Yes,No,Yes,Yes,Yes,Yes,Month-to-month,No,Credit card (automatic),93.97,2650.62,0,No
2797-TU,Male,0,No,No,50,No,No phone service,DSL,Yes,No,No,No,No,Yes,Month-to-month,Yes,Mailed check,56.98,2859.82,1,No
7500-PG,Male,0,Yes,No,33,Yes,No,Fiber optic,Yes,No,Yes,Yes,No,Yes,One year,Yes,Credit card (automatic),101.9,3298.3,3,No
9634-EK,Male,1,Yes,Yes,40,Yes,No,Fiber optic,No,Yes,No,Yes,No,No,Two year,Yes,Electronic check,80.1,3223.86,2,No
1142-CZ,Female,0,No,No,54,Yes,Yes,Fiber optic,Yes,Yes,No,No,No,Yes,Two year,No,Mailed check,90.02,4877.52,3,No
1534-UE,Male,0,Yes,No,10,Yes,No,Fiber optic,No,No,Yes,No,Yes,No,Month-to-month,No,Electronic check,87.81,878.81,2,Yes
2032-OC,Female,0,Yes,Yes,34,Yes,No,DSL,Yes,No,No,No,No,No,Month-to-month,Yes,Credit card (automatic),51.17,1703.18,2,No
7085-QZ,Male,0,No,Yes,36,Yes,No,Fiber optic,No,No,No,Yes,Yes,Yes,Month-to-month,Yes,Electronic check,95.52,3430.81,1,No
5500-HU,Female,0,No,No,7,Yes,No,Fiber optic,No,No,Yes,Yes,No,No,Month-to-month,Yes,Credit card (automatic),76.36,568.38,1,Yes
5517-HJ,Male,0,No,No,16,Yes,Yes,No,No internet service,No internet service,No internet service,No internet service,No internet service,No internet service,One year,Yes,Mailed check,22.25,350.98,0,No
1471-CW,Male,0,Yes,No,51,Yes,Yes,No,No internet service,No internet service,No internet service,No internet service,No internet service,No internet service,Month-to-month,No,Credit card (automatic),19.34,1014.12,0,No
8670-NJ,Female,0,No,No,61,Yes,No,Fiber optic,Yes,Yes,No,No,Yes,No,Two year,No,Mailed check,92.52,5657.7,3,Yes
4723-FL,Female,0,No,Yes,31,No,No phone service,Fiber optic,Yes,No,No,No,No,No,Month-to-month,Yes,Mailed check,65.04,1993.46,2,No
4309-BI,Male,1,No,No,32,Yes,No,No,No internet service,No internet service,No internet service,No internet service,No internet service,No internet service,Month-to-month,Yes,Mailed check,19.83,642.8,0,No
7665-ZQ,Male,0,Yes,Yes,45,Yes,No,DSL,Yes,No,Yes,No,Yes,Yes,One year,Yes,Credit card (automatic),81.33,3631.47,1,No
1882-AL,Female,0,No,No,27,Yes,No,Fiber optic,No,Yes,No,No,No,Yes,Month-to-month,No,Mailed check,82.72,2196.33,2,Yes
5611-JM,Male,0,No,Yes,22,No,No phone service,Fiber optic,Yes,Yes,No,Yes,No,No,Two year,Yes,Credit card (automatic),74.21,1666.39,2,No
6204-VY,Female,1,No,Yes,15,Yes,Yes,DSL,Yes,No,Yes,No,No,Yes,Month-to-month,Yes,Credit card (automatic),76.78,1168.57,3,Yes
4203-RE,Female,0,Yes,No,8,Yes,No,DSL,No,No,No,No,No,Yes,Month-to-month,No,Electronic check,56.83,449.5,0,Yes
1018-BL,Male,0,No,No,68,Yes,Yes,Fiber optic,No,Yes,No,Yes,No,No,Month-to-month,Yes,Credit card (automatic),78.83,5394.95,3,No
6200-JB,Female,0,No,No,8,Yes,No,DSL,No,Yes,No,Yes,Yes,Yes,Two year,Yes,Electronic check,87.92,672.7,1,No
1773-HS,Male,0,No,No,16,Yes,Yes,DSL,No,No,No,No,No,No,Two year,No,Credit card (automatic),39.84,603.22,2,Yes
4518-YL,Female,1,Yes,Yes,48,Yes,Yes,DSL,No,Yes,No,No,No,Yes,Two year,Yes,Electronic check,68.04,3194.48,0,No
7984-BH,Female,1,Yes,No,34,Yes,Yes,Fiber optic,Yes,No,Yes,Yes,Yes,Yes,Two year,No,Bank transfer (automatic),111.07,3724.02,0,No
2674-UD,Male,1,Yes,No,57,No,No phone service,DSL,Yes,No,Yes,Yes,Yes,Yes,Month-to-month,No,Credit card (automatic),86.22,4906.1,0,No
2545-UT,Female,0,Yes,No,5,Yes,No,Fiber optic,No,No,No,No,Yes,No,One year,Yes,Electronic check,77.02,482.01,1,Yes
6127-DJ,Male,0,No,No,44,Yes,No,Fiber optic,Yes,Yes,No,Yes,Yes,Yes,Two year,No,Electronic check,106.68,4632.43,1,No
5555-NP,Female,0,Yes,Yes,71,Yes,Yes,Fiber optic,Yes,Yes,No,Yes,No,No,Two year,Yes,Mailed check,85.72,5987.06,0,No
8124-VU,Female,0,Yes,Yes,37,Yes,No,DSL,Yes,No,No,No,No,No,Month-to-month,Yes,Mailed check,52.62,1933.15,2,No
3283-RG,Female,0,Yes,No,28,Yes,Yes,DSL,No,No,No,No,Yes,Yes,Month-to-month,No,Electronic check,69.19,1942.79,1,No
7998-GI,Female,0,Yes,No,68,Yes,No,DSL,No,Yes,Yes,No,No,No,Month-to-month,Yes,Mailed check,58.31,3920.25,1,No
6413-VL,Male,1,No,Yes,38,Yes,Yes,Fiber optic,No,No,No,No,Yes,No,One year,Yes,Credit card (automatic),77.88,3015.79,1,No
3603-JW,Female,1,No,No,46,Yes,No,DSL,No,Yes,Yes,Yes,No,No,One year,Yes,Credit card (automatic),61.77,2799.94,1,No
9569-FQ,Female,0,No,No,26,Yes,No,Fiber optic,No,No,No,Yes,Yes,Yes,One year,Yes,Mailed check,98.95,2559.87,3,No
9433-FX,Female,0,Yes,No,53,Yes,Yes,Fiber optic,Yes,Yes,Yes,No,No,Yes,One year,No,Electronic check,94.85,5030.71,4,No
6682-JX,Male,0,No,Yes,63,Yes,No,No,No internet service,No internet service,No internet service,No internet service,No internet service,No internet service,Two year,Yes,Electronic check,23.13,1526.07,4,No
9084-XF,Male,0,Yes,Yes,63,Yes,Yes,DSL,No,Yes,Yes,No,Yes,No,Two year,No,Bank transfer (automatic),66.22,4213.36,1,No
4924-YG,Male,0,Yes,Yes,38,Yes,Yes,Fiber optic,No,Yes,Yes,No,Yes,Yes,Month-to-month,Yes,Electronic check,107.97,4121.3,2,Yes
3007-AR,Male,0,No,No,15,Yes,Yes,Fiber optic,Yes,No,Yes,No,Yes,No,One year,No,Mailed check,90.49,1370.11,1,No
9119-YT,Female,1,No,Yes,9,Yes,No,DSL,No,No,No,No,Yes,Yes,Month-to-month,Yes,Mailed check,66.89,636.43,1,Yes
7495-LP,Female,0,Yes,No,22,Yes,No,DSL,No,No,Yes,No,No,Yes,Month-to-month,Yes,Electronic check,68.25,1599.14,0,Yes
3330-JN,Female,0,Yes,Yes,70,Yes,No,DSL,No,No,Yes,No,No,Yes,Month-to-month,Yes,Mailed check,65.49,4496.98,3,No
2016-TJ,Male,0,No,No,56,Yes,No,Fiber optic,Yes,Yes,No,No,Yes,No,Month-to-month,No,Electronic check,95.19,5280.54,1,No
9216-KW,Male,0,No,No,37,Yes,No,Fiber optic,No,No,No,No,Yes,Yes,Month-to-month,No,Electronic check,89.02,3245.1,1,No
1737-YT,Female,0,Yes,Yes,57,Yes,No,DSL,No,Yes,No,No,No,Yes,Month-to-month,Yes,Electronic check,64.88,3788.83,0,No
1231-WG,Female,0,No,No,60,Yes,No,DSL,Yes,Yes,Yes,No,No,No,Month-to-month,Yes,Electronic check,69.1,4065.66,1,No
7401-RO,Female,1,No,No,12,Yes,Yes,DSL,Yes,No,No,Yes,No,Yes,One year,No,Bank transfer (automatic),73.38,811.94,2,No
8072-EB,Male,0,Yes,No,7,Yes,No,DSL,Yes,Yes,No,Yes,No,Yes,Two year,Yes,Bank transfer (automatic),86.13,599.58,3,No
9787-CS,Female,0,Yes,No,66,Yes,Yes,DSL,No,Yes,No,No,No,Yes,Month-to-month,No,Electronic check,60.47,4056.29,0,No
8164-VR,Female,0,Yes,No,41,Yes,No,DSL,Yes,No,Yes,No,Yes,Yes,Month-to-month,Yes,Bank transfer (automatic),83.53,3475.4,3,Yes
8933-XH,Male,0,No,No,24,Yes,No,DSL,No,Yes,Yes,No,Yes,Yes,Month-to-month,Yes,Mailed check,86.87,2070.96,1,Yes
2565-LU,Male,0,Yes,No,25,No,No phone service,Fiber optic,No,Yes,No,No,No,No,One year,No,Mailed check,56.75,1383.75,1,No
9534-TQ,Female,0,No,No,62,Yes,No,Fiber optic,Yes,No,No,No,No,No,Two year,No,Electronic check,71.56,4452.11,1,No
1138-BZ,Male,0,No,Yes,44,Yes,No,DSL,No,No,No,Yes,No,Yes,Month-to-month,No,Electronic check,59.99,2570.04,2,No
4235-AO,Female,0,Yes,No,2,Yes,No,DSL,Yes,No,No,No,Yes,Yes,One year,Yes,Electronic check,75.81,260.44,1,No
5620-HY,Female,0,Yes,No,42,Yes,No,Fiber optic,No,No,No,No,No,No,Month-to-month,Yes,Electronic check,64.81,2740.53,2,Yes
7353-ES,Female,0,No,No,33,Yes,No,DSL,No,Yes,No,No,Yes,Yes,Month-to-month,No,Bank transfer (automatic),72.76,2502.75,2,No
4381-PA,Female,1,Yes,Yes,17,Yes,No,DSL,Yes,No,No,Yes,No,No,One year,No,Bank transfer (automatic),61.89,1035.65,1,No
5887-BU,Male,0,No,No,63,Yes,Yes,DSL,No,No,Yes,No,Yes,No,One year,Yes,Electronic check,60.92,3824.27,2,No
2927-RY,Male,0,Yes,No,22,Yes,Yes,Fiber optic,No,Yes,No,Yes,No,No,One year,No,Mailed check,82.26,1826.71,1,No
1004-ZV,Male,0,Yes,No,1,Yes,No,DSL,No,No,No,No,No,Yes,Month-to-month,No,Electronic check,58.18,50.75,0,Yes
6378-ZH,Female,1,No,No,70,Yes,No,No,No internet service,No internet service,No internet service,No internet service,No internet service,No internet service,One year,No,Bank transfer (automatic),21.65,1505.8,0,No
4326-LB,Female,0,Yes,No,54,Yes,No,DSL,Yes,Yes,Yes,Yes,Yes,No,Month-to-month,No,Electronic check,87.69,4662.69,1,No
2131-RM,Female,0,No,No,14,Yes,Yes,DSL,No,No,No,No,No,Yes,Month-to-month,Yes,Mailed check,54.35,753.94,1,No
6092-GZ,Male,0,Yes,No,53,Yes,No,Fiber optic,No,No,Yes,Yes,Yes,No,Month-to-month,Yes,Electronic check,89.32,4652.52,1,No
4159-LP,Male,1,No,No,6,Yes,No,DSL,Yes,No,No,No,No,No,Month-to-month,Yes,Bank transfer (automatic),53.64,282.39,1,Yes
8318-HI,Female,0,No,No,64,Yes,No,DSL,Yes,No,No,Yes,Yes,No,One year,Yes,Electronic check,69.44,4422.34,1,No
4044-ME,Male,0,No,Yes,33,Yes,Yes,Fiber optic,Yes,No,Yes,Yes,No,Yes,Month-to-month,No,Mailed check,105.01,3418.48,0,No
3892-IU,Male,1,No,Yes,72,Yes,Yes,DSL,No,No,No,No,No,Yes,One year,Yes,Electronic check,57.38,4122.58,1,No
1654-JX,Male,0,Yes,No,44,Yes,No,Fiber optic,Yes,Yes,No,No,Yes,Yes,One year,No,Credit card (automatic),99.48,4366.04,2,No
7782-GH,Male,0,Yes,No,34,Yes,No,Fiber optic,No,No,No,No,No,No,Month-to-month,Yes,Bank transfer (automatic),63.42,2287.73,1,No
9446-OP,Female,0,Yes,No,34,Yes,No,DSL,No,No,No,Yes,No,No,Month-to-month,Yes,Electronic check,55.4,1926.63,3,No
2876-FA,Male,0,Yes,No,24,No,No phone service,DSL,No,No,No,No,Yes,No,One year,No,Mailed check,50.09,1212.09,1,No
7154-LZ,Female,0,No,No,2,Yes,No,DSL,Yes,Yes,Yes,Yes,No,No,Month-to-month,Yes,Mailed check,76.71,89.83,2,Yes
5516-WU,Male,1,Yes,No,8,Yes,Yes,Fiber optic,No,Yes,No,No,Yes,Yes,Month-to-month,Yes,Electronic check,92.5,697.5,1,Yes
7639-MM,Female,0,No,No,25,Yes,Yes,Fiber optic,No,No,No,No,Yes,No,Month-to-month,Yes,Electronic check,80.59,1937.99,4,Yes
2008-GH,Female,0,Yes,No,32,Yes,Yes,No,No internet service,No internet service,No internet service,No internet service,No internet service,No internet service,Two year,No,Bank transfer (automatic),19.58,649.08,1,No
3508-WP,Male,1,Yes,No,56,Yes,No,Fiber optic,No,No,No,No,Yes,Yes,Month-to-month,No,Credit card (automatic),92.94,5168.77,2,No
1989-DH,Female,1,No,Yes,7,Yes,Yes,Fiber optic,No,No,No,Yes,Yes,Yes,Month-to-month,Yes,Bank transfer (automatic),99.37,719.41,2,Yes
7479-UJ,Female,0,Yes,Yes,48,Yes,Yes,DSL,No,No,No,No,No,Yes,One year,No,Bank transfer (automatic),58.15,2822.48,0,No
9075-ZE,Male,0,No,No,54,Yes,Yes,DSL,No,Yes,No,Yes,Yes,Yes,Month-to-month,Yes,Bank transfer (automatic),84.91,4564.08,3,No
9447-PA,Female,0,Yes,No,63,Yes,No,No,No internet service,No internet service,No internet service,No internet service,No internet service,No internet service,Month-to-month,Yes,Mailed check,21.27,1312.54,2,No
8688-LE,Male,0,Yes,Yes,2,Yes,No,DSL,Yes,Yes,Yes,No,No,Yes,Two year,No,Electronic check,82.87,161.96,3,No
3803-VX,Female,0,No,No,35,Yes,Yes,Fiber optic,No,No,Yes,No,No,Yes,Two year,Yes,Electronic check,82.29,2839.04,4,No
1098-EB,Male,0,Yes,No,22,Yes,Yes,DSL,No,No,Yes,No,No,No,One year,No,Electronic check,54.97,1157.14,0,No
1877-BM,Male,0,No,No,64,Yes,Yes,DSL,Yes,No,No,No,Yes,Yes,Month-to-month,No,Electronic check,76.82,4832.46,2,No
3665-MP,Male,0,Yes,Yes,59,Yes,No,Fiber optic,No,No,No,Yes,Yes,No,Month-to-month,Yes,Mailed check,87.03,5059.53,2,No
9761-NK,Male,0,No,No,49,Yes,Yes,Fiber optic,No,No,Yes,Yes,No,Yes,One year,Yes,Mailed check,96.71,4740.84,0,No
9613-DU,Male,0,Yes,Yes,52,Yes,No,Fiber optic,Yes,No,Yes,Yes,No,Yes,Month-to-month,Yes,Bank transfer (automatic),99.33,5185.18,1,No
1544-GX,Female,0,No,Yes,21,Yes,No,Fiber optic,Yes,No,No,No,Yes,Yes,Month-to-month,Yes,Credit card (automatic),100.88,2112.93,2,Yes
2223-ES,Female,0,No,Yes,12,No,No phone service,Fiber optic,Yes,No,No,Yes,Yes,No,Month-to-month,Yes,Electronic check,85.89,989.67,1,Yes
7520-OF,Male,0,Yes,No,11,Yes,No,DSL,No,No,No,No,No,No,Two year,No,Mailed check,46.81,557.97,4,No
3446-ES,Female,0,Yes,Yes,54,Yes,Yes,Fiber optic,No,No,No,Yes,No,No,Two year,Yes,Electronic check,77.71,4290.99,5,No
5277-SJ,Female,0,No,Yes,70,No,No phone service,Fiber optic,Yes,Yes,Yes,No,No,No,Month-to-month,No,Credit card (automatic),78.45,5493.74,1,No
6515-VD,Female,0,Yes,Yes,14,Yes,Yes,No,No internet service,No internet service,No internet service,No internet service,No internet service,No internet service,Month-to-month,No,Mailed check,22.2,296.82,3,No
4985-PH,Male,0,No,No,33,Yes,Yes,DSL,No,No,No,No,No,Yes,Month-to-month,No,Credit card (automatic),61.48,2045.57,2,No
8448-WL,Male,0,No,No,26,Yes,No,DSL,Yes,No,Yes,Yes,Yes,No,Month-to-month,No,Bank transfer (automatic),82.33,2041.74,1,No
4681-DE,Female,0,No,Yes,14,Yes,No,Fiber optic,No,No,No,No,Yes,No,Two year,Yes,Electronic check,65.87,957.9,1,No
1572-UR,Male,0,Yes,No,48,Yes,No,DSL,No,No,Yes,No,Yes,No,Month-to-month,Yes,Credit card (automatic),62.36,2944.67,1,No
8082-CY,Male,0,Yes,No,65,Yes,No,DSL,No,No,No,No,Yes,No,One year,Yes,Electronic check,59.82,3946.6,0,No
9417-IN,Female,0,Yes,Yes,46,Yes,No,Fiber optic,No,No,No,No,No,No,Month-to-month,No,Bank transfer (automatic),63.7,2861.01,2,No
9963-IM,Male,0,Yes,Yes,55,Yes,Yes,No,No internet service,No internet service,No internet service,No internet service,No internet service,No internet service,One year,No,Mailed check,18.5,989.43,1,No
9625-OJ,Male,0,Yes,Yes,68,Yes,No,DSL,Yes,Yes,Yes,Yes,Yes,No,Month-to-month,No,Bank transfer (automatic),85.48,5737.65,1,No
4407-LT,Male,1,No,No,12,Yes,Yes,DSL,No,No,Yes,No,Yes,No,Month-to-month,Yes,Mailed check,65.97,859.94,0,No
3793-AG,Male,0,Yes,No,54,Yes,No,No,No internet service,No internet service,No internet service,No internet service,No internet service,No internet service,Two year,No,Credit card (automatic),18.5,914.26,1,No
3911-ZQ,Male,0,No,Yes,64,Yes,No,No,No internet service,No internet service,No internet service,No internet service,No internet service,No internet service,Month-to-month,Yes,Mailed check,21.06,1332.46,4,No
3415-XC,Female,0,No,Yes,47,Yes,No,DSL,No,No,No,No,Yes,Yes,Month-to-month,Yes,Electronic check,68.14,3166.12,5,No
6289-VG,Male,1,No,No,37,Yes,No,Fiber optic,No,Yes,No,No,No,Yes,Month-to-month,Yes,Mailed check,86.95,3204.5,1,Yes
8257-QF,Male,1,Yes,No,41,No,No phone service,DSL,Yes,No,No,Yes,No,No,Month-to-month,Yes,Credit card (automatic),54.01,2261.5,1,No
2173-DQ,Female,0,No,No,27,Yes,No,No,No internet service,No internet service,No internet service,No internet service,No internet service,No internet service,One year,No,Credit card (automatic),20.72,575.95,0,No
1835-GW,Female,0,Yes,Yes,42,No,No phone service,Fiber optic,No,Yes,No,No,No,No,Two year,No,Bank transfer (automatic),60.3,2521.85,0,No
5567-HW,Male,0,Yes,No,68,Yes,Yes,Fiber optic,Yes,Yes,Yes,No,Yes,Yes,Month-to-month,Yes,Electronic check,110.8,7449.78,2,No
3429-OO,Female,0,No,Yes,29,Yes,No,Fiber optic,No,Yes,Yes,Yes,No,No,One year,No,Electronic check,85.14,2554.09,2,No
6287-PS,Male,0,No,No,36,Yes,Yes,No,No internet service,No internet service,No internet service,No internet service,No internet service,No internet service,Month-to-month,Yes,Bank transfer (automatic),18.5,674.15,1,No
6930-BW,Female,0,Yes,Yes,57,Yes,No,Fiber optic,No,No,No,Yes,No,No,Month-to-month,Yes,Bank transfer (automatic),77.44,4432.08,1,No
5784-ZP,Male,1,Yes,Yes,12,Yes,No,DSL,Yes,No,No,No,Yes,Yes,Two year,Yes,Mailed check,73.78,824.6,1,No
6580-OD,Female,0,Yes,No,45,Yes,No,Fiber optic,No,No,No,Yes,Yes,Yes,Month-to-month,No,Credit card (automatic),93.57,4270.41,4,Yes
5573-LD,Male,1,No,No,20,Yes,Yes,Fiber optic,Yes,No,Yes,Yes,Yes,Yes,Month-to-month,No,Bank transfer (automatic),112.16,2178.9,2,No
1706-VQ,Female,0,No,No,45,Yes,No,Fiber optic,Yes,No,No,Yes,Yes,Yes,Month-to-month,Yes,Credit card (automatic),105.8,4887.33,1,No
7997-RY,Male,0,Yes,Yes,23,Yes,No,Fiber optic,No,Yes,Yes,No,No,Yes,Month-to-month,No,Electronic check,89.48,2084.89,0,Yes
9945-WQ,Male,0,Yes,No,62,Yes,No,DSL,Yes,No,No,No,Yes,Yes,Month-to-month,Yes,Bank transfer (automatic),75.95,4774.39,0,No
9779-WU,Male,0,No,No,34,Yes,No,Fiber optic,Yes,No,Yes,No,No,Yes,Month-to-month,Yes,Bank transfer (automatic),90.2,3029.04,2,Yes
2847-DL,Female,0,Yes,No,21,No,No phone service,No,No internet service,No internet service,No internet service,No internet service,No internet service,No internet service,Month-to-month,Yes,Credit card (automatic),18.5,381.08,2,No
8865-WV,Female,0,No,No,51,Yes,No,Fiber optic,No,Yes,No,Yes,Yes,Yes,Month-to-month,Yes,Bank transfer (automatic),108.91,5479.94,2,No
7811-PE,Male,1,Yes,Yes,9,Yes,Yes,Fiber optic,Yes,No,No,Yes,No,No,Month-to-month,No,Bank transfer (automatic),77.1,729.71,2,Yes
8060-OQ,Male,0,Yes,No,10,Yes,No,DSL,No,No,No,No,Yes,Yes,Month-to-month,No,Bank transfer (automatic),70.9,739.82,2,Yes
4057-EM,Male,0,Yes,No,52,Yes,Yes,Fiber optic,No,Yes,No,No,No,No,Month-to-month,Yes,Electronic check,63.39,3301.53,5,Yes
1402-MR,Male,0,No,No,45,Yes,No,DSL,Yes,No,No,No,No,No,Two year,Yes,Bank transfer (automatic),56.51,2557.29,1,No
7349-DD,Female,1,Yes,No,52,Yes,No,Fiber optic,No,No,No,No,Yes,Yes,Two year,No,Electronic check,89.5,4621.36,2,Yes
9210-ML,Female,0,Yes,No,30,Yes,No,Fiber optic,Yes,Yes,No,No,No,No,Month-to-month,Yes,Bank transfer (automatic),79.15,2315.74,1,No
7571-UD,Female,0,Yes,No,64,Yes,Yes,DSL,No,No,No,No,No,No,Month-to-month,Yes,Bank transfer (automatic),40.79,2687.06,0,No
8674-BB,Male,0,No,No,2,Yes,Yes,Fiber optic,No,No,No,Yes,Yes,No,Two year,No,Electronic check,87.89,180.14,0,No
7468-WJ,Male,0,No,No,49,Yes,No,DSL,No,Yes,Yes,No,No,Yes,Month-to-month,Yes,Bank transfer (automatic),66.27,3238.13,2,Yes
4039-JI,Female,1,No,No,45,Yes,No,Fiber optic,No,No,No,No,No,No,Month-to-month,No,Electronic check,69.29,3131.81,4,No
1452-ZJ,Female,0,Yes,No,17,Yes,No,DSL,No,No,Yes,No,No,No,Month-to-month,No,Bank transfer (automatic),52.87,858.65,1,No
2381-SU,Female,0,No,No,28,Yes,No,Fiber optic,No,No,No,No,Yes,No,One year,No,Electronic check,78.34,2299.12,0,No
7747-QG,Female,0,Yes,Yes,45,Yes,No,DSL,No,No,No,Yes,Yes,Yes,One year,Yes,Electronic check,76.63,3509.7,0,No
4149-UU,Male,0,Yes,Yes,17,Yes,No,Fiber optic,No,Yes,No,No,No,No,Month-to-month,Yes,Bank transfer (automatic),74.6,1231.49,2,Yes
5144-IQ,Male,0,No,No,59,Yes,Yes,Fiber optic,No,Yes,No,No,No,Yes,Two year,No,Electronic check,78.27,4634.15,2,No
4129-YT,Male,0,Yes,Yes,14,Yes,Yes,DSL,Yes,Yes,No,Yes,Yes,Yes,Month-to-month,Yes,Credit card (automatic),92.61,1242.37,1,Yes
4516-HF,Female,0,Yes,No,10,Yes,Yes,Fiber optic,No,Yes,Yes,No,No,Yes,Month-to-month,No,Electronic check,86.34,855.2,2,No
8338-SD,Male,0,Yes,No,18,Yes,Yes,Fiber optic,No,Yes,No,Yes,No,Yes,Month-to-month,Yes,Bank transfer (automatic),94.52,1607.18,2,No
6111-AK,Female,0,No,No,35,Yes,No,Fiber optic,Yes,No,No,Yes,Yes,Yes,One year,Yes,Bank transfer (automatic),103.27,3702.51,2,No
5016-DZ,Female,0,No,No,48,Yes,No,DSL,Yes,No,No,No,No,No,Month-to-month,Yes,Electronic check,53.35,2614.71,2,Yes
7238-FY,Female,0,Yes,No,58,Yes,No,Fiber optic,No,Yes,No,No,Yes,No,One year,No,Credit card (automatic),82.44,4748.46,1,No
5992-GZ,Female,0,No,No,18,Yes,Yes,DSL,No,No,Yes,Yes,Yes,No,Two year,Yes,Bank transfer (automatic),74.51,1325.57,3,No
9283-PX,Female,0,No,No,52,Yes,Yes,Fiber optic,No,Yes,No,No,Yes,Yes,One year,No,Bank transfer (automatic),96.99,5043.79,1,No
4443-TF,Male,0,No,No,30,No,No phone service,DSL,No,Yes,No,No,Yes,No,Month-to-month,Yes,Electronic check,52.38,1626.7,2,Yes
1693-YE,Male,0,Yes,Yes,37,Yes,No,DSL,Yes,No,Yes,No,No,Yes,Two year,Yes,Mailed check,72.41,2690.07,0,No
2812-RO,Male,0,Yes,No,40,Yes,No,DSL,No,Yes,Yes,No,No,No,One year,Yes,Bank transfer (automatic),55.98,2205.27,1,No
6724-SA,Female,1,Yes,Yes,6,Yes,No,No,No internet service,No internet service,No internet service,No internet service,No internet service,No internet service,Two year,Yes,Electronic check,26.95,170.12,3,No
2410-JU,Male,0,No,No,35,Yes,Yes,Fiber optic,No,No,Yes,No,No,Yes,One year,Yes,Credit card (automatic),85.27,3059.21,2,No
8394-IH,Female,0,No,No,26,Yes,Yes,No,No internet service,No internet service,No internet service,No internet service,No internet service,No internet service,Month-to-month,Yes,Mailed check,19.83,542.64,1,No
5332-FM,Male,0,No,No,30,Yes,No,Fiber optic,Yes,No,No,No,Yes,Yes,One year,No,Credit card (automatic),89.84,2709.82,0,No
7099-TL,Female,0,Yes,Yes,24,Yes,No,Fiber optic,No,No,Yes,No,Yes,No,Month-to-month,No,Credit card (automatic),85.71,2140.94,2,No
5052-XW,Female,0,Yes,No,55,Yes,No,Fiber optic,Yes,Yes,No,Yes,No,Yes,Month-to-month,Yes,Mailed check,95.49,5227.33,4,No
7102-FS,Male,0,Yes,No,9,Yes,Yes,Fiber optic,No,No,No,No,Yes,Yes,One year,Yes,Electronic check,87.78,806.32,0,No
9564-MQ,Female,0,Yes,No,62,Yes,No,Fiber optic,Yes,No,No,No,Yes,No,One year,Yes,Mailed check,83.62,5141.73,2,No
3248-QB,Male,1,No,No,18,Yes,Yes,Fiber optic,No,No,No,No,Yes,No,One year,Yes,Mailed check,82.56,1448.76,1,No
7354-XG,Male,0,No,No,51,Yes,Yes,Fiber optic,No,Yes,No,Yes,No,Yes,Month-to-month,No,Mailed check,93.85,4849.83,5,No
9894-JJ,Male,0,No,Yes,19,Yes,No,No,No internet service,No internet service,No internet service,No internet service,No internet service,No internet service,Month-to-month,No,Electronic check,18.5,281.23,1,Yes
1314-TI,Female,0,No,No,69,Yes,No,No,No internet service,No internet service,No internet service,No internet service,No internet service,No internet service,One year,No,Electronic check,18.5,1127.03,1,No
5378-OB,Female,0,No,No,33,Yes,Yes,Fiber optic,No,Yes,No,No,No,No,Month-to-month,No,Mailed check,73.08,2475.06,2,Yes
1574-DS,Female,1,Yes,No,38,Yes,No,DSL,No,No,Yes,Yes,Yes,No,Month-to-month,Yes,Mailed check,75.81,2779.71,1,Yes
6585-UV,Female,0,No,No,13,Yes,No,Fiber optic,No,Yes,Yes,No,No,No,One year,Yes,Credit card (automatic),78.72,1088.4,2,No
3810-GQ,Male,0,No,Yes,49,Yes,No,DSL,Yes,No,No,No,Yes,Yes,Month-to-month,Yes,Electronic check,76.27,3756.01,0,No
6670-DH,Female,0,Yes,No,53,Yes,Yes,No,No internet service,No internet service,No internet service,No internet service,No internet service,No internet service,Two year,Yes,Credit card (automatic),20.09,1043.66,1,No
4459-FY,Male,0,No,Yes,1,Yes,Yes,No,No internet service,No internet service,No internet service,No internet service,No internet service,No internet service,Month-to-month,Yes,Credit card (automatic),23.71,31.37,0,No
8837-LD,Male,0,No,No,12,Yes,No,Fiber optic,No,No,Yes,Yes,No,Yes,Month-to-month,Yes,Electronic check,94.5,1095.04,1,Yes
3775-ID,Female,1,Yes,Yes,24,Yes,No,Fiber optic,Yes,No,No,No,Yes,No,Month-to-month,Yes,Electronic check,85.01,1985.53,0,Yes
9498-XN,Female,0,Yes,Yes,1,Yes,No,DSL,Yes,No,No,No,No,Yes,Month-to-month,Yes,Electronic check,62.88,105.48,1,Yes
2860-RJ,Male,0,Yes,No,68,Yes,Yes,Fiber optic,No,No,Yes,Yes,Yes,Yes,Month-to-month,Yes,Mailed check,107.56,7285.81,1,No
6176-SL,Female,1,Yes,No,7,Yes,Yes,No,No internet service,No internet service,No internet service,No internet service,No internet service,No internet service,One year,No,Mailed check,22.01,257.43,0,No
9720-XK,Male,0,Yes,No,69,Yes,Yes,DSL,Yes,Yes,Yes,No,Yes,No,Month-to-month,Yes,Mailed check,82.73,5706.68,0,No
6398-QA,Female,0,No,Yes,39,Yes,Yes,DSL,Yes,No,Yes,No,Yes,No,Month-to-month,No,Bank transfer (automatic),74.77,2921.17,1,No
4406-IO,Female,0,Yes,No,32,Yes,Yes,DSL,No,Yes,Yes,No,Yes,Yes,Two year,Yes,Mailed check,84.31,2659.13,0,No
1919-CV,Male,0,No,No,49,Yes,Yes,Fiber optic,Yes,Yes,Yes,No,No,Yes,Month-to-month,No,Mailed check,99.68,4903.42,3,Yes
8378-ML,Male,1,No,Yes,31,Yes,No,DSL,No,No,Yes,Yes,No,No,Two year,No,Bank transfer (automatic),58.75,1829.29,0,No
4392-UQ,Male,0,No,Yes,3,Yes,No,DSL,No,Yes,No,Yes,No,Yes,Month-to-month,Yes,Electronic check,74.18,194.37,1,No
7784-JO,Female,0,No,Yes,47,Yes,No,DSL,No,No,No,Yes,Yes,No,Two year,Yes,Mailed check,64.5,3047.69,2,No
7522-GV,Female,0,No,No,15,No,No phone service,Fiber optic,No,No,No,No,No,Yes,Two year,Yes,Mailed check,62.28,924.58,1,No
8194-RG,Female,0,No,No,51,Yes,No,No,No internet service,No internet service,No internet service,No internet service,No internet service,No internet service,Two year,No,Electronic check,25.72,1299.86,5,No
1988-RL,Male,0,Yes,No,21,No,No phone service,Fiber optic,No,Yes,Yes,Yes,No,Yes,Month-to-month,Yes,Bank transfer (automatic),87.2,1889.46,3,Yes
2502-BG,Male,0,Yes,Yes,41,No,No phone service,Fiber optic,No,Yes,Yes,No,No,No,Month-to-month,Yes,Electronic check,66.57,2665.7,1,No
6027-RF,Female,0,No,Yes,3,Yes,No,DSL,No,Yes,No,No,Yes,Yes,Two year,No,Bank transfer (automatic),76.47,278.83,1,Yes
7654-II,Male,0,No,No,1,Yes,Yes,Fiber optic,Yes,No,No,No,Yes,No,Month-to-month,No,Credit card (automatic),85.59,21.22,0,Yes
8367-SC,Female,0,No,No,21,Yes,Yes,DSL,No,Yes,No,No,Yes,No,Month-to-month,Yes,Electronic check,64.57,1349.03,5,Yes
5689-EN,Male,0,No,No,21,Yes,Yes,DSL,No,No,Yes,No,Yes,Yes,Month-to-month,Yes,Bank transfer (automatic),74.78,1587.66,0,No
7310-TY,Female,0,No,No,49,Yes,No,DSL,Yes,Yes,No,No,No,No,Two year,Yes,Bank transfer (automatic),61.53,3003.09,2,No
4483-LB,Female,0,Yes,No,65,No,No phone service,DSL,Yes,Yes,Yes,No,No,No,Month-to-month,Yes,Electronic check,60.43,3967.85,0,No
7378-NV,Female,0,No,No,41,Yes,Yes,DSL,No,No,Yes,No,No,No,Month-to-month,Yes,Electronic check,49.37,2048.7,0,No
5911-TF,Male,0,No,No,67,No,No phone service,Fiber optic,Yes,Yes,Yes,No,No,No,One year,No,Credit card (automatic),73.39,4867.19,2,No
4382-DO,Male,0,Yes,No,42,Yes,Yes,DSL,Yes,Yes,Yes,Yes,No,Yes,Month-to-month,Yes,Bank transfer (automatic),81.51,3411.03,1,No
1087-YA,Female,0,Yes,Yes,69,Yes,Yes,Fiber optic,Yes,Yes,No,No,No,No,Month-to-month,Yes,Bank transfer (automatic),78.72,5441.89,2,Yes
6816-LJ,Female,0,Yes,No,57,Yes,No,Fiber optic,Yes,Yes,No,No,Yes,No,Month-to-month,Yes,Credit card (automatic),92.27,5316.38,1,No
7276-LR,Female,0,No,No,43,Yes,No,Fiber optic,Yes,No,No,No,Yes,Yes,Month-to-month,Yes,Mailed check,98.05,4264.74,0,No
7523-LG,Female,1,Yes,No,12,No,No phone service,Fiber optic,No,No,No,No,No,Yes,Two year,No,Electronic check,65.31,783.86,1,No
7606-LZ,Female,0,No,No,64,Yes,Yes,No,No internet service,No internet service,No internet service,No internet service,No internet service,No internet service,Month-to-month,Yes,Electronic check,24.09,1624.7,1,No
3064-DG,Female,1,Yes,Yes,51,Yes,Yes,DSL,No,No,No,No,Yes,Yes,One year,Yes,Electronic check,71.45,3559.85,3,No
1317-IS,Male,0,Yes,Yes,60,Yes,Yes,Fiber optic,No,Yes,No,No,Yes,Yes,Month-to-month,No,Credit card (automatic),96.56,5755.58,1,Yes
8419-WG,Male,1,No,No,71,Yes,Yes,DSL,No,No,Yes,Yes,No,Yes,Month-to-month,Yes,Bank transfer (automatic),72.08,5109.94,3,No
1118-BF,Male,0,Yes,Yes,28,Yes,Yes,Fiber optic,Yes,No,No,Yes,Yes,Yes,One year,No,Bank transfer (automatic),102.51,2887.23,0,No
4557-MZ,Male,0,Yes,No,71,Yes,Yes,DSL,No,No,Yes,No,No,No,Month-to-month,No,Credit card (automatic),49.57,3548.92,1,No
4250-BL,Female,1,Yes,No,14,Yes,No,DSL,Yes,No,No,Yes,Yes,Yes,One year,No,Mailed check,83.58,1108.25,2,No
2101-FR,Female,0,No,No,32,Yes,Yes,Fiber optic,No,Yes,Yes,Yes,No,No,Month-to-month,Yes,Electronic check,88.75,2833.45,2,Yes
9177-CC,Female,0,Yes,No,8,Yes,No,DSL,Yes,Yes,No,Yes,No,No,Two year,No,Electronic check,69.96,585.38,0,No
3261-VJ,Male,0,No,No,27,Yes,Yes,Fiber optic,Yes,Yes,Yes,No,No,No,Month-to-month,No,Mailed check,82.3,2171.5,2,Yes
1508-LP,Male,0,No,No,50,Yes,No,Fiber optic,Yes,No,No,Yes,Yes,No,Month-to-month,No,Credit card (automatic),95.33,4760.89,1,Yes
5752-GM,Female,0,Yes,Yes,59,Yes,No,No,No internet service,No internet service,No internet service,No internet service,No internet service,No internet service,Month-to-month,Yes,Electronic check,21.01,1273.93,2,No
6495-BD,Male,0,Yes,No,57,Yes,No,Fiber optic,Yes,No,No,Yes,No,Yes,Month-to-month,No,Bank transfer (automatic),95.15,5516.88,2,No
4209-GX,Male,0,Yes,No,3,Yes,No,DSL,No,No,No,No,No,Yes,One year,No,Electronic check,56.82,142.7,0,No
6648-TF,Female,0,Yes,No,27,Yes,No,Fiber optic,No,No,Yes,No,No,Yes,Month-to-month,Yes,Mailed check,82.52,2244.96,2,No
8890-EJ,Female,1,Yes,No,34,Yes,No,Fiber optic,No,No,No,Yes,Yes,No,One year,Yes,Electronic check,90.16,3085.21,2,No
4557-DX,Female,0,No,Yes,26,No,No phone service,No,No internet service,No internet service,No internet service,No internet service,No internet service,No internet service,Month-to-month,Yes,Mailed check,18.5,431.59,3,No
1954-CC,Male,0,No,No,40,Yes,Yes,Fiber optic,Yes,No,Yes,Yes,Yes,No,One year,No,Electronic check,94.81,3836.43,7,No
8160-EH,Female,0,Yes,Yes,32,Yes,Yes,Fiber optic,Yes,No,Yes,No,No,No,One year,No,Credit card (automatic),77.52,2477.42,0,No
1687-VC,Female,1,No,Yes,41,Yes,Yes,Fiber optic,Yes,No,No,No,Yes,Yes,Month-to-month,Yes,Credit card (automatic),100.4,4139.17,2,Yes
4127-LY,Female,0,Yes,Yes,2,No,No phone service,Fiber optic,No,No,No,No,Yes,Yes,Month-to-month,No,Electronic check,79.44,144.31,0,Yes
4395-NN,Male,1,No,Yes,72,Yes,Yes,Fiber optic,No,No,No,No,Yes,No,Two year,Yes,Mailed check,74.24,5333.66,2,No
2164-FQ,Male,0,Yes,No,7,Yes,Yes,Fiber optic,Yes,No,No,No,No,No,Month-to-month,Yes,Bank transfer (automatic),74.77,501.88,2,Yes
6360-CQ,Female,0,No,Yes,19,No,No phone service,DSL,Yes,No,No,Yes,Yes,Yes,One year,Yes,Electronic check,76.47,1407.2,2,No
3024-BY,Female,0,No,Yes,33,No,No phone service,Fiber optic,No,No,Yes,No,No,No,Month-to-month,Yes,Mailed check,62.3,1955.36,2,No
9257-TK,Male,0,Yes,Yes,2,Yes,Yes,DSL,No,No,No,No,No,No,One year,No,Credit card (automatic),41.68,87.33,0,No
3581-OK,Male,0,No,No,67,Yes,No,Fiber optic,Yes,Yes,No,Yes,No,Yes,One year,No,Mailed check,103.08,6878.76,0,No
3486-CC,Female,0,No,No,15,Yes,No,No,No internet service,No internet service,No internet service,No internet service,No internet service,No internet service,Month-to-month,No,Bank transfer (automatic),18.5,235.37,1,No
3443-XE,Male,0,Yes,No,21,Yes,No,Fiber optic,No,No,No,No,No,Yes,Month-to-month,Yes,Electronic check,80.93,1727.1,0,Yes
2036-IY,Female,0,No,No,59,Yes,Yes,Fiber optic,Yes,No,No,Yes,No,No,Two year,Yes,Bank transfer (automatic),77.83,4599.34,1,No
9684-LM,Female,0,Yes,No,39,Yes,Yes,No,No internet service,No internet service,No internet service,No internet service,No internet service,No internet service,One year,No,Credit card (automatic),20.9,757.87,0,No
6065-AY,Male,0,No,No,20,Yes,Yes,DSL,No,No,No,No,Yes,Yes,Month-to-month,No,Electronic check,65.35,1305.59,2,No
7183-VP,Female,0,Yes,No,1,Yes,No,DSL,No,No,No,No,No,Yes,Month-to-month,Yes,Bank transfer (automatic),52.84,31.38,0,No
1639-MC,Female,0,No,Yes,9,Yes,No,Fiber optic,No,No,No,No,No,No,Two year,Yes,Bank transfer (automatic),66.35,613.08,0,Yes
5354-XE,Male,0,Yes,No,51,Yes,Yes,DSL,Yes,Yes,No,No,No,No,Month-to-month,No,Electronic check,57.26,2977.95,3,No
9714-GU,Female,1,Yes,No,38,Yes,No,No,No internet service,No internet service,No internet service,No internet service,No internet service,No internet service,Month-to-month,Yes,Mailed check,18.7,671.38,0,No
4945-TB,Male,0,Yes,No,15,Yes,No,DSL,No,No,Yes,No,Yes,Yes,Month-to-month,No,Mailed check,72.75,1073.25,0,Yes
8746-HK,Female,0,No,No,41,Yes,Yes,Fiber optic,No,No,No,No,Yes,No,One year,No,Mailed check,81.48,3364.87,1,No
5934-MB,Female,0,No,Yes,47,Yes,No,DSL,Yes,No,No,No,Yes,No,Two year,Yes,Electronic check,63.23,2942.97,2,No
2093-IT,Male,0,No,No,26,Yes,Yes,DSL,Yes,Yes,Yes,No,Yes,Yes,Month-to-month,No,Electronic check,93.37,2435.53,2,Yes
3785-RP,Male,0,No,No,54,Yes,No,DSL,No,Yes,No,No,No,Yes,One year,Yes,Mailed check,61.87,3321.06,5,No
7539-GG,Male,0,No,Yes,70,Yes,No,DSL,Yes,Yes,No,Yes,Yes,No,Two year,No,Bank transfer (automatic),76.12,5374.87,1,No
6676-KF,Male,0,No,Yes,39,No,No phone service,DSL,Yes,No,No,No,No,No,Month-to-month,Yes,Bank transfer (automatic),42.84,1693.89,2,No
9060-WN,Male,0,No,No,17,Yes,Yes,No,No internet service,No internet service,No internet service,No internet service,No internet service,No internet service,Month-to-month,No,Credit card (automatic),22.52,362.06,3,Yes
2189-BV,Male,0,Yes,Yes,70,Yes,Yes,DSL,Yes,No,No,No,Yes,No,Two year,No,Bank transfer (automatic),64.41,4501.11,4,No
2875-YO,Female,0,No,Yes,9,Yes,Yes,DSL,No,Yes,Yes,No,No,Yes,Month-to-month,No,Bank transfer (automatic),70.1,567.32,2,Yes
4932-HE,Male,0,No,Yes,46,Yes,Yes,Fiber optic,Yes,Yes,No,Yes,No,No,One year,Yes,Mailed check,89.58,4114.61,4,No
9240-TA,Female,0,Yes,Yes,6,Yes,No,DSL,No,Yes,No,Yes,No,Yes,One year,No,Mailed check,75.09,405.9,2,No
4861-RO,Male,0,No,Yes,68,No,No phone service,Fiber optic,No,No,Yes,No,No,Yes,Month-to-month,Yes,Bank transfer (automatic),74.56,5081.06,2,Yes
3833-FV,Female,0,No,No,16,Yes,No,Fiber optic,No,No,Yes,No,No,No,One year,No,Mailed check,69.34,1133.49,2,Yes
8645-SJ,Female,1,Yes,Yes,29,Yes,No,No,No internet service,No internet service,No internet service,No internet service,No internet service,No internet service,One year,Yes,Electronic check,18.5,534.78,3,No
5777-PL,Male,0,Yes,No,41,Yes,No,Fiber optic,No,Yes,No,Yes,No,Yes,Two year,Yes,Credit card (automatic),94.65,3896.7,1,No
9273-WA,Female,1,Yes,Yes,68,Yes,Yes,DSL,No,Yes,No,Yes,Yes,Yes,Two year,Yes,Bank transfer (automatic),82.38,5615.33,1,No
1821-FC,Female,0,Yes,No,62,Yes,Yes,Fiber optic,No,No,Yes,No,Yes,Yes,Month-to-month,Yes,Mailed check,95.16,5941.78,1,Yes
8777-BM,Female,0,Yes,No,40,Yes,Yes,Fiber optic,No,No,No,No,Yes,Yes,Month-to-month,No,Credit card (automatic),91.67,3553.08,2,No
4535-EW,Male,1,Yes,No,62,No,No phone service,Fiber optic,No,Yes,Yes,No,No,Yes,Two year,Yes,Electronic check,81.48,5087.84,1,No
3790-MT,Male,0,Yes,No,24,Yes,Yes,DSL,No,No,No,No,Yes,Yes,Month-to-month,No,Credit card (automatic),68.64,1725.16,1,No
8959-ZM,Female,0,No,No,6,Yes,Yes,DSL,No,No,No,No,No,Yes,Month-to-month,No,Credit card (automatic),53.17,347.39,0,Yes
1922-ZG,Male,1,Yes,No,40,No,No phone service,Fiber optic,No,No,No,Yes,No,Yes,One year,Yes,Electronic check,71.28,2799.96,1,No
1564-FE,Male,0,Yes,No,70,Yes,No,DSL,No,Yes,No,No,Yes,No,Month-to-month,Yes,Credit card (automatic),65.19,4616.82,1,No
5566-BU,Female,0,Yes,Yes,58,Yes,Yes,DSL,No,Yes,No,No,Yes,No,One year,No,Electronic check,64.19,3708.28,0,No
7030-ZP,Female,1,Yes,No,14,No,No phone service,DSL,Yes,Yes,No,Yes,No,No,Two year,Yes,Bank transfer (automatic),55.02,756.3,1,No
1350-SI,Male,0,No,No,45,Yes,No,Fiber optic,No,Yes,No,Yes,No,Yes,One year,No,Electronic check,95.97,4341.88,0,No
8743-VZ,Male,0,No,No,6,Yes,Yes,Fiber optic,No,No,Yes,Yes,No,No,Month-to-month,No,Bank transfer (automatic),77.35,478.2,2,Yes
3226-GD,Male,0,No,No,23,Yes,Yes,Fiber optic,No,No,Yes,No,Yes,Yes,Month-to-month,Yes,Bank transfer (automatic),93.76,2203.81,1,Yes
8170-XT,Female,0,Yes,No,62,Yes,No,Fiber optic,Yes,No,No,No,No,No,Month-to-month,Yes,Credit card (automatic),71.4,4352.18,2,No
7240-FZ,Male,0,No,Yes,17,Yes,No,DSL,Yes,No,No,Yes,No,No,Month-to-month,No,Mailed check,66.45,1113.05,1,Yes
6322-AU,Male,0,Yes,No,70,Yes,No,Fiber optic,No,No,Yes,No,No,No,Two year,No,Mailed check,73.39,5079.89,2,No
8718-FN,Male,0,Yes,No,28,No,No phone service,DSL,Yes,No,No,No,Yes,No,Month-to-month,No,Electronic check,55.56,1444.95,2,Yes
5161-DK,Female,0,Yes,No,13,Yes,No,Fiber optic,Yes,No,No,No,Yes,No,Month-to-month,No,Mailed check,82.98,1045.15,1,Yes
5433-AC,Female,1,No,No,29,Yes,Yes,No,No internet service,No internet service,No internet service,No internet service,No internet service,No internet service,One year,Yes,Mailed check,18.5,552.52,5,No
4483-GA,Female,0,Yes,No,45,Yes,No,DSL,No,No,Yes,No,No,No,Two year,No,Credit card (automatic),49.01,2267.21,4,No
8210-FT,Male,0,No,Yes,20,Yes,No,Fiber optic,No,No,Yes,No,Yes,Yes,Month-to-month,No,Bank transfer (automatic),101.5,2105.2,1,Yes
2986-SB,Male,0,Yes,No,58,Yes,No,Fiber optic,No,Yes,No,No,No,No,One year,No,Bank transfer (automatic),68.99,4000.4,1,No
5305-LJ,Female,0,Yes,No,54,Yes,No,Fiber optic,No,Yes,No,Yes,Yes,Yes,Month-to-month,Yes,Electronic check,101.42,5447.15,1,Yes
9772-IB,Male,1,No,No,64,No,No phone service,DSL,Yes,No,Yes,No,Yes,Yes,Month-to-month,No,Mailed check,72.96,4685.08,4,No
2211-FJ,Male,0,Yes,No,52,Yes,Yes,DSL,Yes,Yes,No,No,Yes,Yes,Month-to-month,No,Credit card (automatic),89.37,4718.95,1,No
4185-LD,Male,0,No,No,43,No,No phone service,DSL,Yes,No,Yes,No,No,Yes,Two year,Yes,Bank transfer (automatic),62.38,2686.64,0,No
1501-UQ,Female,0,Yes,No,18,Yes,No,DSL,No,No,No,No,No,Yes,Two year,No,Credit card (automatic),55.74,1072.44,5,No
4566-FP,Male,0,Yes,No,54,No,No phone service,Fiber optic,No,Yes,No,No,Yes,No,One year,Yes,Mailed check,71.04,3880.98,0,No
9880-CJ,Male,0,No,No,60,Yes,No,DSL,No,Yes,No,No,No,No,Month-to-month,Yes,Credit card (automatic),54.52,3308.2,2,No
6820-UM,Female,0,No,Yes,71,Yes,No,Fiber optic,No,Yes,No,Yes,Yes,No,Two year,Yes,Credit card (automatic),96.78,6877.72,0,No
8397-LZ,Male,0,Yes,No,1,Yes,No,DSL,No,No,No,No,Yes,No,Month-to-month,Yes,Mailed check,53.69,192.79,3,Yes
5366-PA,Female,0,Yes,No,37,Yes,No,DSL,Yes,No,Yes,No,Yes,No,Month-to-month,No,Bank transfer (automatic),70.29,2632.31,1,No
4727-EC,Male,0,No,No,49,Yes,Yes,Fiber optic,No,Yes,No,Yes,Yes,No,One year,Yes,Electronic check,90.8,4463.17,0,No
5958-MX,Female,0,Yes,Yes,35,Yes,No,Fiber optic,No,Yes,Yes,No,Yes,No,One year,No,Credit card (automatic),89.15,3166.42,2,No
9399-WK,Female,1,No,No,67,Yes,No,DSL,No,No,No,Yes,Yes,No,Month-to-month,No,Electronic check,66.13,4350.98,0,Yes
1148-BV,Male,0,Yes,No,35,No,No phone service,No,No internet service,No internet service,No internet service,No internet service,No internet service,No internet service,Month-to-month,Yes,Electronic check,18.5,627.31,1,Yes
4749-ZZ,Male,0,Yes,No,9,Yes,No,DSL,No,Yes,Yes,No,No,No,Month-to-month,No,Bank transfer (automatic),58.41,493.35,2,Yes
9186-FN,Female,1,No,No,37,Yes,No,Fiber optic,Yes,Yes,No,No,Yes,No,Month-to-month,Yes,Electronic check,89.77,3285.27,0,Yes
6336-KH,Male,0,Yes,No,60,Yes,No,DSL,No,No,No,Yes,No,No,Two year,Yes,Mailed check,52.67,3184.61,1,No
3823-AU,Female,0,No,No,56,No,No phone service,Fiber optic,Yes,Yes,No,Yes,No,No,Month-to-month,Yes,Electronic check,79.41,4554.32,2,No
9677-UH,Male,0,Yes,No,12,Yes,Yes,No,No internet service,No internet service,No internet service,No internet service,No internet service,No internet service,Two year,No,Electronic check,21.76,232.28,1,No
2982-UX,Male,1,Yes,No,71,Yes,No,No,No internet service,No internet service,No internet service,No internet service,No internet service,No internet service,Month-to-month,Yes,Bank transfer (automatic),20.66,1445.11,0,No
3311-ZN,Male,0,No,Yes,71,Yes,No,DSL,No,No,No,Yes,Yes,No,Two year,No,Mailed check,66.53,4708.6,0,No
1604-PI,Male,0,No,No,4,Yes,Yes,Fiber optic,No,No,No,No,No,No,Month-to-month,Yes,Bank transfer (automatic),74.15,303.04,1,Yes
6785-JV,Female,0,No,No,61,Yes,No,DSL,No,Yes,Yes,Yes,Yes,No,One year,Yes,Mailed check,80.77,4891.44,1,No
8759-DT,Female,0,Yes,No,45,Yes,No,Fiber optic,Yes,Yes,Yes,No,Yes,No,Month-to-month,No,Credit card (automatic),103.25,4597.42,5,Yes
8532-VE,Male,0,Yes,No,50,Yes,Yes,Fiber optic,No,Yes,Yes,Yes,Yes,Yes,Month-to-month,No,Credit card (automatic),112.89,5659.24,2,No
1838-WI,Male,0,No,Yes,50,Yes,No,DSL,Yes,Yes,No,No,No,Yes,One year,No,Electronic check,70.22,3447.57,1,No
4815-PF,Male,0,No,Yes,48,Yes,Yes,No,No internet service,No internet service,No internet service,No internet service,No internet service,No internet service,Two year,Yes,Credit card (automatic),23.73,1105.04,0,No
5507-PF,Male,0,Yes,No,23,Yes,No,Fiber optic,No,No,No,No,No,No,Month-to-month,Yes,Credit card (automatic),68.4,1652.89,2,Yes
5468-AY,Male,0,Yes,No,8,Yes,Yes,DSL,No,No,No,No,Yes,Yes,One year,No,Electronic check,70.03,543.14,4,Yes
6192-YX,Female,1,Yes,Yes,29,Yes,No,DSL,No,No,Yes,Yes,No,Yes,Month-to-month,Yes,Electronic check,74.48,2102.11,1,No
4673-SQ,Female,0,Yes,No,43,Yes,Yes,No,No internet service,No internet service,No internet service,No internet service,No internet service,No internet service,One year,Yes,Credit card (automatic),19.35,883.91,0,No
7058-HW,Male,0,No,No,53,Yes,Yes,Fiber optic,Yes,Yes,No,Yes,Yes,Yes,One year,Yes,Bank transfer (automatic),115.28,6105.18,2,No
7697-GJ,Female,0,Yes,No,6,Yes,Yes,DSL,No,Yes,No,Yes,No,Yes,Two year,No,Electronic check,73.86,408.75,0,No
1282-ZN,Female,0,Yes,No,24,Yes,No,DSL,Yes,No,Yes,No,Yes,No,Month-to-month,No,Credit card (automatic),72.11,1733.09,3,No
3881-YI,Male,0,Yes,No,14,Yes,Yes,DSL,Yes,No,No,No,No,No,Month-to-month,Yes,Credit card (automatic),48.31,571.59,1,No
3970-AW,Female,0,Yes,Yes,52,Yes,Yes,DSL,Yes,No,No,No,No,Yes,One year,Yes,Electronic check,70.45,3682.14,1,No
7985-JT,Female,1,Yes,No,70,Yes,Yes,DSL,No,Yes,Yes,No,No,Yes,Two year,No,Mailed check,76.08,5278.83,1,No
5760-VC,Female,0,No,No,4,Yes,Yes,Fiber optic,Yes,No,Yes,No,Yes,No,Month-to-month,Yes,Electronic check,91.3,395.18,1,Yes
9828-ZF,Female,0,No,No,58,Yes,Yes,DSL,No,No,Yes,Yes,Yes,No,Month-to-month,No,Electronic check,71.61,4289.53,1,No
1564-BZ,Male,0,Yes,Yes,37,Yes,Yes,DSL,No,Yes,Yes,No,Yes,Yes,Two year,Yes,Mailed check,82.58,3174.73,0,No
4670-BL,Female,1,No,No,48,Yes,No,Fiber optic,No,No,No,Yes,Yes,No,One year,Yes,Electronic check,85.89,4172.04,1,No
1804-TG,Female,0,No,No,39,Yes,No,DSL,No,No,Yes,Yes,No,Yes,Month-to-month,Yes,Electronic check,75.59,3038.81,6,No
5631-PT,Female,0,Yes,No,66,Yes,No,Fiber optic,Yes,Yes,No,No,Yes,Yes,Two year,Yes,Electronic check,97.28,6439.53,1,No
7720-AQ,Male,0,Yes,Yes,13,Yes,No,DSL,Yes,No,No,Yes,No,Yes,Month-to-month,Yes,Credit card (automatic),74.91,937.15,1,Yes
7906-AU,Female,0,Yes,No,66,Yes,No,Fiber optic,No,No,No,No,No,No,Month-to-month,Yes,Credit card (automatic),60.29,3911.56,4,No
4549-IO,Female,1,Yes,Yes,60,Yes,No,Fiber optic,Yes,No,Yes,No,Yes,Yes,One year,Yes,Bank transfer (automatic),99.73,5975.81,3,No
8938-NW,Female,0,No,No,41,Yes,Yes,DSL,No,No,No,Yes,No,No,One year,No,Bank transfer (automatic),55.51,2192.14,2,No
6335-VL,Male,0,Yes,No,32,No,No phone service,No,No internet service,No internet service,No internet service,No internet service,No internet service,No internet service,Month-to-month,No,Electronic check,18.5,527.96,1,No
9089-MA,Male,0,No,No,52,Yes,No,Fiber optic,No,Yes,No,No,No,No,Two year,Yes,Bank transfer (automatic),73.6,3874.3,2,No
6577-CX,Male,0,No,No,5,Yes,Yes,DSL,No,Yes,Yes,No,Yes,Yes,Two year,No,Bank transfer (automatic),79.46,390.55,2,No
7683-DP,Male,0,Yes,No,67,Yes,No,No,No internet service,No internet service,No internet service,No internet service,No internet service,No internet service,Month-to-month,Yes,Credit card (automatic),18.5,1199.74,1,No
3063-QS,Male,0,No,No,66,No,No phone service,Fiber optic,No,No,No,Yes,No,No,Month-to-month,Yes,Bank transfer (automatic),65.2,4304.42,0,No
2294-YB,Female,0,Yes,Yes,52,Yes,Yes,Fiber optic,No,No,No,No,No,No,One year,Yes,Bank transfer (automatic),60.16,3078.49,4,No
9014-ZS,Male,1,Yes,Yes,49,Yes,Yes,DSL,No,Yes,Yes,No,No,Yes,Month-to-month,Yes,Mailed check,65.61,3270.43,0,Yes
2603-KE,Female,0,No,No,29,Yes,No,DSL,Yes,No,No,No,No,Yes,Month-to-month,Yes,Mailed check,64.73,1849.68,1,No
3441-KR,Male,0,Yes,No,38,Yes,Yes,Fiber optic,No,Yes,Yes,No,Yes,Yes,Month-to-month,Yes,Mailed check,98.28,3710.5,1,Yes
9488-JR,Male,0,Yes,Yes,70,Yes,Yes,DSL,Yes,Yes,No,No,Yes,Yes,One year,Yes,Credit card (automatic),82.41,5766.35,2,No
4787-GQ,Male,1,No,No,8,Yes,Yes,Fiber optic,Yes,No,Yes,No,Yes,Yes,Month-to-month,No,Electronic check,102.3,799.56,3,Yes
3208-EP,Female,0,No,No,59,Yes,No,Fiber optic,No,Yes,No,No,Yes,Yes,Two year,Yes,Electronic check,96.58,5772.66,0,No
8169-IG,Female,0,Yes,No,55,Yes,Yes,Fiber optic,No,No,Yes,No,Yes,No,Month-to-month,Yes,Credit card (automatic),84.78,4746.82,1,No
2667-TR,Female,0,Yes,Yes,2,Yes,No,Fiber optic,No,No,Yes,Yes,Yes,No,Month-to-month,Yes,Credit card (automatic),98.44,201.91,0,Yes
9867-MA,Male,0,No,No,26,Yes,No,No,No internet service,No internet service,No internet service,No internet service,No internet service,No internet service,Two year,Yes,Bank transfer (automatic),18.5,576.11,1,No
4259-XC,Male,0,No,No,63,No,No phone service,No,No internet service,No internet service,No internet service,No internet service,No internet service,No internet service,One year,Yes,Bank transfer (automatic),18.5,1194.06,0,No
6231-VD,Male,0,Yes,No,17,Yes,Yes,Fiber optic,No,No,Yes,Yes,No,No,Two year,Yes,Electronic check,74.13,1262.3,3,Yes
3040-WY,Male,0,No,No,59,Yes,No,DSL,Yes,Yes,No,No,No,Yes,Month-to-month,Yes,Bank transfer (automatic),73.13,4366.44,1,No
2849-SA,Male,0,No,No,16,Yes,No,Fiber optic,No,Yes,No,Yes,No,No,One year,Yes,Mailed check,82.71,1332.3,1,No
5402-VX,Male,0,No,No,58,Yes,No,DSL,No,No,Yes,No,No,No,Month-to-month,Yes,Credit card (automatic),53.5,3107.69,2,No
1618-MT,Female,0,No,No,64,Yes,Yes,DSL,No,No,Yes,No,No,No,Two year,Yes,Mailed check,55.73,3561.33,4,No
6795-DD,Female,0,No,No,50,Yes,No,Fiber optic,No,Yes,Yes,No,No,Yes,Month-to-month,Yes,Bank transfer (automatic),87.55,4345.51,2,No
8633-RP,Male,0,Yes,No,26,Yes,No,Fiber optic,No,Yes,Yes,No,Yes,No,Two year,No,Electronic check,89.49,2294.21,1,No
8848-RV,Female,0,Yes,No,17,Yes,No,Fiber optic,Yes,Yes,No,No,Yes,No,Month-to-month,No,Bank transfer (automatic),88.55,1425.54,0,No
3113-UD,Female,0,No,Yes,46,Yes,Yes,DSL,Yes,Yes,Yes,No,Yes,Yes,One year,Yes,Electronic check,82.86,3735.95,3,No
3431-LG,Female,0,No,Yes,68,Yes,Yes,No,No internet service,No internet service,No internet service,No internet service,No internet service,No internet service,One year,Yes,Credit card (automatic),20.98,1384.63,1,No
2582-GV,Male,0,No,No,50,Yes,Yes,Fiber optic,No,No,No,Yes,No,No,Month-to-month,Yes,Bank transfer (automatic),75.83,3694.75,2,Yes
9793-UQ,Male,0,Yes,Yes,43,Yes,Yes,Fiber optic,Yes,Yes,No,No,No,No,Month-to-month,Yes,Mailed check,77.81,3324.42,5,No
8503-SI,Male,0,No,No,48,Yes,Yes,Fiber optic,No,Yes,Yes,No,Yes,No,One year,No,Bank transfer (automatic),89.11,4223.94,2,No
7622-NQ,Male,0,Yes,No,68,Yes,No,Fiber optic,No,No,No,No,No,No,Month-to-month,Yes,Bank transfer (automatic),64.4,4399.14,1,No
1100-BT,Female,0,No,No,19,Yes,Yes,DSL,No,Yes,Yes,Yes,No,No,Month-to-month,No,Credit card (automatic),68.85,1338.46,1,No
5271-NN,Male,0,Yes,Yes,25,Yes,No,Fiber optic,No,No,No,No,No,No,Month-to-month,Yes,Mailed check,64.23,1568.87,1,Yes
8226-AC,Male,0,No,No,72,Yes,Yes,Fiber optic,No,No,No,No,No,No,Month-to-month,No,Bank transfer (automatic),63.54,4653.18,2,No
5025-GZ,Male,1,Yes,No,18,Yes,No,Fiber optic,No,No,No,No,Yes,Yes,Month-to-month,Yes,Bank transfer (automatic),92.34,1635.43,1,Yes
3542-ST,Female,0,No,No,51,Yes,Yes,Fiber optic,No,Yes,Yes,No,Yes,Yes,Month-to-month,No,Bank transfer (automatic),103.48,5320.2,0,No
2537-SI,Female,1,Yes,No,18,No,No phone service,Fiber optic,No,No,Yes,No,Yes,Yes,Month-to-month,No,Mailed check,89.3,1576.89,2,Yes
8396-RP,Female,0,No,No,58,Yes,No,Fiber optic,No,No,No,No,No,Yes,Month-to-month,No,Electronic check,79.14,4615.01,1,Yes
6507-LG,Female,0,No,No,64,Yes,No,Fiber optic,Yes,No,No,No,Yes,No,Two year,Yes,Mailed check,81.43,5218.59,2,No
9461-WL,Female,0,No,Yes,71,Yes,No,No,No internet service,No internet service,No internet service,No internet service,No internet service,No internet service,Month-to-month,Yes,Mailed check,24.71,1733.14,1,No
9697-JJ,Male,0,No,No,57,Yes,Yes,Fiber optic,No,No,No,No,No,Yes,One year,No,Electronic check,75.35,4353.61,2,No
9553-IQ,Female,0,Yes,No,17,Yes,Yes,DSL,Yes,Yes,Yes,No,No,Yes,Month-to-month,Yes,Credit card (automatic),79.42,1340.69,2,Yes
5067-DR,Female,1,Yes,No,59,Yes,No,Fiber optic,No,No,Yes,No,No,No,Two year,No,Credit card (automatic),73.4,4321.56,0,No
8281-NY,Male,0,No,Yes,67,Yes,Yes,DSL,No,Yes,Yes,No,Yes,Yes,Month-to-month,Yes,Electronic check,80.76,5450.68,4,Yes
7533-XJ,Male,0,Yes,No,15,Yes,Yes,Fiber optic,No,Yes,No,No,Yes,No,Month-to-month,No,Electronic check,83.98,1186.01,1,Yes
4932-DR,Male,0,No,No,26,Yes,Yes,Fiber optic,No,Yes,No,Yes,Yes,Yes,Month-to-month,No,Electronic check,108.12,2850.17,3,Yes
6560-QL,Female,1,No,No,48,Yes,No,DSL,No,No,Yes,Yes,Yes,No,Month-to-month,Yes,Mailed check,74.86,3624.94,2,No
1719-KN,Male,1,Yes,No,14,Yes,No,DSL,Yes,No,Yes,Yes,No,Yes,Two year,No,Mailed check,78.6,1079.16,2,No
5157-JF,Female,0,Yes,Yes,9,Yes,Yes,Fiber optic,No,Yes,No,Yes,No,No,Month-to-month,Yes,Credit card (automatic),78.1,694.08,2,No
7713-PY,Male,0,Yes,No,7,Yes,Yes,No,No internet service,No internet service,No internet service,No internet service,No internet service,No internet service,Month-to-month,No,Mailed check,19.26,77.88,1,Yes
8141-MD,Female,0,Yes,No,55,No,No phone service,No,No internet service,No internet service,No internet service,No internet service,No internet service,No internet service,Month-to-month,No,Electronic check,18.5,1130.3,0,No
4936-TE,Female,0,No,Yes,12,Yes,Yes,Fiber optic,No,No,Yes,No,No,Yes,Two year,Yes,Bank transfer (automatic),85.33,962.58,0,No
5615-LB,Female,0,No,Yes,17,Yes,Yes,No,No internet service,No internet service,No internet service,No internet service,No internet service,No internet service,One year,Yes,Credit card (automatic),21.75,319.23,1,No
7379-EV,Female,0,Yes,No,8,No,No phone service,Fiber optic,Yes,Yes,No,Yes,No,No,One year,Yes,Bank transfer (automatic),79.99,738.18,1,No
5652-IJ,Male,0,Yes,Yes,42,Yes,No,DSL,No,No,Yes,No,Yes,No,One year,Yes,Bank transfer (automatic),58.3,2551.83,3,No
8456-CR,Male,0,No,No,37,Yes,No,DSL,No,No,No,Yes,No,No,Two year,Yes,Electronic check,52.02,1875.27,2,No
3251-CZ,Female,1,Yes,No,20,Yes,Yes,DSL,No,No,No,No,No,No,One year,Yes,Credit card (automatic),42.91,906.09,4,No
3744-IZ,Male,0,Yes,No,1,Yes,No,DSL,No,No,Yes,No,No,No,Month-to-month,Yes,Electronic check,56.79,89.8,2,No
5675-YS,Female,0,Yes,No,9,No,No phone service,Fiber optic,Yes,No,No,No,Yes,Yes,Month-to-month,Yes,Credit card (automatic),92.15,804.14,3,Yes
2164-GL,Male,0,No,No,24,Yes,No,Fiber optic,No,Yes,Yes,No,Yes,Yes,Month-to-month,No,Mailed check,101.73,2422.95,1,No
3722-WW,Male,0,Yes,Yes,34,Yes,Yes,Fiber optic,Yes,No,Yes,Yes,No,No,Month-to-month,Yes,Electronic check,92.86,3153.06,1,Yes
2468-VI,Female,0,Yes,No,36,Yes,Yes,Fiber optic,Yes,Yes,Yes,No,Yes,Yes,Month-to-month,Yes,Electronic check,110.44,4044.32,0,Yes
9363-LO,Female,0,No,No,4,Yes,No,Fiber optic,No,No,No,No,Yes,Yes,Month-to-month,Yes,Credit card (automatic),89.71,428.73,1,Yes
6073-MN,Male,0,Yes,No,29,Yes,Yes,DSL,No,No,Yes,No,Yes,No,Month-to-month,No,Mailed check,64.32,1832.66,0,No
9249-JL,Female,0,No,Yes,16,Yes,No,Fiber optic,No,No,No,No,Yes,No,Month-to-month,No,Bank transfer (automatic),83.17,1341.51,0,Yes
2353-XK,Male,0,Yes,Yes,8,No,No phone service,Fiber optic,No,No,Yes,No,No,Yes,Month-to-month,Yes,Mailed check,75.52,581.73,0,No
4454-YB,Male,0,Yes,No,39,Yes,Yes,DSL,No,No,Yes,No,No,Yes,Two year,Yes,Bank transfer (automatic),62.9,2323.3,2,No
2790-FV,Male,0,Yes,No,58,Yes,No,No,No internet service,No internet service,No internet service,No internet service,No internet service,No internet service,Month-to-month,No,Bank transfer (automatic),27.01,1604.19,2,No
8734-CM,Female,0,Yes,No,12,Yes,No,Fiber optic,No,Yes,Yes,Yes,No,No,Two year,Yes,Bank transfer (automatic),87.76,1042.05,1,No
3073-YX,Female,0,Yes,No,44,Yes,Yes,DSL,No,No,No,Yes,Yes,No,One year,Yes,Credit card (automatic),67.08,2908.45,2,No
6317-KZ,Male,0,Yes,No,4,Yes,Yes,Fiber optic,No,Yes,Yes,No,No,No,One year,No,Mailed check,77.76,309.13,1,No
3032-DB,Female,0,Yes,Yes,25,Yes,No,DSL,Yes,No,No,Yes,No,No,Month-to-month,Yes,Bank transfer (automatic),59.95,1453.5,3,No
8129-RU,Female,0,Yes,No,70,Yes,No,Fiber optic,Yes,Yes,No,Yes,No,Yes,Month-to-month,Yes,Mailed check,101.09,7162.32,2,No
3147-HT,Male,0,No,No,67,Yes,No,Fiber optic,No,Yes,Yes,No,No,Yes,Month-to-month,Yes,Electronic check,91.23,6169.05,1,Yes
6677-LV,Female,0,No,Yes,39,Yes,Yes,Fiber optic,No,No,No,No,Yes,No,Month-to-month,No,Mailed check,77.99,3079.96,2,Yes
8866-RK,Female,0,No,Yes,24,Yes,Yes,DSL,No,Yes,No,Yes,Yes,Yes,Month-to-month,No,Bank transfer (automatic),74.82,1757.47,3,No
5350-HB,Male,0,No,No,6,Yes,No,Fiber optic,No,Yes,No,No,No,Yes,One year,Yes,Electronic check,82.83,487.19,2,Yes
5920-OI,Female,1,No,No,72,Yes,No,Fiber optic,No,Yes,No,Yes,Yes,Yes,One year,No,Mailed check,104.61,7477.82,0,No
8282-TH,Male,0,Yes,Yes,33,Yes,Yes,DSL,Yes,Yes,No,Yes,No,No,One year,No,Credit card (automatic),69.5,2292.52,0,No
5376-SE,Female,0,Yes,No,48,Yes,No,DSL,Yes,Yes,Yes,Yes,No,No,One year,Yes,Mailed check,78.16,3723.49,3,No
7986-OH,Female,0,Yes,Yes,67,Yes,Yes,DSL,Yes,No,Yes,Yes,No,No,Month-to-month,Yes,Bank transfer (automatic),62.35,4177.93,1,No
7870-HZ,Male,0,No,Yes,2,Yes,No,Fiber optic,Yes,No,Yes,No,No,Yes,Month-to-month,Yes,Credit card (automatic),91.28,228.1,4,Yes
7170-SR,Male,0,No,No,38,Yes,Yes,DSL,Yes,No,Yes,No,Yes,No,Month-to-month,Yes,Bank transfer (automatic),72.96,2784.84,1,No
7825-GI,Female,0,No,Yes,40,Yes,No,Fiber optic,Yes,No,No,No,Yes,Yes,Two year,Yes,Electronic check,103.0,4102.16,0,No
8968-SE,Male,0,Yes,No,56,Yes,Yes,Fiber optic,No,Yes,No,No,No,No,Month-to-month,Yes,Bank transfer (automatic),72.57,4019.59,0,No
8776-OP,Male,0,No,No,21,Yes,Yes,Fiber optic,Yes,Yes,No,No,Yes,Yes,Month-to-month,No,Credit card (automatic),107.5,2122.33,2,Yes
5886-GZ,Female,1,Yes,Yes,35,Yes,No,Fiber optic,No,No,Yes,Yes,Yes,No,One year,No,Electronic check,88.76,3163.45,0,No
4935-LH,Male,0,Yes,No,67,Yes,No,Fiber optic,Yes,No,No,No,Yes,Yes,Two year,Yes,Credit card (automatic),97.31,6539.26,1,No
7875-UE,Female,0,Yes,No,60,Yes,Yes,DSL,Yes,Yes,Yes,Yes,No,Yes,One year,No,Electronic check,89.51,5445.06,0,No
8856-ZE,Female,0,Yes,No,23,Yes,Yes,Fiber optic,No,Yes,Yes,No,No,Yes,Month-to-month,Yes,Credit card (automatic),88.71,2013.73,3,No
4022-MA,Male,0,Yes,No,65,Yes,Yes,DSL,No,No,No,No,Yes,Yes,Two year,No,Electronic check,71.5,4528.83,0,No
6738-WA,Female,0,No,No,63,Yes,No,Fiber optic,Yes,Yes,No,No,No,Yes,Month-to-month,Yes,Mailed check,88.53,5605.71,2,No
2770-RR,Male,0,No,Yes,23,Yes,Yes,Fiber optic,Yes,Yes,No,No,Yes,Yes,Two year,No,Credit card (automatic),99.42,2231.91,2,No
9989-ZP,Female,0,Yes,Yes,42,Yes,Yes,DSL,No,No,Yes,Yes,Yes,No,One year,No,Electronic check,74.5,3203.53,0,No
7694-AZ,Male,0,Yes,No,64,Yes,Yes,Fiber optic,Yes,No,No,Yes,Yes,Yes,Month-to-month,No,Bank transfer (automatic),110.64,7025.33,2,No
1752-FB,Male,0,No,Yes,66,Yes,No,DSL,Yes,No,Yes,Yes,Yes,Yes,Month-to-month,Yes,Bank transfer (automatic),95.66,6309.09,1,No
2392-FN,Female,0,Yes,No,41,Yes,No,Fiber optic,Yes,Yes,No,Yes,Yes,Yes,Month-to-month,Yes,Electronic check,113.13,4663.08,1,Yes
1677-JX,Male,0,Yes,Yes,20,Yes,Yes,Fiber optic,Yes,No,Yes,No,No,No,One year,No,Bank transfer (automatic),78.97,1597.2,0,No
5753-IH,Male,0,Yes,No,9,Yes,Yes,DSL,No,No,No,Yes,No,Yes,Two year,No,Bank transfer (automatic),64.83,579.32,2,No
7985-QW,Male,0,No,Yes,57,No,No phone service,Fiber optic,Yes,No,Yes,No,Yes,Yes,Month-to-month,No,Credit card (automatic),94.82,5392.84,0,Yes
5541-ZF,Female,0,Yes,No,17,Yes,Yes,Fiber optic,No,Yes,Yes,Yes,No,No,Two year,Yes,Electronic check,83.34,1471.16,0,Yes
5869-ZG,Female,0,Yes,No,18,Yes,Yes,DSL,Yes,Yes,No,No,No,No,Month-to-month,Yes,Credit card (automatic),57.54,1022.89,3,Yes
4981-VS,Male,0,Yes,Yes,63,Yes,No,DSL,No,Yes,Yes,No,Yes,Yes,Month-to-month,Yes,Bank transfer (automatic),86.84,5482.57,3,No
6782-PG,Male,1,Yes,No,72,Yes,No,DSL,Yes,Yes,No,No,Yes,Yes,Two year,Yes,Bank transfer (automatic),86.03,6264.87,0,No
1600-MU,Female,0,Yes,No,72,Yes,No,DSL,No,No,No,No,Yes,No,Month-to-month,Yes,Bank transfer (automatic),56.99,4114.23,5,No
7376-JU,Female,1,No,No,26,Yes,No,Fiber optic,Yes,Yes,No,Yes,Yes,No,Two year,Yes,Bank transfer (automatic),102.63,2603.54,0,Yes
4766-IO,Female,0,No,Yes,72,Yes,No,Fiber optic,Yes,No,No,No,No,No,Month-to-month,No,Credit card (automatic),73.59,5343.24,4,No
4123-BY,Male,0,No,No,72,Yes,Yes,DSL,Yes,No,No,Yes,No,No,One year,No,Electronic check,67.41,4846.95,0,No
9417-SZ,Female,0,No,No,13,Yes,No,DSL,Yes,Yes,No,Yes,Yes,No,Month-to-month,Yes,Electronic check,77.48,1049.28,0,No
6153-CF,Male,0,Yes,Yes,17,Yes,Yes,Fiber optic,No,Yes,No,No,Yes,No,Month-to-month,No,Credit card (automatic),82.32,1366.4,0,No
3178-JX,Female,0,No,No,26,Yes,No,Fiber optic,No,Yes,Yes,Yes,Yes,Yes,One year,No,Mailed check,112.61,2903.76,2,No
8610-FW,Male,0,No,Yes,6,Yes,Yes,DSL,No,No,No,Yes,Yes,Yes,One year,No,Mailed check,80.82,488.29,1,No
9895-QS,Female,1,No,No,4,Yes,Yes,DSL,No,Yes,No,No,No,Yes,One year,Yes,Mailed check,67.85,243.38,2,Yes
3370-RG,Male,0,Yes,No,7,Yes,Yes,Fiber optic,No,No,No,Yes,Yes,Yes,Month-to-month,No,Electronic check,102.63,699.46,1,Yes
1328-TL,Female,0,Yes,No,17,Yes,Yes,Fiber optic,No,Yes,No,No,Yes,No,One year,Yes,Bank transfer (automatic),81.74,1462.03,2,No
5228-CK,Female,0,No,No,50,Yes,No,DSL,Yes,Yes,Yes,No,No,No,Two year,No,Credit card (automatic),63.64,3174.16,2,No
1120-DE,Male,0,No,No,6,Yes,No,No,No internet service,No internet service,No internet service,No internet service,No internet service,No internet service,Month-to-month,Yes,Mailed check,19.47,29.81,2,Yes
5224-RL,Female,0,No,No,30,Yes,Yes,Fiber optic,Yes,No,Yes,Yes,Yes,No,Month-to-month,Yes,Electronic check,104.57,3180.74,3,No
9524-IB,Female,0,No,No,56,Yes,Yes,Fiber optic,Yes,No,Yes,No,Yes,No,Two year,Yes,Electronic check,91.89,5184.06,1,No
2316-MP,Female,0,No,No,39,No,No phone service,No,No internet service,No internet service,No internet service,No internet service,No internet service,No internet service,Month-to-month,Yes,Bank transfer (automatic),18.5,793.67,0,No
4170-VD,Female,0,Yes,No,14,Yes,Yes,DSL,Yes,Yes,Yes,No,Yes,Yes,One year,Yes,Electronic check,92.57,1280.92,5,No
1028-CP,Male,0,Yes,No,54,Yes,Yes,Fiber optic,Yes,Yes,No,No,No,No,Month-to-month,Yes,Electronic check,78.84,4224.21,4,No
2013-OJ,Male,0,No,Yes,22,Yes,Yes,Fiber optic,No,No,No,Yes,Yes,Yes,Month-to-month,Yes,Credit card (automatic),98.64,2205.76,3,No
3024-KP,Female,0,Yes,No,57,Yes,Yes,DSL,No,Yes,No,Yes,Yes,Yes,Month-to-month,Yes,Bank transfer (automatic),85.02,4852.68,1,No
6791-SB,Male,1,No,No,41,Yes,Yes,Fiber optic,No,No,No,Yes,No,Yes,One year,Yes,Electronic check,86.16,3593.98,5,Yes
4735-WB,Male,1,Yes,Yes,10,Yes,No,DSL,No,Yes,No,No,No,No,Two year,Yes,Bank transfer (automatic),50.53,554.89,2,Yes
2906-HZ,Male,0,No,No,2,Yes,No,Fiber optic,No,No,No,Yes,No,Yes,One year,Yes,Bank transfer (automatic),85.79,183.75,2,Yes
5601-NY,Male,0,No,No,67,Yes,Yes,DSL,Yes,No,Yes,Yes,Yes,No,Month-to-month,No,Bank transfer (automatic),80.57,5344.95,1,No
2460-CV,Male,0,Yes,No,48,Yes,No,Fiber optic,No,No,Yes,No,No,No,Month-to-month,No,Mailed check,69.72,3386.86,0,No
2416-FW,Female,0,Yes,No,42,Yes,Yes,No,No internet service,No internet service,No internet service,No internet service,No internet service,No internet service,Two year,No,Electronic check,18.5,810.65,3,No
2428-JF,Male,0,No,Yes,11,Yes,No,Fiber optic,Yes,Yes,No,No,No,Yes,Month-to-month,Yes,Mailed check,87.66,998.43,1,Yes
4071-LD,Female,1,Yes,No,12,Yes,No,Fiber optic,No,No,No,Yes,Yes,No,Month-to-month,No,Bank transfer (automatic),88.55,1018.15,2,Yes
2563-MQ,Male,0,No,No,14,Yes,Yes,DSL,No,Yes,Yes,No,No,Yes,Month-to-month,Yes,Credit card (automatic),74.39,1072.27,0,No
3686-HZ,Female,0,Yes,No,30,Yes,Yes,No,No internet service,No internet service,No internet service,No internet service,No internet service,No internet service,Two year,No,Credit card (automatic),21.87,561.61,3,No
2779-CL,Female,0,Yes,No,60,Yes,No,Fiber optic,Yes,Yes,No,No,No,Yes,Two year,Yes,Electronic check,93.27,5556.52,2,No
5326-LB,Female,1,Yes,Yes,30,Yes,Yes,DSL,Yes,Yes,No,No,No,No,One year,No,Electronic check,68.26,2048.75,0,No
3349-VW,Male,1,Yes,Yes,38,Yes,Yes,Fiber optic,No,No,Yes,No,Yes,No,Month-to-month,No,Mailed check,82.68,3166.49,3,Yes
4229-EI,Male,0,Yes,No,65,Yes,No,DSL,No,No,No,Yes,No,Yes,Month-to-month,No,Electronic check,65.78,4311.54,2,No
2108-KE,Female,0,No,Yes,47,Yes,Yes,Fiber optic,No,No,No,No,Yes,No,Month-to-month,Yes,Bank transfer (automatic),77.06,3564.12,1,Yes
9802-QB,Female,0,Yes,No,39,Yes,Yes,DSL,No,Yes,No,No,Yes,No,Month-to-month,No,Mailed check,64.13,2564.9,1,No
4998-AG,Male,0,No,No,49,Yes,No,DSL,Yes,No,No,Yes,Yes,No,Month-to-month,Yes,Bank transfer (automatic),68.35,3311.86,2,No
4677-NE,Male,0,No,No,58,Yes,No,Fiber optic,No,No,No,No,Yes,Yes,Month-to-month,No,Electronic check,91.82,5305.55,1,No
7363-KW,Female,0,No,No,17,Yes,No,No,No internet service,No internet service,No internet service,No internet service,No internet service,No internet service,Month-to-month,Yes,Electronic check,18.64,301.24,0,No
2400-BH,Male,0,Yes,No,6,Yes,No,Fiber optic,No,No,No,No,No,No,Month-to-month,Yes,Credit card (automatic),63.42,303.57,2,Yes
9808-CB,Male,0,No,Yes,15,Yes,Yes,DSL,Yes,Yes,No,No,No,Yes,Month-to-month,No,Mailed check,73.06,1055.03,1,No
1870-EU,Male,0,Yes,No,67,Yes,No,DSL,No,Yes,Yes,No,No,No,Two year,Yes,Credit card (automatic),58.06,3901.5,1,No
3739-MU,Male,0,Yes,No,28,Yes,No,Fiber optic,No,No,No,No,No,No,Month-to-month,Yes,Electronic check,64.32,1871.83,3,Yes
8422-FT,Male,0,No,No,44,Yes,No,Fiber optic,No,No,Yes,No,Yes,No,Month-to-month,No,Bank transfer (automatic),81.0,3584.61,3,Yes
4457-YZ,Male,0,Yes,No,18,No,No phone service,DSL,Yes,No,No,No,No,No,One year,No,Electronic check,39.35,756.75,1,No
1453-IY,Female,0,No,No,32,Yes,No,Fiber optic,No,No,Yes,Yes,Yes,No,Month-to-month,Yes,Bank transfer (automatic),94.96,2982.33,1,Yes
6442-AA,Female,0,No,Yes,69,Yes,No,DSL,Yes,Yes,No,No,Yes,No,Month-to-month,Yes,Electronic check,73.01,5052.3,1,No
1818-EM,Female,1,Yes,Yes,44,Yes,No,DSL,Yes,Yes,No,No,Yes,No,One year,No,Electronic check,77.02,3395.2,1,No
8727-YY,Female,0,Yes,No,70,Yes,Yes,Fiber optic,Yes,Yes,No,Yes,No,Yes,One year,No,Bank transfer (automatic),96.25,6724.53,1,No
3418-CL,Female,0,No,Yes,63,Yes,Yes,DSL,Yes,Yes,No,No,Yes,No,Month-to-month,No,Electronic check,71.67,4506.65,2,No
3017-VG,Female,0,No,No,58,Yes,Yes,DSL,No,No,No,No,No,Yes,Month-to-month,Yes,Electronic check,56.03,3168.89,1,No
5792-OV,Male,0,No,No,47,Yes,Yes,DSL,No,Yes,Yes,No,No,Yes,Month-to-month,Yes,Credit card (automatic),69.65,3293.38,3,No
3434-UT,Male,1,Yes,Yes,17,Yes,Yes,DSL,No,No,Yes,No,Yes,Yes,Month-to-month,No,Electronic check,77.63,1323.83,0,Yes
2438-EX,Female,0,Yes,Yes,39,Yes,No,Fiber optic,Yes,Yes,No,No,Yes,No,Two year,No,Credit card (automatic),92.02,3586.21,2,No
2781-AH,Female,0,Yes,No,59,Yes,No,Fiber optic,Yes,No,No,Yes,No,Yes,Month-to-month,Yes,Electronic check,96.46,5737.2,2,Yes
3263-RT,Female,1,Yes,Yes,7,Yes,No,Fiber optic,No,Yes,No,No,No,No,Month-to-month,No,Bank transfer (automatic),68.57,540.52,1,Yes
9699-PR,Male,0,Yes,No,63,Yes,Yes,No,No internet service,No internet service,No internet service,No internet service,No internet service,No internet service,One year,Yes,Electronic check,18.97,1176.34,2,No
8027-LM,Male,0,Yes,No,57,Yes,Yes,DSL,Yes,No,No,Yes,Yes,No,Two year,Yes,Bank transfer (automatic),70.38,4142.11,0,No
9044-JG,Male,0,Yes,No,34,Yes,Yes,DSL,No,No,No,Yes,No,Yes,Month-to-month,Yes,Electronic check,63.33,2189.97,2,Yes
6720-NX,Male,0,No,No,53,Yes,No,DSL,Yes,No,No,Yes,No,No,Month-to-month,Yes,Credit card (automatic),58.15,2998.03,0,No
5975-OL,Female,0,No,No,66,Yes,No,Fiber optic,No,Yes,No,No,Yes,No,One year,Yes,Bank transfer (automatic),86.46,5720.37,1,No
1648-HR,Female,0,Yes,No,48,Yes,No,Fiber optic,No,No,No,Yes,Yes,No,Two year,Yes,Credit card (automatic),84.89,4143.26,2,No
7614-RM,Female,0,No,No,60,Yes,Yes,Fiber optic,No,No,No,Yes,Yes,Yes,One year,Yes,Bank transfer (automatic),98.49,5921.66,0,No
8135-RO,Female,0,No,No,43,No,No phone service,Fiber optic,Yes,No,Yes,Yes,Yes,Yes,Month-to-month,Yes,Credit card (automatic),96.67,4094.07,1,No
9995-QE,Male,0,No,Yes,4,Yes,Yes,DSL,No,Yes,Yes,Yes,No,Yes,Month-to-month,Yes,Credit card (automatic),81.94,306.68,1,Yes
4401-XR,Male,0,No,Yes,52,Yes,No,Fiber optic,No,No,Yes,No,No,Yes,Month-to-month,Yes,Mailed check,83.83,4340.82,4,No
6424-RG,Female,1,Yes,No,32,Yes,Yes,Fiber optic,No,No,No,No,Yes,Yes,Month-to-month,Yes,Bank transfer (automatic),89.4,2813.03,0,Yes
4161-EW,Male,0,Yes,No,51,No,No phone service,No,No internet service,No internet service,No internet service,No internet service,No internet service,No internet service,Two year,Yes,Electronic check,18.5,949.18,2,No
9719-CZ,Male,0,Yes,No,10,No,No phone service,Fiber optic,No,No,No,No,No,Yes,Month-to-month,Yes,Mailed check,67.84,753.33,1,No
6660-WU,Male,0,Yes,No,12,Yes,No,DSL,No,Yes,No,No,No,No,Month-to-month,No,Electronic check,47.27,505.34,2,Yes
9624-AY,Male,1,No,No,39,Yes,Yes,Fiber optic,No,No,Yes,No,Yes,No,Month-to-month,No,Electronic check,85.48,3308.19,0,Yes
8956-QW,Female,0,No,No,68,Yes,Yes,Fiber optic,No,No,Yes,No,No,Yes,Two year,Yes,Credit card (automatic),86.75,6029.77,1,No
3233-NT,Male,1,Yes,No,10,Yes,Yes,Fiber optic,Yes,No,No,Yes,Yes,Yes,Month-to-month,Yes,Credit card (automatic),101.08,970.6,0,Yes
6906-UG,Female,1,No,No,10,Yes,No,DSL,No,No,No,No,No,No,Month-to-month,No,Electronic check,45.17,399.94,2,Yes
6559-MR,Male,0,No,No,23,Yes,Yes,DSL,No,No,Yes,Yes,No,Yes,Two year,Yes,Credit card (automatic),68.8,1589.25,0,No
8830-NA,Male,0,Yes,Yes,13,Yes,No,DSL,No,No,Yes,No,No,No,Month-to-month,No,Credit card (automatic),54.84,637.38,2,Yes
8910-HR,Female,0,No,No,48,Yes,No,Fiber optic,Yes,No,No,Yes,No,Yes,One year,Yes,Credit card (automatic),94.53,4505.3,1,No
2096-AV,Female,0,Yes,No,44,Yes,No,DSL,Yes,No,No,No,No,Yes,One year,No,Mailed check,64.6,2886.98,2,No
8799-EB,Male,0,No,No,64,Yes,Yes,DSL,Yes,Yes,Yes,No,Yes,No,Two year,Yes,Credit card (automatic),77.97,4871.88,2,No
1595-YD,Male,0,Yes,No,40,Yes,No,Fiber optic,Yes,Yes,Yes,No,No,Yes,Two year,No,Credit card (automatic),96.57,3831.46,0,No
5439-UK,Female,0,Yes,No,6,Yes,No,No,No internet service,No internet service,No internet service,No internet service,No internet service,No internet service,One year,Yes,Bank transfer (automatic),18.5,18.5,2,No
1858-PZ,Male,0,No,Yes,72,Yes,Yes,DSL,No,No,No,No,Yes,Yes,One year,No,Electronic check,67.56,4927.91,1,No
9636-QP,Male,1,No,Yes,43,Yes,No,DSL,No,Yes,No,No,Yes,No,Month-to-month,Yes,Mailed check,65.18,2765.26,1,No
2030-PC,Female,0,Yes,No,32,Yes,Yes,DSL,Yes,No,Yes,Yes,Yes,Yes,Month-to-month,Yes,Credit card (automatic),92.99,2971.94,0,No
2447-LC,Male,0,No,No,49,Yes,Yes,Fiber optic,No,No,No,Yes,No,No,One year,Yes,Credit card (automatic),73.3,3566.37,5,No
9106-DP,Male,0,No,Yes,19,Yes,No,Fiber optic,No,No,Yes,No,No,No,One year,No,Electronic check,64.84,1171.04,1,Yes
7952-FX,Male,0,Yes,No,52,No,No phone service,DSL,No,Yes,No,Yes,No,Yes,Two year,No,Electronic check,67.24,3519.95,1,No
6402-TY,Male,0,Yes,No,52,Yes,No,DSL,No,Yes,Yes,Yes,Yes,No,Month-to-month,No,Electronic check,83.0,4299.35,2,No
2672-UF,Male,0,Yes,Yes,34,Yes,No,DSL,No,Yes,Yes,Yes,Yes,Yes,Two year,No,Electronic check,89.56,3059.7,3,No
7085-GA,Female,0,Yes,No,59,No,No phone service,DSL,No,No,Yes,No,No,No,Month-to-month,Yes,Electronic check,41.71,2491.73,4,No
8734-AE,Male,0,No,No,5,Yes,Yes,Fiber optic,No,No,Yes,Yes,Yes,No,Two year,Yes,Credit card (automatic),93.56,487.08,2,No
2221-MB,Female,0,No,No,66,Yes,No,Fiber optic,No,No,No,No,Yes,Yes,Month-to-month,No,Mailed check,92.64,6120.67,3,Yes
9428-ZY,Female,0,No,No,41,No,No phone service,DSL,Yes,Yes,Yes,No,No,Yes,Month-to-month,Yes,Mailed check,72.67,2967.53,1,No
4253-GN,Male,0,No,No,34,Yes,No,No,No internet service,No internet service,No internet service,No internet service,No internet service,No internet service,Two year,No,Electronic check,19.66,596.2,1,No
1766-ZX,Female,0,Yes,No,54,No,No phone service,Fiber optic,No,No,No,Yes,Yes,Yes,Month-to-month,Yes,Bank transfer (automatic),83.99,4555.88,1,No
8482-JQ,Male,0,Yes,No,20,Yes,Yes,DSL,No,No,Yes,No,Yes,No,One year,No,Electronic check,65.37,1295.22,1,No
4513-PX,Female,0,No,No,54,Yes,No,Fiber optic,No,No,No,No,Yes,Yes,Two year,Yes,Bank transfer (automatic),94.27,5160.49,2,No
6822-VY,Female,0,No,Yes,66,Yes,Yes,DSL,No,No,No,No,Yes,Yes,Month-to-month,No,Electronic check,66.85,4466.66,2,No
8795-RN,Female,0,Yes,No,18,Yes,Yes,DSL,No,Yes,Yes,No,No,No,Month-to-month,Yes,Mailed check,59.08,1128.4,1,No
7033-EZ,Male,0,Yes,Yes,44,Yes,No,DSL,No,No,No,Yes,Yes,No,Month-to-month,No,Mailed check,66.32,2941.17,3,Yes
9328-CH,Female,0,No,No,48,Yes,No,DSL,No,No,No,No,Yes,Yes,Month-to-month,No,Bank transfer (automatic),67.07,3274.74,2,No
6993-VS,Female,0,Yes,No,35,Yes,Yes,DSL,No,Yes,Yes,No,No,Yes,Two year,Yes,Electronic check,65.74,2302.32,3,No
6021-UC,Female,0,Yes,No,39,No,No phone service,Fiber optic,Yes,Yes,No,No,No,No,Month-to-month,No,Mailed check,66.4,2693.81,3,Yes
4870-QP,Male,1,No,Yes,3,Yes,No,Fiber optic,No,No,Yes,Yes,Yes,Yes,One year,Yes,Electronic check,106.45,226.66,4,No
6085-WS,Male,0,No,Yes,19,Yes,No,Fiber optic,No,No,Yes,Yes,No,No,Month-to-month,Yes,Electronic check,80.9,1589.43,2,Yes
1395-OK,Female,0,No,No,18,Yes,No,Fiber optic,No,No,Yes,Yes,No,Yes,Two year,Yes,Electronic check,92.85,1627.14,0,No
3510-RK,Female,1,No,No,5,Yes,Yes,Fiber optic,No,No,No,No,Yes,No,One year,Yes,Credit card (automatic),73.74,359.58,3,Yes
4435-BT,Female,0,Yes,No,55,Yes,Yes,Fiber optic,No,No,Yes,No,No,Yes,Two year,No,Credit card (automatic),84.3,4614.44,0,No
9405-RF,Female,0,No,No,13,No,No phone service,DSL,Yes,Yes,No,No,Yes,No,Month-to-month,Yes,Mailed check,62.79,758.13,2,Yes
4862-ZS,Male,1,Yes,No,34,Yes,Yes,Fiber optic,No,No,Yes,No,Yes,Yes,Month-to-month,Yes,Bank transfer (automatic),94.37,3165.69,2,No
5938-XB,Male,0,No,Yes,18,Yes,No,DSL,No,No,No,No,No,No,Two year,No,Electronic check,45.2,733.1,1,No
9314-HK,Male,0,Yes,Yes,68,Yes,No,Fiber optic,No,Yes,No,No,No,No,Two year,Yes,Bank transfer (automatic),70.91,4755.0,1,No
4345-WR,Female,0,No,Yes,72,Yes,Yes,DSL,No,Yes,Yes,Yes,Yes,Yes,Month-to-month,Yes,Electronic check,92.41,6517.14,0,No
4981-VJ,Male,0,No,No,43,Yes,No,DSL,No,No,No,No,Yes,No,Two year,Yes,Electronic check,60.89,2594.5,3,No
4554-KL,Female,0,Yes,No,65,Yes,No,DSL,Yes,No,No,Yes,No,Yes,Two year,Yes,Credit card (automatic),71.73,4609.16,1,No
8095-KG,Female,0,No,Yes,41,Yes,Yes,Fiber optic,No,Yes,No,No,No,Yes,Two year,Yes,Mailed check,90.47,3664.69,2,No
9212-JK,Female,0,Yes,Yes,38,Yes,No,Fiber optic,No,No,No,No,Yes,No,Month-to-month,Yes,Mailed check,86.79,3378.58,2,Yes
6330-PV,Male,0,Yes,No,38,Yes,No,Fiber optic,Yes,Yes,Yes,No,No,Yes,Month-to-month,Yes,Electronic check,100.98,3794.2,2,No
4771-TL,Female,0,Yes,No,13,No,No phone service,DSL,Yes,No,Yes,No,Yes,Yes,One year,Yes,Mailed check,77.17,908.8,1,No
8647-RW,Male,0,No,No,22,Yes,No,No,No internet service,No internet service,No internet service,No internet service,No internet service,No internet service,Two year,Yes,Credit card (automatic),18.64,523.32,1,No
2164-ED,Female,0,No,Yes,29,Yes,No,DSL,No,No,Yes,No,Yes,No,Month-to-month,No,Credit card (automatic),64.02,1924.99,0,No
9712-YS,Male,0,Yes,No,9,Yes,No,No,No internet service,No internet service,No internet service,No internet service,No internet service,No internet service,One year,No,Bank transfer (automatic),20.67,239.18,2,No
6538-EU,Female,1,Yes,No,68,Yes,No,Fiber optic,No,No,Yes,No,Yes,Yes,One year,Yes,Credit card (automatic),98.39,6672.36,0,No
8111-SQ,Male,0,No,No,17,Yes,No,DSL,No,Yes,Yes,Yes,Yes,No,Two year,No,Mailed check,79.96,1289.5,1,No
5607-QK,Female,0,Yes,Yes,37,Yes,Yes,DSL,No,Yes,No,No,Yes,Yes,One year,Yes,Electronic check,79.59,2815.53,2,No
8262-BF,Male,1,No,No,64,Yes,Yes,DSL,Yes,No,No,No,Yes,No,Month-to-month,Yes,Mailed check,69.21,4320.73,1,No
3765-CL,Female,0,No,No,67,Yes,Yes,No,No internet service,No internet service,No internet service,No internet service,No internet service,No internet service,Month-to-month,Yes,Credit card (automatic),19.95,1352.41,2,No
4083-MB,Female,0,No,No,4,Yes,Yes,No,No internet service,No internet service,No internet service,No internet service,No internet service,No internet service,Two year,Yes,Bank transfer (automatic),18.5,18.5,0,No
1769-OW,Female,0,No,No,40,Yes,Yes,DSL,Yes,No,No,No,No,Yes,Month-to-month,Yes,Mailed check,68.63,2751.19,3,No
3972-QG,Male,0,Yes,No,16,Yes,No,DSL,No,Yes,Yes,No,Yes,Yes,Month-to-month,No,Mailed check,84.16,1351.72,1,Yes
3269-NL,Female,1,No,No,11,Yes,No,DSL,Yes,No,Yes,No,No,No,Two year,Yes,Credit card (automatic),60.27,604.79,1,No
6072-NF,Female,0,Yes,No,26,Yes,No,DSL,No,No,Yes,No,No,Yes,Month-to-month,No,Electronic check,61.58,1575.56,0,Yes
6463-FR,Female,0,Yes,Yes,72,Yes,No,No,No internet service,No internet service,No internet service,No internet service,No internet service,No internet service,Month-to-month,Yes,Electronic check,20.42,1417.44,2,No
9420-XX,Male,0,Yes,Yes,65,Yes,Yes,No,No internet service,No internet service,No internet service,No internet service,No internet service,No internet service,Month-to-month,Yes,Mailed check,19.46,1265.87,0,No
2313-HO,Female,1,No,Yes,2,Yes,Yes,Fiber optic,No,No,No,No,No,No,Month-to-month,No,Credit card (automatic),60.1,113.54,1,Yes
4285-VX,Female,1,No,No,45,Yes,Yes,DSL,No,Yes,No,No,Yes,Yes,Month-to-month,Yes,Credit card (automatic),77.63,3552.09,2,Yes
1320-RL,Male,0,Yes,Yes,43,Yes,Yes,Fiber optic,No,Yes,No,No,No,No,Month-to-month,Yes,Electronic check,74.21,3167.4,1,Yes
5939-YK,Female,0,No,No,3,Yes,No,DSL,Yes,Yes,Yes,Yes,No,No,One year,Yes,Mailed check,75.69,261.07,0,No
5763-HG,Male,0,Yes,No,34,Yes,No,No,No internet service,No internet service,No internet service,No internet service,No internet service,No internet service,Month-to-month,Yes,Credit card (automatic),20.51,703.52,4,No
8637-JC,Female,1,No,Yes,65,Yes,Yes,Fiber optic,Yes,No,Yes,No,No,No,Month-to-month,No,Electronic check,84.52,5555.54,1,Yes
4867-RN,Male,0,Yes,No,64,Yes,Yes,DSL,No,Yes,Yes,No,No,Yes,One year,Yes,Mailed check,71.8,4580.21,1,No
3513-XH,Male,0,No,Yes,7,Yes,No,DSL,Yes,No,No,Yes,No,Yes,Month-to-month,No,Mailed check,75.25,460.1,2,No
9809-VM,Male,0,No,No,35,Yes,Yes,No,No internet service,No internet service,No internet service,No internet service,No internet service,No internet service,Month-to-month,No,Bank transfer (automatic),20.52,666.14,1,No
7452-HD,Female,0,Yes,No,22,Yes,Yes,Fiber optic,Yes,No,No,Yes,Yes,No,Two year,Yes,Electronic check,98.27,2122.85,3,No
8642-DE,Female,0,No,No,48,Yes,No,DSL,Yes,No,No,No,Yes,Yes,Month-to-month,Yes,Bank transfer (automatic),80.02,3916.78,0,No
1992-QB,Male,0,Yes,Yes,32,Yes,No,DSL,No,Yes,No,No,No,Yes,Month-to-month,No,Bank transfer (automatic),68.14,2233.05,1,No
5381-HG,Female,1,No,No,26,Yes,No,DSL,No,No,No,Yes,Yes,No,One year,Yes,Electronic check,67.77,1777.55,1,No
5782-ZY,Female,0,No,No,6,Yes,No,DSL,No,Yes,No,Yes,Yes,No,Two year,Yes,Credit card (automatic),75.71,427.13,2,No
8460-BG,Male,0,No,No,46,Yes,Yes,DSL,No,Yes,No,No,Yes,No,Month-to-month,Yes,Credit card (automatic),61.41,2967.2,1,Yes
3983-GG,Male,0,Yes,No,55,Yes,No,Fiber optic,Yes,No,Yes,No,Yes,Yes,Two year,Yes,Electronic check,104.02,5640.72,1,No
3523-NU,Male,0,No,No,55,Yes,No,Fiber optic,Yes,No,No,No,No,No,Two year,No,Electronic check,74.78,4090.67,2,No
5581-DJ,Male,1,Yes,No,57,Yes,No,Fiber optic,Yes,Yes,No,Yes,Yes,Yes,One year,Yes,Electronic check,117.16,6757.59,1,No
3001-LP,Female,0,No,No,63,Yes,No,DSL,Yes,Yes,Yes,No,Yes,No,Month-to-month,Yes,Electronic check,82.41,5209.65,2,No
7552-GF,Female,0,No,Yes,1,Yes,No,DSL,No,No,No,No,No,Yes,Month-to-month,Yes,Mailed check,56.37,184.23,1,Yes
2220-CL,Female,0,No,No,21,No,No phone service,Fiber optic,No,No,Yes,No,No,No,Month-to-month,Yes,Electronic check,61.21,1276.03,3,Yes
7035-SP,Female,1,No,No,20,Yes,Yes,Fiber optic,No,Yes,No,No,No,No,Month-to-month,Yes,Electronic check,70.96,1369.74,3,Yes
7523-KH,Female,1,Yes,No,29,Yes,No,Fiber optic,Yes,No,No,Yes,No,Yes,Month-to-month,Yes,Electronic check,89.81,2595.81,3,No
1834-WG,Female,0,No,No,43,No,No phone service,Fiber optic,Yes,No,Yes,No,No,No,Two year,Yes,Bank transfer (automatic),71.07,3074.65,1,No
2724-GN,Male,0,Yes,Yes,45,Yes,No,Fiber optic,Yes,Yes,No,Yes,Yes,Yes,One year,No,Electronic check,112.32,4977.06,1,No
6993-SZ,Female,0,Yes,No,65,Yes,No,Fiber optic,No,No,No,No,No,No,Two year,Yes,Bank transfer (automatic),64.13,4153.98,1,No
3568-PS,Female,0,No,No,3,Yes,Yes,Fiber optic,No,Yes,No,No,No,No,Month-to-month,Yes,Electronic check,76.09,222.07,3,Yes
1209-IP,Female,0,No,Yes,20,Yes,Yes,DSL,Yes,Yes,No,No,Yes,No,One year,Yes,Electronic check,71.26,1419.89,1,No
3220-JY,Male,1,Yes,No,37,Yes,Yes,No,No internet service,No internet service,No internet service,No internet service,No internet service,No internet service,Two year,Yes,Credit card (automatic),18.5,639.21,1,No
4110-WO,Male,0,No,No,38,Yes,Yes,Fiber optic,No,No,No,Yes,No,No,Month-to-month,No,Bank transfer (automatic),77.06,2817.76,2,No
6193-DS,Female,1,Yes,Yes,45,Yes,Yes,No,No internet service,No internet service,No internet service,No internet service,No internet service,No internet service,One year,Yes,Electronic check,24.56,1054.57,3,No
8314-UO,Male,0,Yes,No,42,Yes,Yes,No,No internet service,No internet service,No internet service,No internet service,No internet service,No internet service,One year,Yes,Mailed check,20.0,798.02,3,No
6024-PJ,Male,0,Yes,No,46,No,No phone service,DSL,No,Yes,Yes,No,Yes,Yes,Month-to-month,Yes,Mailed check,72.11,3373.97,1,No
6917-VC,Female,0,No,Yes,60,Yes,No,Fiber optic,No,Yes,No,No,Yes,Yes,Month-to-month,Yes,Electronic check,95.83,5769.66,2,Yes
6988-IR,Female,0,No,No,13,Yes,No,Fiber optic,No,Yes,No,No,Yes,No,Month-to-month,No,Credit card (automatic),86.84,1221.55,1,Yes
6578-PB,Female,0,No,Yes,31,Yes,No,Fiber optic,Yes,No,No,Yes,Yes,Yes,Month-to-month,Yes,Credit card (automatic),105.38,3269.24,2,Yes
4845-KH,Male,0,Yes,No,68,Yes,Yes,DSL,No,No,No,Yes,Yes,Yes,One year,Yes,Mailed check,79.08,5399.67,1,No
1378-BI,Male,0,No,No,62,No,No phone service,No,No internet service,No internet service,No internet service,No internet service,No internet service,No internet service,One year,No,Credit card (automatic),18.5,1159.62,2,No
8937-AJ,Female,0,Yes,Yes,49,Yes,No,No,No internet service,No internet service,No internet service,No internet service,No internet service,No internet service,Month-to-month,Yes,Electronic check,29.91,1419.99,0,No
1737-LW,Male,0,Yes,No,18,Yes,No,Fiber optic,No,Yes,No,Yes,No,No,Month-to-month,Yes,Electronic check,80.15,1489.2,3,Yes
1711-EV,Male,0,No,No,53,Yes,No,DSL,No,No,No,Yes,No,No,Month-to-month,Yes,Mailed check,55.45,2969.79,1,Yes
2888-OF,Male,0,Yes,No,18,Yes,Yes,Fiber optic,No,No,No,Yes,No,Yes,Month-to-month,Yes,Mailed check,87.67,1643.88,0,Yes
2259-HM,Female,0,No,No,51,Yes,Yes,Fiber optic,No,Yes,Yes,No,Yes,No,Month-to-month,Yes,Electronic check,93.55,4778.24,1,No
4551-AK,Female,0,No,No,41,Yes,No,Fiber optic,No,No,No,No,No,Yes,Month-to-month,Yes,Bank transfer (automatic),74.45,3071.06,1,No
7643-AH,Female,0,Yes,No,67,Yes,Yes,DSL,No,Yes,No,No,No,No,One year,No,Credit card (automatic),53.07,3601.78,2,No
2823-EQ,Female,1,No,No,65,Yes,Yes,DSL,No,No,No,Yes,Yes,Yes,Month-to-month,No,Mailed check,79.12,5159.7,3,No
8777-IX,Female,0,No,No,6,Yes,Yes,Fiber optic,No,No,No,No,Yes,Yes,Month-to-month,No,Electronic check,86.1,482.54,1,Yes
2777-GO,Male,0,Yes,Yes,37,Yes,Yes,DSL,No,No,Yes,Yes,No,No,Month-to-month,Yes,Mailed check,60.68,2293.34,1,No
2777-YC,Male,0,No,No,12,Yes,No,Fiber optic,Yes,Yes,No,No,Yes,No,Month-to-month,Yes,Electronic check,87.81,1161.13,1,Yes
5859-WN,Male,0,No,No,2,Yes,No,DSL,Yes,No,Yes,Yes,No,Yes,Month-to-month,Yes,Electronic check,78.46,156.54,2,Yes
9343-BN,Male,0,Yes,No,53,Yes,No,No,No internet service,No internet service,No internet service,No internet service,No internet service,No internet service,Month-to-month,Yes,Mailed check,18.5,1013.98,2,No
6127-GK,Male,0,Yes,No,25,Yes,No,No,No internet service,No internet service,No internet service,No internet service,No internet service,No internet service,Two year,No,Electronic check,20.12,439.49,0,No
3722-QN,Male,0,No,No,28,No,No phone service,DSL,No,Yes,Yes,Yes,No,No,Two year,No,Electronic check,58.98,1606.78,2,No
5133-HV,Female,0,No,Yes,45,No,No phone service,DSL,No,No,No,No,No,Yes,One year,Yes,Bank transfer (automatic),47.29,2173.13,6,No
2242-HB,Female,0,Yes,No,37,Yes,No,Fiber optic,No,No,Yes,Yes,No,Yes,Month-to-month,No,Mailed check,96.0,3538.51,3,Yes
8246-LQ,Male,1,Yes,No,17,Yes,Yes,Fiber optic,Yes,No,Yes,No,No,No,Month-to-month,Yes,Bank transfer (automatic),82.63,1400.87,2,Yes
4232-ON,Female,0,No,Yes,69,No,No phone service,DSL,Yes,No,Yes,Yes,No,No,Two year,Yes,Electronic check,60.96,4232.33,0,No
3355-VP,Male,0,Yes,No,56,Yes,Yes,Fiber optic,No,No,Yes,No,No,No,Month-to-month,Yes,Mailed check,72.14,4005.95,3,Yes
2824-QM,Male,1,Yes,No,58,Yes,Yes,No,No internet service,No internet service,No internet service,No internet service,No internet service,No internet service,One year,No,Mailed check,23.8,1427.51,0,No
1404-ZU,Female,0,No,No,4,Yes,Yes,DSL,Yes,Yes,Yes,No,No,No,Month-to-month,Yes,Electronic check,64.98,284.37,6,Yes
6316-JF,Female,0,No,Yes,55,Yes,No,DSL,No,No,No,Yes,Yes,No,Month-to-month,Yes,Mailed check,64.53,3604.28,0,Yes
5210-YM,Male,1,Yes,Yes,49,Yes,Yes,Fiber optic,No,No,Yes,No,No,No,One year,Yes,Electronic check,71.27,3573.24,4,No
1064-TY,Female,0,Yes,Yes,38,Yes,Yes,Fiber optic,No,Yes,Yes,Yes,No,No,Month-to-month,No,Mailed check,88.53,3390.98,1,No
7382-NH,Male,0,Yes,No,45,Yes,Yes,DSL,No,No,Yes,No,No,Yes,Month-to-month,Yes,Bank transfer (automatic),69.34,3134.76,1,Yes
1968-QI,Male,0,Yes,No,30,Yes,No,Fiber optic,No,No,Yes,Yes,Yes,No,One year,Yes,Credit card (automatic),95.94,2850.1,2,No
3242-KL,Male,0,Yes,No,37,Yes,No,DSL,No,No,No,No,Yes,Yes,Two year,Yes,Bank transfer (automatic),66.53,2477.41,3,No
9073-YQ,Male,0,Yes,No,56,No,No phone service,Fiber optic,Yes,No,Yes,No,Yes,No,Month-to-month,Yes,Bank transfer (automatic),87.62,4906.6,0,No
2469-VD,Male,0,Yes,No,27,Yes,No,Fiber optic,No,No,No,No,No,Yes,Month-to-month,Yes,Bank transfer (automatic),74.22,1996.53,3,Yes
4622-UZ,Female,0,Yes,No,32,Yes,Yes,Fiber optic,Yes,No,Yes,No,Yes,No,Two year,Yes,Credit card (automatic),92.59,2968.86,3,No
1823-HA,Male,0,No,Yes,11,Yes,No,Fiber optic,No,Yes,No,No,No,No,Two year,No,Credit card (automatic),75.49,851.47,1,No
5151-VD,Female,0,Yes,No,58,Yes,Yes,Fiber optic,No,No,No,No,Yes,Yes,Two year,Yes,Bank transfer (automatic),90.46,5220.33,3,No
8420-LX,Male,1,Yes,Yes,35,Yes,Yes,Fiber optic,No,No,No,No,Yes,Yes,Month-to-month,No,Electronic check,88.59,3101.01,2,Yes
3892-TF,Female,0,Yes,No,17,Yes,Yes,DSL,Yes,No,No,No,Yes,No,Two year,No,Electronic check,67.52,1162.36,1,No
4306-WD,Male,0,Yes,Yes,30,No,No phone service,Fiber optic,No,No,No,No,No,Yes,One year,No,Bank transfer (automatic),71.79,2223.09,0,No
4718-VK,Female,0,No,Yes,18,Yes,Yes,DSL,No,Yes,No,Yes,No,Yes,One year,No,Credit card (automatic),74.06,1356.97,0,Yes
4641-GL,Male,0,Yes,No,30,Yes,No,Fiber optic,No,No,No,No,No,Yes,Month-to-month,Yes,Credit card (automatic),77.42,2338.57,1,Yes
8174-WG,Male,0,No,No,16,Yes,Yes,Fiber optic,No,No,No,No,No,Yes,Month-to-month,Yes,Electronic check,80.09,1314.02,0,No
5335-ZH,Female,0,Yes,Yes,54,Yes,Yes,Fiber optic,No,Yes,Yes,No,Yes,Yes,Month-to-month,No,Bank transfer (automatic),100.29,5522.99,0,No
9648-IB,Female,1,No,No,4,Yes,Yes,DSL,No,Yes,Yes,No,Yes,Yes,Month-to-month,No,Bank transfer (automatic),80.65,348.51,2,Yes
6494-DY,Female,0,Yes,No,15,Yes,No,DSL,No,Yes,Yes,No,No,No,One year,Yes,Mailed check,60.34,925.18,1,No
3711-LQ,Female,0,Yes,No,27,Yes,No,Fiber optic,Yes,Yes,Yes,No,No,No,Month-to-month,Yes,Electronic check,89.56,2488.59,1,Yes
7273-MR,Female,0,Yes,No,4,Yes,No,DSL,Yes,No,No,No,No,No,Month-to-month,Yes,Electronic check,47.63,227.49,3,Yes
4994-OH,Female,0,Yes,No,35,No,No phone service,DSL,No,No,Yes,No,Yes,Yes,One year,Yes,Mailed check,67.8,2289.04,1,No
1462-AT,Male,0,Yes,No,63,Yes,No,No,No internet service,No internet service,No internet service,No internet service,No internet service,No internet service,Month-to-month,No,Electronic check,21.05,1270.86,1,No
2736-WH,Male,1,Yes,Yes,66,Yes,No,DSL,No,Yes,Yes,No,Yes,No,Month-to-month,Yes,Electronic check,72.6,4817.49,2,No
8903-PN,Male,1,No,Yes,39,Yes,Yes,DSL,No,No,No,No,No,Yes,One year,Yes,Electronic check,57.3,2173.45,1,No
8002-YM,Female,0,Yes,Yes,28,Yes,Yes,No,No internet service,No internet service,No internet service,No internet service,No internet service,No internet service,Two year,Yes,Mailed check,18.5,544.5,3,No
2014-UM,Female,0,Yes,No,34,Yes,No,DSL,No,Yes,Yes,No,No,Yes,One year,No,Bank transfer (automatic),71.27,2474.7,1,No
2054-EP,Female,1,Yes,No,33,Yes,No,Fiber optic,Yes,Yes,No,No,No,No,Two year,Yes,Mailed check,85.13,2813.74,1,No
7009-KV,Male,0,No,No,50,Yes,No,Fiber optic,Yes,No,Yes,No,No,Yes,Month-to-month,No,Mailed check,94.74,4736.02,0,No
1667-KY,Female,0,Yes,Yes,60,Yes,No,No,No internet service,No internet service,No internet service,No internet service,No internet service,No internet service,Month-to-month,No,Electronic check,18.5,1105.45,0,No
2394-CO,Male,1,Yes,No,72,Yes,No,Fiber optic,Yes,Yes,Yes,No,No,No,One year,No,Bank transfer (automatic),90.05,6502.19,1,No
5070-GF,Female,0,Yes,No,72,Yes,No,No,No internet service,No internet service,No internet service,No internet service,No internet service,No internet service,Two year,Yes,Bank transfer (automatic),23.62,1632.93,1,No
6599-CM,Female,0,No,Yes,42,Yes,No,DSL,Yes,No,Yes,Yes,No,No,Month-to-month,Yes,Mailed check,67.42,2862.89,0,No
4620-WR,Female,0,No,No,28,Yes,Yes,DSL,Yes,No,No,No,Yes,Yes,Month-to-month,No,Electronic check,76.02,2181.17,1,No
9789-HQ,Male,0,Yes,No,27,Yes,Yes,Fiber optic,Yes,No,No,Yes,No,Yes,One year,No,Credit card (automatic),88.67,2461.31,2,No
2075-AN,Female,0,Yes,No,1,Yes,No,Fiber optic,No,No,No,No,No,No,One year,Yes,Credit card (automatic),63.42,18.5,1,Yes
3384-JL,Male,0,Yes,Yes,8,Yes,Yes,Fiber optic,No,No,Yes,No,No,Yes,Two year,Yes,Credit card (automatic),82.79,733.55,1,No
9047-NP,Female,0,Yes,No,46,Yes,Yes,Fiber optic,No,Yes,No,No,No,Yes,One year,Yes,Mailed check,86.26,3974.27,3,No
2159-WJ,Female,0,No,Yes,24,Yes,No,Fiber optic,No,No,Yes,No,Yes,Yes,Month-to-month,Yes,Electronic check,97.97,2371.33,1,Yes
8548-QR,Female,0,Yes,No,40,Yes,Yes,Fiber optic,No,No,Yes,No,No,No,Month-to-month,Yes,Credit card (automatic),74.0,2972.32,3,Yes
7163-PQ,Female,0,Yes,Yes,51,Yes,No,No,No internet service,No internet service,No internet service,No internet service,No internet service,No internet service,Two year,Yes,Credit card (automatic),19.13,954.42,4,No
2231-SX,Male,0,No,No,24,Yes,No,Fiber optic,Yes,No,No,No,Yes,No,Month-to-month,Yes,Electronic check,85.79,2001.54,1,Yes
9071-FF,Female,0,Yes,Yes,22,Yes,No,Fiber optic,No,No,No,Yes,Yes,Yes,Month-to-month,Yes,Bank transfer (automatic),104.01,2227.21,3,Yes
3908-ID,Male,0,Yes,Yes,68,Yes,No,DSL,Yes,Yes,No,No,Yes,No,Month-to-month,Yes,Electronic check,76.5,5234.66,1,No
4883-LW,Female,0,Yes,No,8,Yes,Yes,Fiber optic,Yes,No,No,Yes,Yes,Yes,Month-to-month,Yes,Mailed check,111.31,829.96,1,Yes
6008-OI,Female,0,Yes,No,58,Yes,Yes,Fiber optic,No,Yes,No,No,Yes,No,One year,No,Bank transfer (automatic),86.03,4994.24,2,No
5009-PL,Female,0,No,No,15,Yes,No,Fiber optic,No,Yes,Yes,No,Yes,No,Month-to-month,Yes,Mailed check,96.42,1483.92,1,Yes
9593-OF,Male,0,No,Yes,8,No,No phone service,Fiber optic,No,Yes,No,No,No,Yes,Month-to-month,No,Bank transfer (automatic),79.48,603.34,1,Yes
7777-LK,Female,0,Yes,No,42,No,No phone service,Fiber optic,No,No,Yes,Yes,Yes,No,One year,No,Credit card (automatic),87.42,3764.21,2,No
5211-CB,Male,0,Yes,No,39,Yes,Yes,No,No internet service,No internet service,No internet service,No internet service,No internet service,No internet service,Two year,Yes,Electronic check,23.4,901.37,1,No
9183-VY,Male,0,Yes,No,35,Yes,No,Fiber optic,No,No,No,Yes,No,No,Month-to-month,No,Bank transfer (automatic),71.62,2518.44,0,Yes
2341-ER,Female,0,Yes,No,41,Yes,No,DSL,No,No,No,Yes,No,Yes,Month-to-month,Yes,Mailed check,70.09,2861.88,1,No
4727-HY,Male,0,No,No,48,Yes,Yes,Fiber optic,No,No,No,No,No,No,Month-to-month,Yes,Mailed check,61.07,2893.52,1,Yes
3803-VK,Female,0,Yes,No,71,Yes,Yes,DSL,No,Yes,No,No,No,No,One year,Yes,Bank transfer (automatic),53.28,3838.12,1,No
1393-XY,Male,1,No,No,44,No,No phone service,Fiber optic,No,Yes,No,No,Yes,Yes,Month-to-month,No,Credit card (automatic),91.08,3978.09,2,Yes
9795-FT,Male,1,Yes,No,35,Yes,Yes,Fiber optic,No,No,Yes,Yes,Yes,No,Month-to-month,Yes,Bank transfer (automatic),94.3,3274.02,1,No
1132-WI,Male,0,No,Yes,27,Yes,Yes,Fiber optic,Yes,Yes,No,Yes,No,No,Month-to-month,No,Credit card (automatic),84.6,2214.09,0,No
4385-PV,Male,0,No,No,65,Yes,Yes,Fiber optic,Yes,Yes,Yes,No,Yes,Yes,Month-to-month,No,Electronic check,108.72,7051.99,1,No
8213-VH,Female,0,No,No,70,Yes,No,Fiber optic,No,No,No,No,Yes,Yes,Two year,Yes,Mailed check,89.92,6261.55,2,No
3835-SN,Male,0,Yes,No,66,No,No phone service,Fiber optic,No,Yes,No,Yes,No,No,Two year,Yes,Electronic check,67.04,4513.25,1,No
5134-ER,Female,0,No,No,71,Yes,No,Fiber optic,No,Yes,No,No,Yes,Yes,Month-to-month,Yes,Bank transfer (automatic),98.65,7041.44,4,No
9353-KV,Male,1,Yes,No,72,Yes,Yes,Fiber optic,Yes,Yes,Yes,No,Yes,No,One year,No,Bank transfer (automatic),98.29,7043.13,0,Yes
2963-BR,Female,0,No,No,63,Yes,No,Fiber optic,No,Yes,Yes,No,Yes,No,Month-to-month,Yes,Bank transfer (automatic),93.67,5912.96,1,No
1966-ZQ,Female,0,No,No,29,Yes,Yes,DSL,No,Yes,No,No,Yes,Yes,Month-to-month,Yes,Credit card (automatic),79.1,2266.91,0,Yes
4061-WN,Male,0,Yes,No,31,Yes,Yes,Fiber optic,Yes,No,No,Yes,Yes,No,Month-to-month,Yes,Credit card (automatic),92.99,2848.79,2,Yes
7967-GV,Male,0,No,No,64,Yes,No,DSL,No,Yes,No,Yes,No,Yes,Month-to-month,Yes,Mailed check,81.43,5125.88,0,No
9101-TB,Female,0,No,No,53,Yes,No,No,No internet service,No internet service,No internet service,No internet service,No internet service,No internet service,Month-to-month,Yes,Bank transfer (automatic),18.81,954.25,1,No
8280-LL,Male,0,No,No,68,No,No phone service,DSL,No,No,No,No,Yes,No,One year,Yes,Bank transfer (automatic),47.48,3272.92,1,No
5607-RM,Male,0,Yes,No,25,Yes,No,Fiber optic,No,No,Yes,Yes,No,Yes,One year,No,Credit card (automatic),95.16,2380.3,2,No
4179-QD,Male,0,No,No,13,Yes,No,Fiber optic,No,Yes,No,No,Yes,No,Month-to-month,No,Electronic check,88.73,1147.88,1,Yes
2726-WJ,Male,1,No,No,40,Yes,No,DSL,Yes,Yes,No,No,Yes,No,Month-to-month,Yes,Credit card (automatic),73.53,2918.42,3,Yes
9458-FF,Male,0,No,No,72,Yes,No,Fiber optic,Yes,No,No,No,No,No,Two year,Yes,Electronic check,72.53,5201.94,0,No
5584-OB,Male,1,No,Yes,7,Yes,No,Fiber optic,Yes,No,Yes,No,Yes,Yes,Month-to-month,Yes,Bank transfer (automatic),108.36,818.15,3,Yes
1356-QH,Male,0,Yes,Yes,32,Yes,No,DSL,Yes,No,No,No,Yes,Yes,One year,Yes,Mailed check,77.58,2494.62,1,Yes
5647-SC,Male,0,Yes,No,24,Yes,Yes,Fiber optic,No,No,No,Yes,No,Yes,Month-to-month,Yes,Electronic check,85.45,2086.92,1,No
7642-SO,Male,0,No,No,1,Yes,No,Fiber optic,No,Yes,No,No,No,Yes,Month-to-month,No,Bank transfer (automatic),85.38,99.3,1,Yes
5357-PH,Female,0,Yes,No,47,Yes,Yes,Fiber optic,No,No,Yes,No,No,No,Month-to-month,Yes,Credit card (automatic),71.58,3404.91,2,Yes
3739-PK,Male,0,No,Yes,51,Yes,Yes,No,No internet service,No internet service,No internet service,No internet service,No internet service,No internet service,One year,Yes,Credit card (automatic),22.23,1175.82,1,No
5784-QL,Male,1,Yes,No,36,Yes,Yes,DSL,No,Yes,No,No,Yes,Yes,Month-to-month,No,Electronic check,77.23,2755.38,0,No
1877-WA,Male,0,Yes,No,27,Yes,No,Fiber optic,No,Yes,Yes,No,No,Yes,Month-to-month,No,Bank transfer (automatic),91.5,2495.29,6,No
1292-TX,Male,0,Yes,No,70,Yes,Yes,Fiber optic,Yes,Yes,No,No,No,No,One year,Yes,Bank transfer (automatic),81.3,5732.11,1,No
9728-GJ,Male,0,Yes,No,42,Yes,Yes,Fiber optic,Yes,Yes,No,No,Yes,Yes,Month-to-month,No,Electronic check,102.04,4264.88,3,Yes
3374-AG,Female,0,Yes,Yes,68,No,No phone service,DSL,No,Yes,No,No,No,Yes,Month-to-month,No,Electronic check,55.85,3784.07,0,No
1889-XK,Female,0,Yes,No,70,Yes,Yes,Fiber optic,Yes,Yes,Yes,No,No,Yes,Two year,Yes,Electronic check,94.81,6713.92,0,No
4400-LC,Male,0,Yes,No,13,Yes,No,Fiber optic,No,No,No,No,No,No,Month-to-month,No,Mailed check,60.03,839.6,1,Yes
5542-DD,Female,0,No,Yes,25,Yes,Yes,DSL,No,Yes,Yes,No,No,No,One year,Yes,Bank transfer (automatic),59.69,1488.1,3,No
4291-YM,Male,0,No,Yes,22,Yes,No,DSL,Yes,No,No,No,Yes,Yes,Two year,Yes,Credit card (automatic),73.26,1630.89,1,No
2558-SJ,Male,0,Yes,No,21,No,No phone service,Fiber optic,Yes,No,Yes,No,Yes,Yes,One year,Yes,Bank transfer (automatic),91.45,1951.35,2,No
3276-GX,Female,0,No,No,15,No,No phone service,Fiber optic,No,Yes,No,Yes,No,Yes,Month-to-month,Yes,Electronic check,85.53,1301.1,2,Yes
2103-AL,Female,0,Yes,Yes,67,Yes,No,DSL,No,Yes,Yes,No,Yes,No,Month-to-month,Yes,Electronic check,73.37,4894.97,4,Yes
6409-GK,Female,1,Yes,No,37,Yes,Yes,Fiber optic,No,No,Yes,Yes,Yes,No,Month-to-month,Yes,Credit card (automatic),94.65,3567.06,0,No
8869-MB,Female,0,No,No,45,No,No phone service,Fiber optic,Yes,No,No,Yes,No,No,Month-to-month,No,Bank transfer (automatic),73.76,3288.41,2,No
4384-KB,Female,0,Yes,Yes,26,Yes,No,DSL,No,No,Yes,Yes,Yes,No,Month-to-month,No,Bank transfer (automatic),74.84,2014.81,0,No
1028-BP,Male,0,Yes,No,55,Yes,Yes,No,No internet service,No internet service,No internet service,No internet service,No internet service,No internet service,Month-to-month,Yes,Electronic check,23.51,1312.04,2,No
8756-EQ,Male,0,Yes,Yes,50,Yes,No,Fiber optic,No,Yes,No,No,No,Yes,Month-to-month,Yes,Bank transfer (automatic),84.22,4211.07,2,Yes
6755-SG,Male,0,No,No,35,Yes,No,Fiber optic,Yes,No,Yes,No,No,No,Two year,No,Credit card (automatic),77.55,2713.76,3,No
9071-ME,Female,1,Yes,No,41,Yes,No,DSL,No,No,No,No,No,Yes,Month-to-month,Yes,Credit card (automatic),55.57,2297.91,0,Yes
8105-IK,Male,0,No,No,72,No,No phone service,DSL,No,No,Yes,No,No,Yes,Month-to-month,No,Electronic check,54.18,3951.61,1,No
1572-ZG,Female,0,Yes,No,11,Yes,Yes,Fiber optic,No,No,No,No,Yes,No,Month-to-month,No,Credit card (automatic),78.12,909.48,1,Yes
1614-SF,Male,0,Yes,Yes,8,Yes,No,Fiber optic,No,Yes,No,Yes,Yes,Yes,Month-to-month,No,Mailed check,105.48,889.66,3,Yes
4740-KG,Female,0,No,No,54,Yes,Yes,DSL,No,No,No,No,No,Yes,One year,Yes,Bank transfer (automatic),51.35,2636.09,4,No
4777-SD,Female,0,Yes,No,1,Yes,No,Fiber optic,No,No,No,Yes,No,Yes,Two year,Yes,Bank transfer (automatic),81.03,18.5,1,No
2721-FQ,Male,0,No,No,20,Yes,No,Fiber optic,No,No,No,Yes,No,No,Month-to-month,Yes,Electronic check,76.98,1451.37,0,No
4896-EG,Male,1,No,Yes,34,Yes,Yes,Fiber optic,Yes,No,Yes,No,No,No,Month-to-month,Yes,Mailed check,77.64,2663.03,0,No
4808-AS,Male,0,Yes,No,57,Yes,No,Fiber optic,Yes,Yes,No,No,No,No,Month-to-month,No,Credit card (automatic),76.75,4417.0,0,No
4845-RJ,Male,0,Yes,No,13,Yes,Yes,DSL,Yes,No,No,No,No,No,Month-to-month,No,Electronic check,55.61,767.79,2,Yes
1091-KA,Female,1,No,No,54,Yes,No,No,No internet service,No internet service,No internet service,No internet service,No internet service,No internet service,One year,No,Electronic check,21.97,1231.05,0,No
7592-ME,Male,0,Yes,No,53,Yes,No,Fiber optic,No,No,No,Yes,Yes,No,Month-to-month,Yes,Credit card (automatic),81.51,4331.16,2,No
9128-TC,Female,1,Yes,No,52,Yes,No,DSL,Yes,No,No,No,No,No,Two year,No,Credit card (automatic),56.33,2966.73,2,No
3513-IN,Male,0,Yes,No,6,Yes,Yes,Fiber optic,No,No,Yes,No,No,Yes,One year,No,Credit card (automatic),82.07,568.96,0,No
9990-QW,Male,0,No,Yes,36,Yes,Yes,DSL,No,No,No,Yes,Yes,No,Month-to-month,Yes,Electronic check,61.54,2202.79,2,No
1604-DE,Male,0,No,No,25,Yes,No,Fiber optic,Yes,No,Yes,No,Yes,No,Month-to-month,Yes,Mailed check,98.17,2486.27,2,Yes
8065-UQ,Male,0,No,No,58,Yes,No,Fiber optic,Yes,No,No,No,No,No,Month-to-month,No,Credit card (automatic),69.04,3974.94,1,No
1597-YB,Male,0,Yes,Yes,55,Yes,No,No,No internet service,No internet service,No internet service,No internet service,No internet service,No internet service,Month-to-month,Yes,Credit card (automatic),18.5,1079.65,0,No
6622-VE,Female,0,No,No,3,Yes,No,DSL,No,No,No,No,Yes,Yes,One year,No,Electronic check,73.54,149.38,2,No
2699-FT,Male,0,Yes,No,28,No,No phone service,Fiber optic,No,No,Yes,No,Yes,No,Month-to-month,No,Mailed check,73.52,2012.08,1,No
6780-MV,Female,1,Yes,Yes,68,Yes,No,Fiber optic,No,No,No,No,Yes,Yes,Month-to-month,No,Mailed check,85.97,5839.58,1,No
5086-YZ,Male,1,No,No,38,Yes,Yes,Fiber optic,No,Yes,Yes,No,Yes,Yes,One year,Yes,Bank transfer (automatic),101.38,3862.42,1,No
8846-TA,Female,1,No,No,34,Yes,Yes,DSL,No,Yes,No,Yes,No,Yes,Month-to-month,Yes,Mailed check,72.49,2417.67,0,No
2079-DQ,Male,0,No,No,13,Yes,No,DSL,No,Yes,No,No,Yes,No,Month-to-month,No,Electronic check,62.84,943.74,0,Yes
9340-NP,Male,0,Yes,No,5,Yes,Yes,DSL,Yes,Yes,No,No,No,Yes,One year,Yes,Electronic check,67.97,431.03,1,No
8951-XT,Male,0,No,Yes,60,Yes,No,DSL,Yes,Yes,No,Yes,No,No,One year,Yes,Electronic check,74.42,4441.44,1,No
5508-HX,Female,1,No,No,17,No,No phone service,DSL,No,No,Yes,No,Yes,Yes,Month-to-month,Yes,Credit card (automatic),72.46,1218.89,0,Yes
8233-OV,Female,0,Yes,No,57,Yes,Yes,Fiber optic,Yes,No,Yes,Yes,Yes,Yes,One year,Yes,Bank transfer (automatic),111.0,6296.44,2,No
4273-RV,Male,0,Yes,Yes,31,No,No phone service,DSL,Yes,Yes,No,No,Yes,No,Month-to-month,No,Bank transfer (automatic),59.86,1888.54,1,No
7256-MA,Male,1,Yes,No,65,No,No phone service,Fiber optic,No,No,No,No,No,No,Month-to-month,Yes,Bank transfer (automatic),52.12,3322.36,1,Yes
9780-YN,Male,0,Yes,Yes,66,Yes,No,DSL,Yes,No,No,No,No,Yes,One year,Yes,Mailed check,68.83,4613.17,3,No
9002-OS,Female,0,No,Yes,33,Yes,No,Fiber optic,No,No,No,No,Yes,No,Month-to-month,Yes,Bank transfer (automatic),76.39,2584.67,2,Yes
5798-NL,Male,0,Yes,Yes,4,Yes,Yes,Fiber optic,No,Yes,No,Yes,Yes,Yes,Two year,Yes,Electronic check,100.96,435.58,1,No
3986-QH,Female,0,No,Yes,55,Yes,No,DSL,No,No,No,No,Yes,Yes,Month-to-month,Yes,Electronic check,64.72,3553.96,1,No
4412-YW,Male,0,No,Yes,24,Yes,No,DSL,Yes,No,No,No,Yes,Yes,Two year,Yes,Electronic check,76.9,1778.57,1,No
2875-KY,Female,0,Yes,No,32,Yes,Yes,DSL,Yes,No,No,No,No,Yes,Month-to-month,No,Mailed check,69.95,2164.75,2,No
6752-BJ,Female,0,Yes,No,47,Yes,No,Fiber optic,No,No,No,No,Yes,Yes,Month-to-month,Yes,Electronic check,88.35,4103.49,1,No
2353-KF,Female,0,No,No,16,Yes,Yes,Fiber optic,Yes,No,Yes,No,Yes,No,Month-to-month,Yes,Credit card (automatic),90.63,1496.33,4,No
5311-LK,Male,0,Yes,No,21,Yes,No,No,No internet service,No internet service,No internet service,No internet service,No internet service,No internet service,Month-to-month,No,Bank transfer (automatic),18.5,436.68,1,No
3934-WZ,Female,0,No,No,67,Yes,Yes,DSL,No,No,Yes,Yes,No,No,One year,No,Mailed check,60.5,4020.59,2,No
9940-EF,Male,0,No,No,31,Yes,No,No,No internet service,No internet service,No internet service,No internet service,No internet service,No internet service,Month-to-month,Yes,Electronic check,19.31,655.93,2,No
5416-FR,Female,0,Yes,No,14,No,No phone service,Fiber optic,Yes,No,No,No,No,Yes,Month-to-month,Yes,Bank transfer (automatic),76.22,1102.13,1,No
6141-IX,Male,0,No,No,6,Yes,Yes,DSL,No,Yes,No,No,Yes,Yes,One year,No,Credit card (automatic),75.83,350.52,1,Yes
8292-OZ,Female,0,Yes,No,69,Yes,No,DSL,No,Yes,No,Yes,Yes,No,Month-to-month,Yes,Electronic check,74.23,5089.82,2,No
3098-XP,Female,0,No,No,29,No,No phone service,DSL,No,No,Yes,No,Yes,Yes,Month-to-month,Yes,Electronic check,66.57,1904.55,1,No
9444-FV,Male,0,No,No,55,Yes,No,Fiber optic,No,No,Yes,Yes,Yes,Yes,Month-to-month,Yes,Credit card (automatic),99.54,5524.77,3,Yes
4264-ND,Male,0,Yes,No,37,Yes,No,No,No internet service,No internet service,No internet service,No internet service,No internet service,No internet service,Month-to-month,No,Credit card (automatic),20.28,770.12,1,Yes
3763-FK,Female,0,Yes,No,59,Yes,No,DSL,No,No,Yes,No,No,Yes,Month-to-month,Yes,Bank transfer (automatic),64.97,3899.09,1,No
4241-RG,Female,0,No,No,36,Yes,Yes,DSL,No,No,No,No,Yes,No,Month-to-month,Yes,Bank transfer (automatic),60.31,2243.52,0,No
6574-KD,Male,0,No,No,59,No,No phone service,DSL,No,No,Yes,No,Yes,No,Month-to-month,Yes,Electronic check,54.23,3249.17,3,Yes
2587-AM,Female,1,Yes,No,64,Yes,No,DSL,Yes,Yes,Yes,No,No,Yes,One year,No,Bank transfer (automatic),76.35,4884.93,2,No
5409-XX,Female,0,No,Yes,43,Yes,Yes,Fiber optic,Yes,No,Yes,Yes,Yes,Yes,Two year,Yes,Bank transfer (automatic),106.73,4593.74,1,No
1712-WI,Male,0,No,No,42,Yes,No,DSL,Yes,Yes,No,No,No,Yes,Two year,Yes,Electronic check,74.27,3140.68,2,No
7843-BF,Male,0,No,No,60,Yes,Yes,DSL,No,Yes,No,No,No,No,Month-to-month,No,Credit card (automatic),49.08,2931.89,2,No
1270-CK,Male,1,Yes,No,62,Yes,No,No,No internet service,No internet service,No internet service,No internet service,No internet service,No internet service,Two year,No,Bank transfer (automatic),19.68,1085.93,3,No
2079-KO,Female,0,Yes,No,64,Yes,No,DSL,No,No,Yes,No,No,No,Month-to-month,No,Bank transfer (automatic),53.06,3430.48,1,No
9795-JF,Female,0,Yes,Yes,58,Yes,No,DSL,No,Yes,No,No,Yes,Yes,Month-to-month,Yes,Mailed check,76.01,4427.86,1,No
8982-YR,Female,0,Yes,No,2,Yes,Yes,Fiber optic,No,No,No,No,No,Yes,One year,Yes,Mailed check,77.76,217.69,3,Yes
7214-OR,Male,0,No,No,71,Yes,Yes,Fiber optic,No,Yes,No,No,No,No,Month-to-month,No,Electronic check,72.42,5086.81,0,Yes
9791-BH,Female,1,Yes,No,8,Yes,No,Fiber optic,Yes,Yes,Yes,No,No,No,One year,Yes,Electronic check,84.68,630.99,1,No
7227-BK,Male,0,Yes,Yes,56,Yes,No,Fiber optic,No,No,No,No,No,Yes,Month-to-month,No,Credit card (automatic),72.6,4158.14,1,Yes
8833-GF,Male,0,No,No,36,Yes,Yes,DSL,Yes,No,No,No,No,No,Month-to-month,Yes,Mailed check,56.85,1963.22,2,No
3653-JE,Female,1,Yes,No,69,Yes,No,DSL,Yes,Yes,Yes,No,No,Yes,Two year,Yes,Electronic check,81.4,5561.08,1,No
5864-SB,Male,0,Yes,No,13,Yes,No,Fiber optic,No,No,Yes,No,Yes,No,Two year,No,Electronic check,80.92,1077.1,0,No
4284-TW,Female,0,No,No,39,Yes,No,DSL,No,No,No,No,No,No,Month-to-month,Yes,Mailed check,41.04,1513.64,1,No
3196-XD,Male,0,No,No,6,Yes,Yes,No,No internet service,No internet service,No internet service,No internet service,No internet service,No internet service,One year,No,Credit card (automatic),21.17,67.83,1,No
1789-TR,Male,0,No,Yes,19,Yes,No,DSL,Yes,Yes,No,Yes,No,Yes,Month-to-month,Yes,Mailed check,78.59,1514.1,3,No
2309-AX,Male,0,No,No,25,Yes,No,Fiber optic,Yes,No,No,No,Yes,Yes,One year,Yes,Credit card (automatic),94.27,2325.06,1,No
6389-DE,Female,1,Yes,No,3,Yes,Yes,Fiber optic,No,Yes,Yes,Yes,Yes,Yes,Month-to-month,No,Mailed check,110.85,314.34,0,Yes
9215-WM,Male,0,No,No,53,Yes,Yes,Fiber optic,Yes,Yes,Yes,No,Yes,No,One year,Yes,Electronic check,99.43,5283.09,2,No
2231-XM,Female,0,Yes,No,28,No,No phone service,DSL,No,No,No,Yes,No,Yes,Month-to-month,No,Electronic check,57.38,1642.87,2,No
3711-VZ,Male,0,Yes,Yes,26,Yes,No,Fiber optic,No,No,No,No,Yes,Yes,One year,No,Credit card (automatic),93.86,2479.6,0,Yes
1421-NA,Male,0,Yes,Yes,47,Yes,Yes,Fiber optic,No,No,No,No,No,No,Month-to-month,Yes,Electronic check,68.56,3227.51,0,No
1946-CK,Male,0,Yes,Yes,8,Yes,Yes,Fiber optic,No,No,No,Yes,Yes,No,Month-to-month,No,Bank transfer (automatic),82.74,671.62,0,Yes
2564-EQ,Female,0,Yes,Yes,57,Yes,Yes,Fiber optic,No,No,Yes,Yes,Yes,Yes,Month-to-month,Yes,Bank transfer (automatic),102.76,5929.83,2,No
2308-KC,Female,0,No,No,55,Yes,No,Fiber optic,Yes,Yes,No,Yes,No,Yes,Two year,No,Electronic check,103.03,5703.71,0,No
7131-JJ,Female,1,No,Yes,1,Yes,Yes,DSL,Yes,No,No,No,No,No,Two year,No,Credit card (automatic),53.17,94.96,2,No
5811-OJ,Female,0,Yes,No,40,Yes,Yes,DSL,No,Yes,No,No,Yes,Yes,One year,No,Electronic check,78.94,3166.99,1,No
4933-JZ,Female,0,No,No,23,Yes,No,DSL,Yes,Yes,No,Yes,Yes,Yes,Month-to-month,Yes,Electronic check,90.03,2103.74,1,No
5480-XZ,Male,0,No,No,54,Yes,Yes,Fiber optic,Yes,No,Yes,No,Yes,No,Month-to-month,Yes,Electronic check,92.14,5012.82,1,Yes
1105-BQ,Male,0,Yes,No,42,Yes,No,No,No internet service,No internet service,No internet service,No internet service,No internet service,No internet service,One year,No,Bank transfer (automatic),21.33,850.76,0,No
1669-XG,Female,0,Yes,No,50,Yes,Yes,DSL,Yes,Yes,No,No,Yes,No,Month-to-month,Yes,Mailed check,76.91,3843.86,1,Yes
1966-TI,Female,0,Yes,Yes,4,Yes,No,DSL,Yes,No,Yes,No,No,Yes,Month-to-month,No,Bank transfer (automatic),71.18,211.41,2,Yes
1109-QA,Female,0,Yes,Yes,8,Yes,No,Fiber optic,Yes,No,Yes,No,Yes,No,Month-to-month,Yes,Mailed check,95.04,818.98,4,Yes
7728-TU,Female,0,No,No,36,Yes,No,DSL,No,No,No,No,Yes,No,Month-to-month,Yes,Electronic check,55.67,1901.94,2,No
7499-HM,Male,0,Yes,No,10,Yes,No,Fiber optic,No,No,No,No,Yes,Yes,One year,No,Electronic check,89.48,918.2,0,Yes
8619-II,Female,1,Yes,No,30,Yes,Yes,DSL,No,Yes,No,No,Yes,Yes,Two year,No,Mailed check,73.76,2266.23,0,No
3047-VR,Female,0,Yes,No,16,Yes,No,No,No internet service,No internet service,No internet service,No internet service,No internet service,No internet service,Month-to-month,Yes,Mailed check,20.0,251.03,2,Yes
1873-KG,Female,0,No,Yes,30,Yes,No,DSL,No,Yes,No,Yes,No,Yes,Two year,Yes,Credit card (automatic),71.02,2070.07,1,No
9837-SP,Female,0,Yes,No,64,Yes,No,Fiber optic,No,Yes,Yes,Yes,Yes,No,Month-to-month,Yes,Mailed check,100.86,6458.97,0,No
7382-GP,Male,0,No,No,11,Yes,Yes,Fiber optic,No,Yes,Yes,No,Yes,Yes,Month-to-month,Yes,Credit card (automatic),100.06,1027.06,2,Yes
7596-PA,Male,0,Yes,Yes,34,Yes,No,Fiber optic,No,No,Yes,Yes,No,No,One year,No,Bank transfer (automatic),78.02,2655.84,4,No
1370-EG,Female,1,No,Yes,55,Yes,No,Fiber optic,No,Yes,No,No,No,Yes,Two year,Yes,Electronic check,79.63,4473.08,1,Yes
8378-VE,Male,1,No,No,4,Yes,No,DSL,No,Yes,Yes,No,No,No,Two year,Yes,Electronic check,63.32,255.01,1,No
4196-QZ,Male,0,Yes,No,49,Yes,No,DSL,No,Yes,Yes,Yes,No,No,One year,Yes,Credit card (automatic),73.43,3655.31,0,No
3261-HA,Female,0,No,No,44,Yes,No,Fiber optic,No,No,Yes,Yes,Yes,No,Month-to-month,No,Electronic check,96.83,4278.21,1,No
1238-TR,Female,0,No,No,31,Yes,Yes,DSL,Yes,No,No,Yes,No,No,Month-to-month,Yes,Mailed check,65.7,2064.69,1,No
2386-YJ,Male,0,No,Yes,48,Yes,Yes,DSL,No,No,No,No,No,No,One year,Yes,Electronic check,41.06,1875.93,2,No
2667-ED,Male,0,No,No,26,Yes,No,Fiber optic,Yes,Yes,No,Yes,No,No,One year,No,Electronic check,86.42,2240.12,1,No
8756-YM,Male,0,Yes,No,70,Yes,No,Fiber optic,No,No,Yes,Yes,No,No,Month-to-month,No,Credit card (automatic),83.74,5896.84,3,No
2425-XB,Male,0,Yes,No,12,Yes,Yes,No,No internet service,No internet service,No internet service,No internet service,No internet service,No internet service,Month-to-month,Yes,Electronic check,18.5,274.99,0,No
4247-AZ,Male,1,No,No,45,No,No phone service,Fiber optic,No,No,Yes,No,No,Yes,Month-to-month,Yes,Credit card (automatic),73.85,3403.44,0,No
2490-IC,Female,0,Yes,No,8,Yes,Yes,DSL,No,Yes,No,Yes,Yes,No,Two year,Yes,Electronic check,69.15,520.36,1,No
4064-GJ,Male,0,No,No,9,Yes,No,DSL,No,No,Yes,No,No,Yes,One year,Yes,Bank transfer (automatic),64.9,565.87,4,Yes
1832-JU,Male,0,No,Yes,1,Yes,Yes,Fiber optic,Yes,Yes,Yes,No,No,No,Month-to-month,Yes,Mailed check,93.97,67.9,2,Yes
3440-OO,Male,1,Yes,No,5,Yes,No,Fiber optic,Yes,Yes,No,No,Yes,Yes,Month-to-month,Yes,Bank transfer (automatic),107.64,505.21,1,Yes
1440-EI,Male,0,No,No,71,Yes,Yes,Fiber optic,No,No,No,No,No,No,Month-to-month,No,Bank transfer (automatic),65.57,4674.9,2,No
3367-IW,Male,0,No,No,54,Yes,Yes,DSL,No,No,No,Yes,Yes,No,Month-to-month,Yes,Bank transfer (automatic),62.45,3382.21,6,No
6190-XW,Male,0,Yes,Yes,24,Yes,Yes,Fiber optic,Yes,No,No,Yes,Yes,No,Month-to-month,No,Electronic check,90.08,2203.16,1,No
5331-YI,Male,1,Yes,No,26,Yes,No,Fiber optic,No,No,No,No,Yes,Yes,Month-to-month,No,Bank transfer (automatic),90.53,2265.47,1,Yes
4262-IQ,Male,0,No,No,10,Yes,No,Fiber optic,Yes,Yes,No,Yes,No,Yes,Two year,No,Bank transfer (automatic),98.96,962.52,2,No
5320-SF,Female,0,No,No,61,Yes,Yes,No,No internet service,No internet service,No internet service,No internet service,No internet service,No internet service,One year,No,Credit card (automatic),20.3,1320.18,2,No
8972-BI,Female,0,No,No,40,No,No phone service,Fiber optic,No,No,Yes,No,Yes,Yes,One year,No,Electronic check,81.63,3275.42,1,Yes
4133-ZN,Male,0,Yes,No,44,Yes,No,Fiber optic,No,No,No,No,Yes,Yes,One year,Yes,Bank transfer (automatic),87.78,3849.11,1,No
3211-DU,Female,1,Yes,No,12,Yes,No,DSL,Yes,Yes,Yes,Yes,Yes,Yes,One year,Yes,Electronic check,98.72,1214.86,1,No
2689-DP,Female,0,No,No,22,No,No phone service,DSL,Yes,Yes,Yes,No,No,No,Month-to-month,No,Bank transfer (automatic),56.06,1180.8,0,No
8764-DP,Female,0,Yes,Yes,27,Yes,Yes,No,No internet service,No internet service,No internet service,No internet service,No internet service,No internet service,Month-to-month,Yes,Mailed check,24.99,739.03,1,No
4541-LP,Female,0,No,Yes,67,Yes,Yes,DSL,No,No,No,Yes,Yes,Yes,Month-to-month,Yes,Electronic check,76.01,5076.31,2,Yes
1818-HF,Female,1,Yes,Yes,69,Yes,No,Fiber optic,Yes,Yes,Yes,No,No,Yes,Month-to-month,No,Electronic check,97.96,6666.26,2,No
5521-ER,Female,0,Yes,Yes,14,Yes,No,No,No internet service,No internet service,No internet service,No internet service,No internet service,No internet service,Month-to-month,Yes,Bank transfer (automatic),20.06,347.99,0,No
6641-JG,Male,0,Yes,Yes,25,Yes,Yes,DSL,No,Yes,Yes,No,No,No,Month-to-month,Yes,Credit card (automatic),58.8,1525.7,1,Yes
3001-AG,Male,0,Yes,No,52,Yes,No,DSL,No,Yes,Yes,No,Yes,No,One year,Yes,Mailed check,78.78,4075.51,1,No
8232-OD,Female,0,No,No,59,Yes,No,Fiber optic,No,No,No,No,No,Yes,Month-to-month,No,Bank transfer (automatic),77.43,4625.89,3,No
7331-TJ,Male,0,Yes,No,38,Yes,No,DSL,Yes,Yes,No,No,No,No,Month-to-month,No,Credit card (automatic),60.95,2357.99,2,No
7523-NP,Female,0,Yes,No,20,Yes,Yes,DSL,No,No,Yes,No,No,No,Two year,No,Bank transfer (automatic),48.46,1044.65,2,No
9736-BG,Male,0,Yes,No,20,Yes,Yes,Fiber optic,No,Yes,Yes,Yes,No,Yes,Month-to-month,Yes,Bank transfer (automatic),100.37,2002.86,0,No
9974-QW,Male,1,No,No,56,Yes,Yes,Fiber optic,No,No,Yes,Yes,Yes,Yes,One year,Yes,Mailed check,105.42,5912.85,3,No
6615-MK,Male,0,No,Yes,30,No,No phone service,Fiber optic,No,Yes,Yes,No,No,Yes,One year,Yes,Electronic check,83.38,2584.54,2,Yes
3956-NK,Female,0,Yes,No,41,Yes,No,Fiber optic,No,No,No,Yes,Yes,No,Month-to-month,Yes,Credit card (automatic),86.51,3422.15,1,No
6087-CQ,Male,0,Yes,No,71,No,No phone service,DSL,No,No,No,No,Yes,No,Month-to-month,Yes,Electronic check,44.75,3164.94,1,No
7458-RE,Male,0,No,No,63,Yes,Yes,DSL,Yes,Yes,No,No,No,Yes,Two year,No,Electronic check,74.72,4764.27,2,No
7853-QK,Female,0,No,No,69,Yes,No,DSL,Yes,Yes,No,No,Yes,Yes,One year,No,Credit card (automatic),83.39,5699.03,0,No
4091-PI,Female,0,Yes,No,29,Yes,No,Fiber optic,No,Yes,Yes,No,Yes,Yes,Month-to-month,No,Credit card (automatic),105.26,3061.18,1,Yes
8297-EA,Male,0,Yes,No,44,Yes,Yes,No,No internet service,No internet service,No internet service,No internet service,No internet service,No internet service,Two year,No,Credit card (automatic),18.6,796.55,0,No
4203-DV,Female,1,No,No,57,Yes,Yes,No,No internet service,No internet service,No internet service,No internet service,No internet service,No internet service,Month-to-month,Yes,Mailed check,18.5,992.94,5,No
1889-YC,Male,0,No,No,24,Yes,No,DSL,No,Yes,Yes,No,No,No,Month-to-month,Yes,Electronic check,62.33,1475.54,3,No
8382-LJ,Male,0,No,Yes,19,Yes,No,DSL,No,No,No,No,Yes,Yes,One year,Yes,Credit card (automatic),70.91,1356.99,2,Yes
1801-KJ,Female,1,Yes,No,17,Yes,No,DSL,No,No,No,Yes,Yes,No,Two year,Yes,Credit card (automatic),70.73,1246.98,3,No
4349-FR,Female,0,Yes,No,69,No,No phone service,Fiber optic,No,Yes,No,No,No,Yes,Month-to-month,Yes,Electronic check,75.5,5309.09,3,No
4201-BJ,Male,0,Yes,No,61,Yes,No,Fiber optic,No,No,No,No,No,No,One year,Yes,Credit card (automatic),59.52,3604.4,0,Yes
1583-PR,Female,0,Yes,No,4,Yes,Yes,Fiber optic,No,Yes,No,No,Yes,Yes,Two year,No,Electronic check,95.53,410.27,2,No
7028-OU,Male,0,No,Yes,22,Yes,No,No,No internet service,No internet service,No internet service,No internet service,No internet service,No internet service,One year,No,Credit card (automatic),22.61,561.64,2,No
8083-HJ,Female,0,Yes,No,6,Yes,No,Fiber optic,Yes,Yes,Yes,No,Yes,Yes,Month-to-month,Yes,Credit card (automatic),112.65,694.58,1,Yes
4185-SO,Female,0,No,No,30,No,No phone service,DSL,No,No,No,No,Yes,No,Two year,Yes,Bank transfer (automatic),44.86,1297.77,2,No
6285-KU,Female,0,Yes,No,11,Yes,Yes,DSL,No,No,No,No,Yes,No,Two year,Yes,Mailed check,51.61,625.45,1,No
9490-TT,Female,0,Yes,No,48,Yes,Yes,DSL,No,Yes,No,No,Yes,Yes,One year,Yes,Electronic check,73.28,3589.52,2,No
1788-RY,Female,1,No,No,46,Yes,Yes,Fiber optic,No,No,No,No,Yes,Yes,One year,No,Electronic check,87.75,4073.16,1,No
3889-BZ,Male,0,No,No,27,Yes,Yes,Fiber optic,Yes,No,No,No,No,Yes,Month-to-month,Yes,Mailed check,85.18,2280.26,0,Yes
4272-NS,Male,1,No,No,19,Yes,No,DSL,No,No,Yes,Yes,No,No,Month-to-month,No,Electronic check,65.75,1245.06,4,Yes
7902-DF,Male,0,Yes,No,59,No,No phone service,DSL,No,Yes,No,No,No,No,One year,Yes,Bank transfer (automatic),40.64,2297.52,1,No
7745-OP,Female,0,Yes,Yes,68,Yes,No,DSL,No,No,Yes,No,Yes,No,Month-to-month,No,Electronic check,61.02,4162.54,2,No
5240-SS,Male,0,Yes,No,54,No,No phone service,DSL,No,No,No,No,No,Yes,Two year,Yes,Electronic check,44.88,2476.88,0,No
2861-KP,Male,0,Yes,Yes,17,Yes,Yes,Fiber optic,No,Yes,Yes,No,No,No,Two year,Yes,Mailed check,83.21,1356.95,0,No
8581-YH,Female,0,Yes,No,50,Yes,No,Fiber optic,No,No,No,Yes,No,No,Month-to-month,No,Electronic check,77.99,3902.17,0,No
2098-GZ,Female,1,No,No,40,Yes,Yes,Fiber optic,No,No,Yes,No,No,No,One year,Yes,Mailed check,76.55,3032.67,0,No
5663-VY,Female,0,Yes,Yes,11,Yes,No,DSL,No,No,Yes,Yes,Yes,Yes,Month-to-month,Yes,Mailed check,83.96,992.34,3,No
7302-ZJ,Male,0,No,No,14,Yes,No,Fiber optic,No,No,Yes,No,Yes,No,Month-to-month,Yes,Electronic check,80.55,1168.69,2,Yes
1680-DW,Male,0,Yes,Yes,13,Yes,No,Fiber optic,No,Yes,Yes,No,Yes,No,One year,Yes,Credit card (automatic),89.24,1213.72,3,No
7668-YB,Female,0,No,No,28,Yes,Yes,Fiber optic,Yes,No,No,No,Yes,Yes,Month-to-month,Yes,Mailed check,102.03,2860.21,1,Yes
3191-IM,Male,1,Yes,No,44,Yes,Yes,DSL,No,Yes,Yes,No,No,Yes,Two year,Yes,Credit card (automatic),65.69,2915.61,1,No
8586-IM,Male,0,Yes,Yes,63,Yes,Yes,Fiber optic,No,No,Yes,No,No,Yes,Two year,Yes,Credit card (automatic),87.67,5466.15,0,No
3846-UV,Female,0,No,Yes,61,Yes,Yes,Fiber optic,Yes,Yes,No,No,No,Yes,Month-to-month,Yes,Credit card (automatic),86.35,5269.15,1,Yes
5922-IP,Male,0,Yes,No,17,Yes,No,No,No internet service,No internet service,No internet service,No internet service,No internet service,No internet service,One year,Yes,Electronic check,18.5,274.44,2,No
4167-VH,Female,0,No,No,50,Yes,Yes,Fiber optic,Yes,Yes,No,Yes,Yes,Yes,Month-to-month,No,Electronic check,112.4,5578.68,1,No
7521-EI,Male,0,No,Yes,26,Yes,No,DSL,No,Yes,No,No,Yes,Yes,Month-to-month,Yes,Bank transfer (automatic),75.95,1920.12,1,No
3024-JW,Female,0,No,No,7,Yes,No,DSL,No,No,Yes,Yes,Yes,Yes,One year,No,Mailed check,81.89,508.26,0,No
2155-CJ,Male,0,No,Yes,16,Yes,Yes,DSL,No,Yes,No,No,Yes,Yes,Two year,Yes,Bank transfer (automatic),76.14,1186.57,1,No
8086-KN,Male,0,Yes,No,17,Yes,Yes,DSL,Yes,No,No,No,Yes,No,Two year,No,Credit card (automatic),58.56,1011.99,0,No
4621-LM,Female,0,No,No,35,Yes,No,DSL,No,No,No,No,No,Yes,Month-to-month,Yes,Electronic check,56.85,1987.36,2,Yes
3511-CB,Female,0,Yes,Yes,23,Yes,Yes,DSL,No,Yes,No,No,Yes,No,Month-to-month,No,Bank transfer (automatic),61.45,1502.56,0,Yes
8848-CR,Female,0,Yes,Yes,69,Yes,Yes,No,No internet service,No internet service,No internet service,No internet service,No internet service,No internet service,Month-to-month,No,Bank transfer (automatic),18.5,1336.19,0,No
2293-BQ,Female,0,Yes,No,9,Yes,No,Fiber optic,No,No,Yes,Yes,No,No,Two year,Yes,Credit card (automatic),79.48,747.54,0,No
4175-JZ,Male,0,Yes,Yes,18,Yes,No,Fiber optic,No,No,No,No,No,No,One year,Yes,Electronic check,65.34,1196.23,1,No
9444-SH,Female,1,Yes,Yes,48,Yes,No,DSL,Yes,No,Yes,No,Yes,Yes,Two year,No,Mailed check,87.93,4197.12,2,No
6255-CC,Female,0,No,No,72,Yes,No,DSL,Yes,Yes,No,No,No,Yes,Month-to-month,Yes,Credit card (automatic),71.3,5189.03,4,No
2259-VQ,Female,0,No,No,66,Yes,No,DSL,Yes,No,Yes,No,No,No,Month-to-month,Yes,Credit card (automatic),62.26,4087.44,4,No
5323-QN,Female,0,No,No,23,Yes,Yes,Fiber optic,No,No,No,No,No,Yes,One year,Yes,Bank transfer (automatic),72.37,1689.35,5,No
3568-UL,Female,1,Yes,No,10,Yes,No,DSL,No,Yes,No,Yes,Yes,No,Two year,Yes,Electronic check,72.31,807.91,3,No
8844-KT,Male,0,No,No,38,Yes,No,DSL,No,Yes,No,No,No,Yes,Month-to-month,Yes,Credit card (automatic),67.7,2524.49,2,No
3338-UO,Female,1,Yes,No,59,Yes,No,DSL,No,No,No,No,Yes,No,Two year,Yes,Mailed check,56.92,3322.22,3,No
5810-TH,Female,0,Yes,No,68,Yes,No,Fiber optic,No,No,No,No,Yes,Yes,One year,No,Credit card (automatic),86.44,5814.55,0,No
8171-LH,Female,0,No,No,43,Yes,No,DSL,No,Yes,No,Yes,No,Yes,Month-to-month,Yes,Credit card (automatic),72.98,3057.14,1,No
1869-OL,Male,0,No,No,12,Yes,No,DSL,No,No,No,No,No,No,One year,Yes,Credit card (automatic),42.62,515.32,1,No
9627-TD,Male,0,Yes,No,53,Yes,Yes,Fiber optic,No,Yes,Yes,No,No,No,Month-to-month,No,Electronic check,83.05,4441.53,1,Yes
7794-MI,Male,0,No,Yes,14,Yes,No,Fiber optic,No,Yes,Yes,No,No,No,Month-to-month,No,Mailed check,78.96,1150.96,2,No
4587-LI,Female,0,No,Yes,52,No,No phone service,DSL,No,No,Yes,No,Yes,Yes,Month-to-month,Yes,Electronic check,63.22,3259.9,1,Yes
1076-PZ,Female,1,No,Yes,72,Yes,Yes,Fiber optic,Yes,Yes,Yes,Yes,Yes,Yes,One year,Yes,Credit card (automatic),118.9,8597.51,1,No
9297-MG,Male,0,No,No,61,Yes,No,DSL,No,Yes,No,Yes,No,No,Month-to-month,No,Bank transfer (automatic),66.11,4098.51,0,No
3873-SX,Male,0,No,No,41,Yes,No,No,No internet service,No internet service,No internet service,No internet service,No internet service,No internet service,Month-to-month,Yes,Electronic check,19.05,840.42,1,No
8024-MM,Female,0,No,Yes,21,Yes,No,Fiber optic,No,No,Yes,No,No,Yes,One year,Yes,Electronic check,83.93,1699.09,0,Yes
1244-BJ,Female,0,Yes,No,48,Yes,No,Fiber optic,No,Yes,No,No,No,Yes,Month-to-month,Yes,Bank transfer (automatic),81.1,3868.13,1,No
8737-IA,Female,0,Yes,No,56,Yes,Yes,DSL,Yes,Yes,No,Yes,Yes,No,One year,Yes,Bank transfer (automatic),83.31,4669.54,3,No
9333-PT,Male,0,Yes,No,35,Yes,No,Fiber optic,No,No,Yes,Yes,Yes,Yes,One year,No,Electronic check,105.03,3651.67,2,No
8310-AQ,Female,0,No,No,44,No,No phone service,Fiber optic,No,Yes,Yes,Yes,No,Yes,Two year,Yes,Mailed check,87.84,3819.96,6,No
8325-MO,Female,0,No,No,39,Yes,Yes,Fiber optic,Yes,No,Yes,Yes,No,Yes,One year,No,Credit card (automatic),103.34,4103.4,1,No
9847-BQ,Male,0,No,No,15,Yes,Yes,Fiber optic,No,No,No,Yes,No,Yes,One year,No,Electronic check,85.08,1254.36,4,Yes
9234-HT,Male,0,No,No,12,Yes,Yes,DSL,No,No,No,No,No,Yes,One year,Yes,Electronic check,60.96,711.52,4,No
6122-LT,Male,0,Yes,No,8,Yes,Yes,DSL,Yes,No,No,Yes,No,No,Month-to-month,Yes,Bank transfer (automatic),55.03,481.38,4,No
8631-UQ,Female,1,Yes,No,67,Yes,Yes,Fiber optic,No,No,No,Yes,Yes,Yes,Month-to-month,No,Bank transfer (automatic),97.93,6529.15,1,Yes
3110-KQ,Male,0,Yes,No,1,Yes,Yes,DSL,Yes,No,No,No,No,Yes,One year,No,Electronic check,63.92,53.11,4,No
8413-AL,Male,0,No,No,42,Yes,No,DSL,Yes,Yes,Yes,Yes,No,Yes,One year,No,Credit card (automatic),86.17,3561.57,0,No
6646-RW,Female,0,Yes,Yes,31,Yes,No,Fiber optic,No,No,Yes,No,Yes,Yes,Month-to-month,No,Mailed check,100.54,3164.98,0,Yes
5701-AM,Female,1,Yes,No,30,Yes,No,DSL,No,No,No,No,No,No,One year,No,Credit card (automatic),45.75,1393.57,3,Yes
3877-OG,Male,0,Yes,Yes,43,Yes,Yes,Fiber optic,No,No,Yes,Yes,No,Yes,Month-to-month,Yes,Mailed check,93.04,4101.39,3,Yes
6390-TJ,Female,0,Yes,Yes,26,Yes,Yes,Fiber optic,Yes,No,No,No,Yes,Yes,One year,No,Mailed check,101.8,2653.5,2,No
9749-FN,Male,0,Yes,Yes,12,Yes,Yes,Fiber optic,No,No,Yes,Yes,No,No,Month-to-month,Yes,Electronic check,81.34,1057.44,0,Yes
5023-YV,Female,1,Yes,No,59,No,No phone service,Fiber optic,No,No,Yes,No,No,Yes,Month-to-month,No,Credit card (automatic),72.92,4305.62,2,Yes
1939-KY,Female,0,No,Yes,69,Yes,No,Fiber optic,Yes,No,Yes,No,Yes,Yes,Two year,Yes,Electronic check,105.29,7298.0,3,No
9853-TA,Male,0,Yes,No,11,Yes,Yes,Fiber optic,No,No,No,No,Yes,No,One year,Yes,Electronic check,67.32,773.99,2,No
6985-YW,Male,0,No,No,47,Yes,No,DSL,No,No,Yes,Yes,Yes,No,Two year,Yes,Electronic check,74.65,3548.44,2,No
2156-WY,Male,1,Yes,No,23,Yes,Yes,No,No internet service,No internet service,No internet service,No internet service,No internet service,No internet service,Month-to-month,Yes,Bank transfer (automatic),18.62,458.71,2,No
2543-PV,Female,0,No,No,43,Yes,Yes,Fiber optic,No,No,No,No,Yes,Yes,Two year,Yes,Bank transfer (automatic),84.56,3654.6,1,Yes
6295-MT,Male,0,No,Yes,39,Yes,Yes,Fiber optic,No,No,No,Yes,Yes,No,One year,Yes,Electronic check,86.05,3371.27,2,No
6902-AV,Female,0,No,No,55,Yes,No,DSL,Yes,No,No,No,Yes,Yes,One year,Yes,Bank transfer (automatic),77.75,4326.12,0,No
6221-VN,Female,0,No,Yes,18,Yes,Yes,DSL,Yes,No,No,No,Yes,No,Month-to-month,Yes,Electronic check,70.24,1260.08,1,Yes
9529-CJ,Male,0,No,No,42,Yes,No,No,No internet service,No internet service,No internet service,No internet service,No internet service,No internet service,Month-to-month,Yes,Electronic check,18.5,766.52,1,Yes
5144-GO,Female,0,No,Yes,26,Yes,No,No,No internet service,No internet service,No internet service,No internet service,No internet service,No internet service,One year,Yes,Credit card (automatic),20.49,501.52,2,No
1730-YK,Female,1,No,No,18,Yes,No,Fiber optic,No,No,No,No,No,No,One year,No,Bank transfer (automatic),66.22,1184.42,1,Yes
2648-EG,Male,0,No,Yes,41,Yes,No,No,No internet service,No internet service,No internet service,No internet service,No internet service,No internet service,Month-to-month,No,Bank transfer (automatic),20.65,884.0,0,No
3130-YX,Female,1,Yes,No,42,Yes,Yes,DSL,No,Yes,Yes,No,Yes,No,Month-to-month,Yes,Electronic check,71.49,3010.67,2,Yes
5366-CO,Female,0,No,Yes,33,Yes,Yes,DSL,Yes,Yes,Yes,No,Yes,No,One year,No,Electronic check,79.67,2683.91,3,Yes
3916-WL,Male,0,No,No,43,Yes,Yes,Fiber optic,No,Yes,Yes,Yes,Yes,No,Month-to-month,No,Electronic check,96.16,4113.44,2,No
4229-TE,Male,0,Yes,No,14,Yes,Yes,DSL,No,Yes,No,No,Yes,No,One year,Yes,Electronic check,66.52,918.37,1,No
7265-IG,Female,0,No,No,55,Yes,Yes,DSL,No,Yes,No,No,Yes,No,Month-to-month,Yes,Mailed check,67.03,3635.95,1,Yes
3689-WW,Female,1,No,No,58,Yes,No,Fiber optic,No,Yes,Yes,No,Yes,Yes,Month-to-month,Yes,Mailed check,101.58,5927.82,1,Yes
3810-UP,Female,0,No,No,10,Yes,Yes,Fiber optic,No,Yes,Yes,No,Yes,No,Month-to-month,Yes,Mailed check,90.27,808.84,3,Yes
7152-MS,Female,0,No,Yes,28,Yes,No,DSL,Yes,Yes,Yes,No,Yes,Yes,Month-to-month,Yes,Mailed check,89.02,2559.78,1,No
8999-TQ,Male,0,Yes,No,14,Yes,Yes,Fiber optic,No,Yes,No,No,No,No,One year,No,Electronic check,66.38,983.67,0,No
4621-DA,Female,0,Yes,Yes,26,Yes,Yes,Fiber optic,No,No,No,No,No,No,Month-to-month,No,Bank transfer (automatic),66.37,1801.48,3,No
6310-SI,Female,0,Yes,No,17,Yes,No,Fiber optic,No,Yes,Yes,Yes,No,Yes,Month-to-month,No,Electronic check,99.39,1707.42,1,Yes
1652-HW,Female,0,Yes,Yes,34,Yes,No,Fiber optic,No,No,No,No,Yes,Yes,Two year,Yes,Bank transfer (automatic),90.71,3206.25,2,No
9812-OK,Female,0,Yes,No,14,Yes,No,No,No internet service,No internet service,No internet service,No internet service,No internet service,No internet service,Month-to-month,Yes,Bank transfer (automatic),20.68,345.64,1,No
2645-DA,Male,0,No,No,26,No,No phone service,Fiber optic,Yes,No,No,Yes,Yes,Yes,Month-to-month,Yes,Bank transfer (automatic),92.85,2463.67,1,No
5759-DS,Female,0,Yes,No,34,Yes,No,DSL,No,No,No,No,Yes,Yes,One year,No,Mailed check,67.72,2324.64,1,No
4688-JD,Male,0,Yes,No,24,No,No phone service,DSL,No,Yes,Yes,No,No,No,Month-to-month,Yes,Electronic check,49.65,1124.85,1,Yes
5243-IM,Male,0,Yes,Yes,70,Yes,No,DSL,No,No,No,No,Yes,Yes,Month-to-month,No,Credit card (automatic),64.57,4520.45,3,No
7507-KL,Male,0,No,Yes,20,Yes,No,DSL,No,No,No,Yes,No,No,Month-to-month,Yes,Credit card (automatic),58.22,1148.23,3,Yes
9593-LP,Male,1,Yes,No,39,Yes,Yes,DSL,Yes,Yes,Yes,No,No,No,Month-to-month,No,Bank transfer (automatic),67.97,2642.84,0,Yes
4923-YL,Male,0,Yes,No,45,Yes,Yes,DSL,No,No,No,No,Yes,No,Month-to-month,Yes,Credit card (automatic),54.32,2441.35,1,Yes
6912-KI,Female,0,Yes,No,34,Yes,No,Fiber optic,No,No,No,No,Yes,No,Two year,Yes,Credit card (automatic),74.72,2578.5,2,No
7449-YC,Male,0,Yes,No,22,Yes,No,DSL,Yes,No,No,Yes,Yes,No,Month-to-month,Yes,Mailed check,72.4,1598.66,0,No
5784-NA,Male,0,No,No,71,Yes,No,DSL,No,No,No,Yes,No,No,One year,Yes,Electronic check,53.4,3736.54,1,No
2232-YH,Male,0,Yes,Yes,33,Yes,No,DSL,No,No,Yes,No,No,No,Month-to-month,No,Electronic check,49.53,1562.8,0,Yes
9808-CS,Female,0,No,No,6,Yes,No,DSL,No,No,No,No,Yes,No,One year,Yes,Mailed check,57.8,381.43,0,No
8446-IV,Male,0,Yes,No,16,Yes,Yes,DSL,No,Yes,Yes,No,No,Yes,Month-to-month,Yes,Bank transfer (automatic),71.2,1097.18,1,Yes
4677-RP,Female,0,No,No,72,Yes,Yes,DSL,No,No,No,No,No,No,One year,Yes,Mailed check,48.3,3387.93,2,No
9480-BN,Male,1,Yes,No,23,Yes,No,Fiber optic,No,No,No,No,Yes,Yes,Month-to-month,No,Mailed check,84.25,1940.21,0,Yes
1256-ZZ,Male,1,Yes,Yes,18,Yes,No,DSL,No,Yes,No,No,No,No,Two year,Yes,Electronic check,54.64,1010.97,0,Yes
2423-OZ,Female,0,No,No,14,No,No phone service,Fiber optic,No,No,No,Yes,No,Yes,Month-to-month,Yes,Bank transfer (automatic),79.01,1109.82,3,Yes
3990-LP,Female,0,Yes,No,50,Yes,Yes,Fiber optic,No,Yes,Yes,No,No,Yes,Two year,Yes,Electronic check,97.51,4844.3,2,No
5365-XO,Female,0,No,Yes,61,Yes,No,DSL,No,Yes,No,No,Yes,No,Month-to-month,Yes,Credit card (automatic),68.89,4290.5,2,Yes
6302-OS,Male,0,Yes,Yes,36,Yes,No,DSL,Yes,No,No,No,No,No,One year,Yes,Electronic check,51.22,1785.39,0,No
2306-JC,Female,0,No,No,15,Yes,No,Fiber optic,Yes,Yes,No,No,Yes,No,Month-to-month,Yes,Bank transfer (automatic),91.79,1399.89,2,No
1496-HW,Female,0,No,No,5,Yes,Yes,Fiber optic,No,No,No,No,Yes,No,Month-to-month,Yes,Bank transfer (automatic),88.19,468.47,1,Yes
1909-UJ,Female,0,No,Yes,53,Yes,Yes,No,No internet service,No internet service,No internet service,No internet service,No internet service,No internet service,One year,No,Credit card (automatic),18.5,992.76,0,No
7236-AD,Female,0,Yes,No,48,Yes,Yes,DSL,Yes,Yes,Yes,No,No,Yes,Month-to-month,Yes,Mailed check,83.0,4006.82,7,No
3431-AQ,Female,0,Yes,Yes,11,Yes,No,DSL,Yes,Yes,No,No,Yes,Yes,Month-to-month,Yes,Mailed check,85.38,989.56,2,No
2695-TO,Male,1,No,No,2,Yes,Yes,DSL,Yes,No,Yes,No,No,No,Month-to-month,No,Electronic check,60.81,91.53,1,Yes
1780-BS,Female,0,No,Yes,24,Yes,Yes,Fiber optic,No,No,Yes,Yes,No,Yes,Month-to-month,No,Credit card (automatic),94.34,2288.91,3,Yes
9855-MX,Male,1,Yes,No,68,Yes,No,Fiber optic,No,No,No,No,Yes,Yes,One year,Yes,Mailed check,86.69,5887.57,1,No
1010-VO,Female,0,No,Yes,12,Yes,No,No,No internet service,No internet service,No internet service,No internet service,No internet service,No internet service,Month-to-month,Yes,Credit card (automatic),21.03,212.44,1,No
3825-II,Female,1,Yes,No,59,Yes,No,No,No internet service,No internet service,No internet service,No internet service,No internet service,No internet service,Two year,No,Electronic check,18.5,1038.64,2,No
8195-AQ,Male,0,No,Yes,67,Yes,No,Fiber optic,Yes,No,Yes,No,No,No,Two year,No,Mailed check,81.32,5433.82,0,No
2789-RO,Male,0,Yes,No,32,Yes,No,DSL,No,Yes,Yes,No,No,Yes,Month-to-month,No,Mailed check,68.94,2227.07,2,No
5838-QF,Male,0,No,Yes,36,Yes,Yes,DSL,No,No,No,No,Yes,Yes,Month-to-month,Yes,Mailed check,70.49,2527.17,2,No
5299-UN,Male,0,No,Yes,21,Yes,No,Fiber optic,No,No,Yes,No,Yes,No,Two year,Yes,Electronic check,82.5,1761.08,0,Yes
8083-WJ,Female,0,No,No,70,Yes,Yes,Fiber optic,No,No,Yes,No,No,Yes,Month-to-month,No,Electronic check,84.63,5956.99,4,No
4406-GZ,Male,0,No,No,66,Yes,No,Fiber optic,No,No,Yes,No,No,Yes,Month-to-month,Yes,Mailed check,81.0,5336.97,2,No
1104-JJ,Female,0,Yes,Yes,9,Yes,Yes,DSL,No,No,No,No,No,No,Two year,Yes,Bank transfer (automatic),40.56,389.83,1,No
4567-GE,Female,0,No,Yes,44,Yes,Yes,Fiber optic,Yes,Yes,Yes,No,No,Yes,One year,Yes,Bank transfer (automatic),95.6,4324.26,3,Yes
6873-KO,Female,0,No,Yes,59,Yes,No,Fiber optic,Yes,Yes,No,No,Yes,No,One year,No,Electronic check,88.65,5281.93,3,No
6844-TE,Male,0,No,No,24,Yes,No,DSL,No,No,Yes,No,Yes,No,Month-to-month,No,Mailed check,67.92,1545.1,4,Yes
7475-DO,Male,0,No,No,63,Yes,Yes,Fiber optic,No,No,Yes,No,No,No,Month-to-month,No,Mailed check,72.39,4654.07,1,No
9283-WM,Male,1,No,No,41,Yes,No,DSL,Yes,No,No,No,No,Yes,Month-to-month,Yes,Bank transfer (automatic),63.2,2627.42,0,No
4239-LV,Female,0,Yes,No,2,Yes,No,Fiber optic,No,Yes,Yes,No,Yes,Yes,Month-to-month,No,Electronic check,100.1,157.85,3,Yes
5537-ZA,Male,0,No,No,28,Yes,No,No,No internet service,No internet service,No internet service,No internet service,No internet service,No internet service,Month-to-month,No,Bank transfer (automatic),18.5,494.46,4,No
9469-QY,Male,1,Yes,No,16,No,No phone service,Fiber optic,No,No,No,No,No,Yes,One year,No,Electronic check,71.96,1212.55,4,No
8741-RK,Female,0,Yes,No,59,Yes,Yes,DSL,No,Yes,Yes,Yes,No,Yes,Month-to-month,Yes,Electronic check,84.48,5012.94,0,No
3513-GR,Male,0,No,No,1,Yes,No,Fiber optic,No,Yes,No,No,Yes,No,Month-to-month,Yes,Electronic check,83.63,117.88,1,Yes
7981-GW,Female,0,Yes,Yes,1,Yes,Yes,DSL,No,No,No,No,Yes,Yes,Month-to-month,Yes,Electronic check,72.3,28.3,3,Yes
7229-JK,Male,0,Yes,No,31,Yes,Yes,DSL,No,No,Yes,Yes,No,Yes,Two year,Yes,Credit card (automatic),78.35,2418.02,4,No
1364-IG,Male,0,Yes,No,22,Yes,No,DSL,No,Yes,Yes,Yes,Yes,No,One year,No,Mailed check,76.01,1650.0,1,No
8436-ZC,Male,0,Yes,No,59,Yes,No,Fiber optic,No,No,No,No,Yes,Yes,One year,Yes,Bank transfer (automatic),90.06,5354.0,1,No
9160-UT,Male,0,No,Yes,28,Yes,No,Fiber optic,No,Yes,No,No,No,No,One year,Yes,Bank transfer (automatic),71.02,1992.29,2,No
4873-YC,Male,0,No,No,27,Yes,No,Fiber optic,No,No,No,Yes,No,Yes,Month-to-month,Yes,Bank transfer (automatic),83.81,2269.06,1,Yes
1773-MU,Female,0,Yes,No,1,No,No phone service,DSL,Yes,No,Yes,No,No,Yes,Two year,Yes,Credit card (automatic),63.65,71.21,2,No
1352-TS,Male,1,Yes,No,2,Yes,Yes,DSL,No,Yes,No,No,Yes,No,Month-to-month,Yes,Electronic check,65.26,115.86,1,Yes
6344-UV,Male,0,Yes,No,66,No,No phone service,No,No internet service,No internet service,No internet service,No internet service,No internet service,No internet service,Month-to-month,Yes,Electronic check,18.5,1160.67,2,No
1481-ON,Male,1,Yes,No,49,Yes,No,DSL,No,Yes,No,No,No,Yes,Two year,Yes,Credit card (automatic),65.23,3234.5,1,No
7802-KO,Male,0,No,No,19,Yes,No,DSL,No,No,No,Yes,No,No,Month-to-month,No,Credit card (automatic),53.41,1041.09,1,Yes
7533-TI,Male,0,Yes,No,28,Yes,Yes,DSL,No,Yes,Yes,No,No,Yes,Two year,No,Mailed check,73.19,2046.99,1,No
8012-TB,Male,0,No,No,70,No,No phone service,DSL,No,Yes,Yes,No,Yes,Yes,Month-to-month,No,Bank transfer (automatic),74.2,5192.84,2,No
6329-WS,Male,0,Yes,No,39,No,No phone service,Fiber optic,No,Yes,No,Yes,No,No,Month-to-month,No,Electronic check,74.22,2876.21,1,No
6192-UX,Female,0,Yes,No,19,Yes,No,Fiber optic,No,Yes,No,No,Yes,Yes,Two year,No,Bank transfer (automatic),102.02,1990.03,2,No
4770-FN,Female,0,Yes,No,64,Yes,Yes,Fiber optic,No,Yes,No,No,No,Yes,Two year,Yes,Bank transfer (automatic),80.3,5150.96,3,No
2879-MK,Male,0,Yes,No,58,No,No phone service,Fiber optic,No,No,No,No,Yes,No,Two year,Yes,Electronic check,70.69,4070.97,1,No
9978-UZ,Female,0,No,No,17,Yes,No,Fiber optic,No,No,Yes,No,No,Yes,Month-to-month,No,Credit card (automatic),82.34,1414.69,4,No
8378-XZ,Male,0,Yes,No,70,Yes,Yes,DSL,No,No,Yes,No,No,Yes,One year,Yes,Electronic check,61.79,4279.12,0,No
4756-NX,Female,0,Yes,Yes,41,Yes,No,Fiber optic,No,No,No,Yes,Yes,Yes,Month-to-month,Yes,Credit card (automatic),102.49,4187.01,4,Yes
6392-DL,Male,0,No,Yes,5,Yes,Yes,Fiber optic,Yes,No,Yes,No,No,No,One year,Yes,Credit card (automatic),78.79,403.78,3,No
4052-DJ,Male,0,No,Yes,23,Yes,Yes,DSL,No,No,No,No,Yes,No,One year,Yes,Credit card (automatic),48.4,1135.35,1,No
6086-CO,Female,0,Yes,No,69,Yes,No,DSL,No,Yes,No,Yes,No,No,Two year,Yes,Mailed check,55.5,3799.42,2,No
4160-QF,Male,0,No,No,10,Yes,No,Fiber optic,No,No,No,No,No,Yes,Two year,No,Electronic check,78.23,761.34,3,No
9903-CY,Female,0,Yes,Yes,68,Yes,No,DSL,No,Yes,Yes,Yes,Yes,No,Month-to-month,Yes,Electronic check,78.83,5362.08,0,No
8313-VA,Male,0,No,No,12,Yes,Yes,No,No internet service,No internet service,No internet service,No internet service,No internet service,No internet service,Month-to-month,Yes,Electronic check,19.18,176.91,1,Yes
6308-PG,Male,0,Yes,Yes,10,Yes,No,Fiber optic,No,No,No,Yes,No,No,Month-to-month,Yes,Bank transfer (automatic),73.69,690.2,2,Yes
4574-DI,Male,1,No,Yes,60,Yes,Yes,No,No internet service,No internet service,No internet service,No internet service,No internet service,No internet service,Month-to-month,Yes,Credit card (automatic),18.5,1096.29,0,No
8986-OH,Male,0,No,No,30,No,No phone service,Fiber optic,No,Yes,Yes,No,No,No,Month-to-month,No,Electronic check,72.72,2124.18,2,Yes
9741-RS,Female,0,Yes,No,24,Yes,No,Fiber optic,Yes,Yes,Yes,No,Yes,Yes,Month-to-month,Yes,Credit card (automatic),114.68,2743.92,0,Yes
6769-FN,Male,1,No,No,69,Yes,No,DSL,No,Yes,No,No,Yes,Yes,One year,No,Mailed check,82.6,5707.26,2,No
4240-SE,Female,1,No,No,13,Yes,No,DSL,Yes,No,No,No,No,Yes,Month-to-month,Yes,Electronic check,62.58,758.24,3,Yes
1886-GS,Female,1,No,No,9,Yes,No,Fiber optic,No,No,No,Yes,Yes,No,Month-to-month,Yes,Bank transfer (automatic),84.75,767.08,2,Yes
5382-TZ,Male,0,No,Yes,18,Yes,No,DSL,No,Yes,No,No,Yes,Yes,Month-to-month,No,Credit card (automatic),73.95,1251.84,1,Yes
8727-MH,Male,0,Yes,Yes,35,Yes,Yes,No,No internet service,No internet service,No internet service,No internet service,No internet service,No internet service,Month-to-month,Yes,Electronic check,19.5,680.62,1,No
3597-ID,Female,0,Yes,No,4,Yes,No,DSL,No,Yes,No,Yes,Yes,No,Month-to-month,No,Credit card (automatic),76.11,301.11,2,Yes
5890-KE,Female,0,No,No,41,Yes,No,Fiber optic,No,No,Yes,No,No,Yes,One year,Yes,Mailed check,81.62,3339.94,0,No
8952-TG,Male,0,No,No,26,Yes,No,Fiber optic,No,Yes,No,No,No,No,One year,Yes,Electronic check,70.99,1915.1,1,No
1986-OY,Female,0,Yes,No,44,Yes,No,DSL,No,No,Yes,No,No,Yes,Two year,Yes,Mailed check,66.37,2982.55,0,Yes
8758-NM,Female,1,Yes,Yes,42,Yes,Yes,No,No internet service,No internet service,No internet service,No internet service,No internet service,No internet service,Two year,No,Bank transfer (automatic),18.5,713.15,3,No
1906-MZ,Female,0,No,No,10,Yes,Yes,DSL,No,No,Yes,Yes,Yes,No,Month-to-month,No,Electronic check,74.02,754.57,2,No
4413-XI,Male,0,No,No,1,Yes,No,Fiber optic,No,No,No,Yes,No,No,Month-to-month,No,Electronic check,73.59,44.08,1,Yes
8939-QN,Female,0,No,No,54,Yes,Yes,Fiber optic,No,No,Yes,Yes,Yes,Yes,One year,No,Bank transfer (automatic),110.44,6003.5,3,No
4081-IY,Female,0,Yes,No,16,Yes,Yes,DSL,Yes,No,No,Yes,Yes,Yes,Month-to-month,Yes,Electronic check,93.68,1477.04,5,Yes
3933-WN,Female,0,No,No,46,Yes,No,DSL,No,Yes,No,Yes,No,Yes,Month-to-month,Yes,Bank transfer (automatic),74.65,3464.87,2,No
9633-YO,Female,0,No,No,13,Yes,No,DSL,Yes,Yes,No,Yes,No,No,Month-to-month,Yes,Electronic check,70.71,937.62,0,Yes
2559-NP,Male,1,No,No,64,Yes,No,DSL,Yes,No,No,Yes,Yes,No,Month-to-month,Yes,Bank transfer (automatic),74.82,4770.69,4,No
6830-DR,Male,0,No,No,55,Yes,Yes,DSL,No,No,No,No,Yes,No,Month-to-month,Yes,Mailed check,57.34,3137.75,1,No
2690-EF,Female,0,No,Yes,63,Yes,No,DSL,No,Yes,No,Yes,Yes,Yes,Two year,Yes,Credit card (automatic),87.65,5543.72,2,No
9282-GO,Female,1,Yes,No,18,Yes,No,Fiber optic,No,Yes,Yes,Yes,No,Yes,Month-to-month,Yes,Mailed check,100.53,1820.47,1,No
2088-XD,Female,0,Yes,No,61,Yes,Yes,DSL,No,Yes,No,No,No,Yes,One year,No,Electronic check,68.77,4133.62,2,No
8928-AK,Male,0,No,No,20,Yes,No,No,No internet service,No internet service,No internet service,No internet service,No internet service,No internet service,One year,No,Bank transfer (automatic),19.46,483.34,2,No
5490-JQ,Male,0,Yes,Yes,65,Yes,Yes,Fiber optic,Yes,No,No,No,No,Yes,Month-to-month,No,Bank transfer (automatic),86.71,5667.58,1,Yes
4747-XO,Female,0,Yes,Yes,64,Yes,Yes,DSL,Yes,No,Yes,Yes,Yes,No,One year,No,Mailed check,79.7,5110.37,1,No
9431-UM,Female,0,No,Yes,64,Yes,No,Fiber optic,No,Yes,Yes,No,Yes,No,One year,Yes,Bank transfer (automatic),94.95,6113.27,1,Yes
8432-KK,Male,0,No,No,13,Yes,Yes,Fiber optic,No,Yes,Yes,No,No,Yes,Month-to-month,Yes,Mailed check,88.43,1095.1,0,No
5725-FM,Female,1,No,Yes,68,Yes,No,DSL,Yes,Yes,No,Yes,No,No,Month-to-month,Yes,Electronic check,69.91,4693.36,3,No
9759-VE,Female,0,No,No,70,Yes,No,Fiber optic,Yes,Yes,No,No,No,No,One year,Yes,Electronic check,79.64,5501.48,2,No
8002-RT,Male,0,Yes,No,57,Yes,No,Fiber optic,No,Yes,No,No,No,No,Month-to-month,Yes,Mailed check,72.36,4028.36,1,No
9831-OZ,Male,0,No,No,45,No,No phone service,Fiber optic,No,Yes,No,No,Yes,No,Month-to-month,Yes,Credit card (automatic),69.87,3151.47,0,Yes
5537-DB,Male,0,Yes,No,38,Yes,Yes,Fiber optic,No,No,No,No,No,Yes,Month-to-month,No,Mailed check,79.31,2995.88,0,Yes
3985-PJ,Male,0,No,No,54,Yes,No,Fiber optic,No,Yes,No,No,No,Yes,Two year,Yes,Mailed check,77.01,4168.52,2,No
5593-QU,Male,0,Yes,No,36,Yes,No,DSL,No,No,Yes,Yes,No,Yes,Month-to-month,Yes,Credit card (automatic),73.06,2626.34,1,No
7203-MA,Female,1,Yes,No,67,Yes,No,DSL,No,Yes,No,Yes,Yes,Yes,Month-to-month,Yes,Credit card (automatic),80.28,5437.24,0,No
9768-OA,Male,0,No,Yes,11,Yes,Yes,Fiber optic,No,No,Yes,No,Yes,Yes,Month-to-month,No,Electronic check,94.92,1041.59,0,Yes
1037-YZ,Male,0,Yes,No,27,Yes,No,DSL,Yes,Yes,Yes,Yes,Yes,No,Month-to-month,No,Electronic check,86.53,2259.39,1,No
9652-AE,Male,0,No,No,17,Yes,No,Fiber optic,No,No,Yes,No,Yes,Yes,One year,Yes,Bank transfer (automatic),94.9,1584.06,2,No
2832-YQ,Male,0,Yes,No,33,Yes,Yes,Fiber optic,No,Yes,Yes,No,No,Yes,Month-to-month,Yes,Bank transfer (automatic),97.05,3322.87,2,Yes
6167-HQ,Male,0,Yes,No,5,Yes,No,DSL,No,No,No,No,Yes,No,Two year,Yes,Mailed check,59.3,252.06,2,No
5151-AL,Male,1,Yes,No,62,Yes,Yes,DSL,Yes,Yes,No,No,Yes,No,Month-to-month,No,Credit card (automatic),71.98,4489.65,1,No
2751-FY,Female,0,No,No,65,Yes,Yes,DSL,No,Yes,No,Yes,No,No,One year,Yes,Mailed check,61.79,4070.79,0,No
8616-YA,Male,0,Yes,No,71,No,No phone service,Fiber optic,No,No,No,Yes,Yes,No,Month-to-month,Yes,Electronic check,71.64,5101.27,0,No
1671-JJ,Female,1,Yes,No,67,Yes,Yes,DSL,No,No,No,No,Yes,No,One year,Yes,Mailed check,49.52,3248.78,3,No
3096-SK,Female,0,No,Yes,44,Yes,Yes,DSL,No,No,No,Yes,No,No,One year,No,Credit card (automatic),58.3,2559.51,2,No
3460-RB,Male,1,Yes,Yes,14,Yes,Yes,DSL,No,No,Yes,No,No,No,Month-to-month,Yes,Electronic check,52.75,660.44,2,Yes
2975-QN,Male,0,Yes,No,57,Yes,Yes,Fiber optic,No,No,No,No,No,Yes,One year,Yes,Credit card (automatic),80.7,4642.17,2,No
5515-QQ,Female,0,No,No,48,Yes,Yes,Fiber optic,Yes,No,No,Yes,No,No,Month-to-month,Yes,Credit card (automatic),82.86,3978.09,1,Yes
5939-TR,Female,0,Yes,Yes,17,Yes,Yes,DSL,Yes,Yes,No,No,Yes,Yes,One year,Yes,Mailed check,84.76,1532.89,1,No
7786-KY,Female,0,Yes,No,44,Yes,Yes,DSL,No,No,No,No,No,Yes,Month-to-month,Yes,Electronic check,56.71,2524.68,0,Yes
1976-RE,Male,0,No,No,4,Yes,Yes,Fiber optic,No,No,No,Yes,No,Yes,One year,Yes,Electronic check,90.79,243.01,1,Yes
1045-JO,Female,0,No,No,30,Yes,No,No,No internet service,No internet service,No internet service,No internet service,No internet service,No internet service,Month-to-month,No,Electronic check,18.5,536.43,0,Yes
5512-PK,Male,0,No,No,55,Yes,No,DSL,No,Yes,Yes,No,No,No,One year,Yes,Bank transfer (automatic),60.93,3256.85,3,No
1246-TF,Male,0,No,No,30,Yes,No,Fiber optic,No,No,No,No,Yes,Yes,Two year,Yes,Electronic check,89.69,2765.09,1,No
9983-VP,Female,0,Yes,No,18,Yes,Yes,DSL,No,Yes,No,No,No,Yes,Month-to-month,Yes,Credit card (automatic),67.89,1158.89,2,Yes
5183-XI,Male,0,No,No,44,Yes,Yes,DSL,No,Yes,No,No,No,Yes,Two year,No,Mailed check,70.17,3133.77,1,No
6845-LQ,Male,0,No,No,62,Yes,Yes,Fiber optic,No,Yes,Yes,No,Yes,Yes,One year,Yes,Credit card (automatic),98.15,6123.58,6,No
4644-OS,Female,0,No,No,31,Yes,Yes,DSL,Yes,Yes,Yes,No,Yes,No,One year,Yes,Credit card (automatic),76.03,2326.65,1,No
3108-ZL,Female,0,Yes,No,16,Yes,No,Fiber optic,Yes,Yes,Yes,No,No,Yes,Month-to-month,No,Credit card (automatic),101.89,1689.41,1,Yes
7957-IM,Male,0,No,No,23,Yes,No,DSL,Yes,No,No,No,No,No,Month-to-month,No,Mailed check,53.42,1235.25,1,Yes
4900-NU,Female,0,Yes,No,14,Yes,Yes,Fiber optic,No,Yes,Yes,No,Yes,Yes,Month-to-month,No,Mailed check,104.5,1583.85,0,Yes
8939-TW,Male,1,No,No,2,Yes,Yes,DSL,No,No,No,Yes,No,Yes,Month-to-month,Yes,Credit card (automatic),63.98,59.32,1,No
5568-KP,Female,0,Yes,No,12,Yes,No,DSL,No,No,Yes,No,Yes,Yes,Two year,No,Bank transfer (automatic),76.05,978.44,2,No
2845-WQ,Female,0,No,No,58,Yes,No,DSL,Yes,No,No,No,No,No,Month-to-month,Yes,Mailed check,47.64,2793.69,4,No
8069-CI,Female,1,No,No,56,Yes,Yes,Fiber optic,No,Yes,Yes,No,No,No,One year,Yes,Credit card (automatic),76.17,4223.76,5,No
2509-VU,Female,1,Yes,No,24,No,No phone service,DSL,No,Yes,Yes,No,No,Yes,Month-to-month,No,Electronic check,65.43,1641.51,0,No
2578-PS,Male,0,No,No,37,Yes,Yes,DSL,No,Yes,No,No,No,No,Two year,No,Credit card (automatic),49.64,1799.27,4,No
8714-DP,Female,0,No,No,29,Yes,No,DSL,Yes,Yes,Yes,No,Yes,Yes,Month-to-month,No,Electronic check,94.59,2814.73,1,Yes
5431-UZ,Male,0,No,No,42,Yes,Yes,Fiber optic,No,Yes,No,Yes,No,Yes,Month-to-month,No,Bank transfer (automatic),91.29,3781.54,1,Yes
4960-DS,Male,0,Yes,No,18,Yes,No,Fiber optic,No,No,No,No,No,Yes,One year,Yes,Bank transfer (automatic),77.07,1406.1,1,Yes
5217-QM,Female,1,No,Yes,3,Yes,Yes,DSL,Yes,Yes,Yes,No,No,Yes,One year,No,Bank transfer (automatic),79.71,247.43,1,Yes
8833-VW,Female,0,No,Yes,13,Yes,Yes,Fiber optic,Yes,No,Yes,No,No,No,Two year,No,Mailed check,77.37,1111.15,2,No
4641-XA,Female,0,Yes,No,29,Yes,Yes,Fiber optic,No,No,Yes,Yes,No,No,One year,Yes,Mailed check,83.22,2412.65,1,No
4499-DK,Female,0,No,Yes,66,No,No phone service,Fiber optic,No,Yes,No,Yes,Yes,No,Month-to-month,Yes,Bank transfer (automatic),88.32,5746.26,4,No
9080-HF,Female,0,No,No,59,No,No phone service,DSL,No,No,No,No,Yes,No,Two year,Yes,Bank transfer (automatic),49.19,2888.3,3,No
7604-KP,Male,0,No,Yes,48,Yes,Yes,DSL,No,No,No,No,Yes,Yes,Month-to-month,No,Electronic check,65.38,3075.71,1,Yes
2025-JL,Female,0,Yes,No,4,Yes,No,Fiber optic,Yes,No,No,No,Yes,Yes,Month-to-month,Yes,Electronic check,97.91,491.64,1,Yes
1071-KJ,Male,0,Yes,No,51,Yes,Yes,DSL,No,Yes,Yes,No,No,Yes,Two year,No,Bank transfer (automatic),74.93,3815.36,2,No
8372-YQ,Male,0,No,No,5,Yes,Yes,DSL,No,No,No,No,Yes,No,One year,Yes,Electronic check,55.15,230.37,1,No
3022-XC,Male,0,No,No,39,Yes,No,Fiber optic,No,No,No,No,Yes,Yes,Two year,No,Credit card (automatic),89.66,3476.97,1,No
4741-TM,Male,0,No,No,41,Yes,Yes,DSL,No,Yes,No,No,Yes,No,Month-to-month,No,Credit card (automatic),61.47,2614.27,0,No
2298-GI,Female,0,Yes,Yes,5,No,No phone service,DSL,Yes,Yes,No,No,Yes,No,One year,No,Mailed check,60.08,385.8,2,No
4026-MV,Female,0,Yes,No,8,Yes,Yes,Fiber optic,Yes,No,Yes,Yes,No,Yes,One year,No,Mailed check,100.12,830.07,0,Yes
5711-VR,Male,1,No,Yes,56,Yes,Yes,DSL,Yes,No,Yes,No,Yes,No,Month-to-month,Yes,Mailed check,72.57,4017.59,2,No
3620-WB,Male,0,No,Yes,25,Yes,Yes,Fiber optic,No,No,No,Yes,Yes,No,Month-to-month,Yes,Electronic check,89.85,2247.15,2,Yes
8345-RK,Female,0,Yes,Yes,52,Yes,No,No,No internet service,No internet service,No internet service,No internet service,No internet service,No internet service,Month-to-month,Yes,Bank transfer (automatic),19.12,945.95,0,Yes
4872-NP,Male,0,No,Yes,52,Yes,Yes,Fiber optic,No,Yes,No,Yes,Yes,No,Month-to-month,No,Credit card (automatic),92.24,4826.82,3,No
8690-AG,Female,0,Yes,No,7,Yes,No,Fiber optic,Yes,Yes,No,No,Yes,Yes,One year,No,Electronic check,107.58,703.81,0,Yes
5092-PN,Male,0,Yes,No,61,Yes,No,Fiber optic,No,No,Yes,No,Yes,Yes,Month-to-month,Yes,Mailed check,95.22,5863.47,0,Yes
3666-PS,Female,0,Yes,No,47,Yes,No,Fiber optic,No,No,No,No,No,No,Month-to-month,Yes,Credit card (automatic),67.28,3125.65,1,No
6968-ZF,Male,0,No,No,66,Yes,No,DSL,Yes,No,No,No,No,Yes,Month-to-month,Yes,Credit card (automatic),62.1,4101.69,3,No
4888-IR,Male,0,No,Yes,59,Yes,Yes,DSL,No,Yes,Yes,Yes,No,Yes,Two year,No,Mailed check,79.94,4736.43,3,No
6899-WV,Male,0,Yes,No,5,Yes,No,No,No internet service,No internet service,No internet service,No internet service,No internet service,No internet service,One year,Yes,Electronic check,24.47,112.28,3,Yes
7005-EK,Female,0,No,No,44,Yes,No,Fiber optic,No,No,No,No,No,Yes,Two year,Yes,Electronic check,72.32,3226.95,2,No
8226-DC,Female,0,Yes,No,42,Yes,No,DSL,No,No,No,No,No,Yes,Two year,Yes,Bank transfer (automatic),56.78,2387.52,2,No
5311-WY,Female,0,No,Yes,61,Yes,No,Fiber optic,No,No,Yes,No,Yes,Yes,Two year,Yes,Electronic check,92.36,5628.64,4,No
9848-GZ,Male,0,No,No,63,Yes,Yes,DSL,No,Yes,Yes,No,No,No,Month-to-month,No,Bank transfer (automatic),60.53,3823.88,1,No
7083-WM,Male,0,Yes,Yes,50,Yes,Yes,Fiber optic,No,No,No,Yes,Yes,Yes,One year,Yes,Mailed check,99.85,5005.95,0,No
4019-AU,Male,0,Yes,No,38,Yes,Yes,No,No internet service,No internet service,No internet service,No internet service,No internet service,No internet service,Month-to-month,Yes,Electronic check,18.5,737.67,1,No
9146-UT,Male,0,No,No,54,Yes,No,Fiber optic,Yes,No,No,No,No,Yes,Two year,Yes,Electronic check,84.14,4430.15,2,No
5019-CQ,Male,0,No,No,44,Yes,No,Fiber optic,Yes,No,No,No,No,No,Two year,Yes,Bank transfer (automatic),67.71,3032.06,3,No
1671-JH,Male,1,Yes,Yes,24,Yes,No,Fiber optic,No,Yes,No,No,No,No,Month-to-month,Yes,Electronic check,72.36,1706.83,1,Yes
4022-ED,Female,0,No,Yes,63,Yes,No,Fiber optic,No,Yes,Yes,No,No,Yes,One year,Yes,Mailed check,92.69,5766.21,0,No
2074-UD,Female,0,No,Yes,39,Yes,Yes,No,No internet service,No internet service,No internet service,No internet service,No internet service,No internet service,Two year,Yes,Mailed check,22.5,814.83,2,No
7763-CJ,Female,0,No,Yes,12,Yes,Yes,DSL,Yes,No,No,No,Yes,Yes,Month-to-month,Yes,Bank transfer (automatic),80.09,1031.37,3,Yes
7327-WR,Male,0,Yes,Yes,63,Yes,No,DSL,No,No,No,Yes,Yes,Yes,Month-to-month,No,Mailed check,79.69,5051.6,0,No
3176-CU,Female,0,No,No,9,Yes,No,Fiber optic,No,No,No,Yes,No,Yes,Month-to-month,No,Credit card (automatic),83.12,644.13,4,Yes
3233-LA,Male,1,No,No,22,Yes,No,No,No internet service,No internet service,No internet service,No internet service,No internet service,No internet service,One year,Yes,Credit card (automatic),21.4,476.92,3,No
8234-ES,Male,0,No,Yes,36,No,No phone service,Fiber optic,Yes,Yes,No,No,Yes,Yes,Two year,No,Credit card (automatic),95.97,3430.06,1,No
1600-AD,Female,0,No,No,28,Yes,Yes,Fiber optic,No,Yes,No,No,Yes,No,Month-to-month,No,Electronic check,85.32,2385.38,1,Yes
5284-ZZ,Male,0,Yes,No,56,Yes,No,Fiber optic,No,No,No,Yes,No,Yes,Two year,Yes,Credit card (automatic),83.41,4577.28,2,No
5483-QN,Male,0,No,No,29,No,No phone service,Fiber optic,No,No,No,No,No,Yes,Month-to-month,No,Mailed check,68.91,2022.07,1,Yes
7129-AV,Male,1,Yes,No,5,Yes,Yes,Fiber optic,No,No,Yes,No,No,Yes,One year,Yes,Credit card (automatic),90.63,479.81,1,Yes
5482-WU,Male,0,Yes,Yes,4,Yes,Yes,DSL,Yes,Yes,No,Yes,Yes,No,Two year,No,Credit card (automatic),87.07,339.75,0,No
8400-WD,Male,1,No,No,51,Yes,Yes,DSL,Yes,No,No,No,Yes,Yes,Two year,No,Credit card (automatic),80.63,4108.18,0,No
8396-KU,Female,0,No,No,15,Yes,Yes,Fiber optic,No,Yes,Yes,No,Yes,No,Month-to-month,No,Bank transfer (automatic),89.4,1296.37,2,Yes
6241-CF,Female,0,Yes,No,60,Yes,Yes,DSL,No,Yes,Yes,No,No,No,Two year,No,Electronic check,55.96,3343.42,2,No
5695-KI,Male,0,No,No,26,Yes,Yes,No,No internet service,No internet service,No internet service,No internet service,No internet service,No internet service,Month-to-month,No,Credit card (automatic),18.5,543.0,2,No
3588-OW,Male,0,Yes,No,23,Yes,No,DSL,No,No,Yes,No,No,Yes,Month-to-month,No,Mailed check,64.58,1472.51,1,No
6947-CA,Female,1,Yes,No,29,Yes,No,DSL,No,No,No,Yes,No,No,One year,Yes,Credit card (automatic),57.01,1703.48,0,No
4218-NQ,Female,0,Yes,Yes,57,Yes,Yes,DSL,No,No,No,No,Yes,No,Month-to-month,Yes,Credit card (automatic),59.58,3367.78,1,No
3837-NQ,Female,0,No,No,62,Yes,Yes,No,No internet service,No internet service,No internet service,No internet service,No internet service,No internet service,Month-to-month,No,Credit card (automatic),18.67,1167.63,1,No
8034-NL,Male,0,No,No,59,No,No phone service,DSL,No,Yes,No,No,Yes,Yes,Two year,Yes,Electronic check,63.81,3775.09,1,No
5239-AM,Female,1,Yes,No,48,Yes,No,Fiber optic,Yes,Yes,No,No,Yes,No,Month-to-month,Yes,Bank transfer (automatic),89.87,4298.23,1,No
5150-SF,Female,1,Yes,Yes,35,Yes,No,DSL,No,No,No,Yes,Yes,No,Month-to-month,Yes,Electronic check,64.03,2316.41,2,No
2446-AA,Male,0,No,No,46,Yes,No,Fiber optic,No,No,No,No,Yes,Yes,Two year,No,Credit card (automatic),92.96,4298.31,3,No
7468-FP,Male,0,No,Yes,33,Yes,No,DSL,Yes,No,Yes,No,Yes,No,Month-to-month,No,Bank transfer (automatic),69.93,2354.38,0,No
6080-PN,Female,0,Yes,No,71,Yes,Yes,DSL,Yes,Yes,No,Yes,Yes,No,Two year,No,Bank transfer (automatic),83.67,5898.62,1,No
1864-MT,Male,0,No,No,10,Yes,No,DSL,No,Yes,Yes,No,Yes,No,Two year,Yes,Credit card (automatic),63.86,722.75,0,No
9663-JI,Female,0,No,No,48,Yes,No,Fiber optic,No,Yes,No,Yes,Yes,Yes,One year,No,Electronic check,105.85,5066.78,2,No
2502-MC,Female,0,Yes,No,44,No,No phone service,DSL,Yes,No,No,No,Yes,Yes,Month-to-month,Yes,Electronic check,64.2,2869.23,3,No
4770-RT,Male,0,Yes,No,70,Yes,No,DSL,Yes,No,No,Yes,No,Yes,One year,Yes,Electronic check,65.22,4543.33,1,No
5001-QS,Male,0,No,No,63,Yes,No,DSL,No,Yes,No,No,Yes,Yes,Month-to-month,Yes,Electronic check,71.38,4454.95,0,No
1598-MM,Female,0,Yes,No,49,Yes,Yes,DSL,No,No,No,No,Yes,Yes,Month-to-month,Yes,Electronic check,68.51,3429.86,2,No
4041-AX,Male,0,No,No,72,Yes,Yes,Fiber optic,Yes,No,Yes,No,No,Yes,One year,No,Bank transfer (automatic),94.23,6756.1,1,No
8287-CG,Male,0,Yes,No,41,Yes,Yes,DSL,No,No,No,Yes,No,No,Month-to-month,No,Mailed check,56.17,2315.51,0,No
3750-VM,Male,0,No,No,39,Yes,Yes,Fiber optic,No,Yes,Yes,No,Yes,No,Month-to-month,Yes,Credit card (automatic),95.47,3690.64,1,Yes
7806-RX,Male,0,Yes,No,23,Yes,No,Fiber optic,Yes,No,No,No,Yes,No,Month-to-month,No,Mailed check,82.86,1806.01,2,No
7452-GA,Male,0,No,No,13,Yes,No,Fiber optic,Yes,No,No,No,No,No,One year,Yes,Electronic check,73.65,964.08,2,No
7107-HO,Male,0,No,No,53,Yes,No,DSL,Yes,No,No,No,No,No,Month-to-month,No,Credit card (automatic),56.55,3076.24,2,No
5019-DB,Male,0,No,Yes,70,Yes,Yes,Fiber optic,No,Yes,No,Yes,No,No,Month-to-month,Yes,Electronic check,85.15,5918.6,2,No
4012-AY,Female,0,Yes,Yes,57,Yes,No,Fiber optic,Yes,No,No,No,Yes,Yes,Month-to-month,Yes,Electronic check,99.54,5639.12,1,Yes
8973-BZ,Male,0,No,No,67,Yes,Yes,Fiber optic,No,Yes,Yes,No,No,No,Two year,Yes,Bank transfer (automatic),82.46,5533.01,2,No
8961-AD,Female,0,No,No,48,No,No phone service,DSL,No,No,Yes,Yes,Yes,No,Two year,No,Electronic check,63.4,3057.99,1,No
7655-ZA,Male,0,No,No,20,No,No phone service,DSL,Yes,No,No,Yes,Yes,No,Month-to-month,Yes,Electronic check,63.68,1244.41,0,Yes
9480-HT,Female,0,Yes,No,62,No,No phone service,DSL,Yes,No,No,Yes,Yes,Yes,Month-to-month,Yes,Bank transfer (automatic),72.94,4456.29,1,No
1527-UM,Male,0,No,Yes,45,Yes,Yes,No,No internet service,No internet service,No internet service,No internet service,No internet service,No internet service,Month-to-month,No,Electronic check,18.5,853.88,0,No
4574-XZ,Female,0,No,Yes,63,Yes,No,Fiber optic,No,Yes,No,Yes,Yes,No,Month-to-month,Yes,Electronic check,93.76,5877.93,1,No
6206-RT,Male,0,Yes,Yes,8,No,No phone service,DSL,Yes,No,No,Yes,No,Yes,One year,No,Bank transfer (automatic),59.48,519.45,1,No
8209-LA,Female,0,Yes,No,26,No,No phone service,DSL,Yes,No,No,No,No,No,Month-to-month,No,Mailed check,46.55,1164.81,2,No
3888-CS,Male,1,Yes,Yes,38,Yes,Yes,DSL,Yes,No,No,No,No,Yes,Month-to-month,No,Credit card (automatic),65.27,2459.51,0,No
7249-SP,Male,0,Yes,No,41,Yes,No,No,No internet service,No internet service,No internet service,No internet service,No internet service,No internet service,Month-to-month,No,Electronic check,24.33,951.28,4,No
2495-RN,Female,0,No,No,2,Yes,Yes,Fiber optic,No,No,Yes,Yes,No,No,Two year,Yes,Mailed check,80.07,159.05,2,Yes
1892-CB,Female,0,No,No,7,No,No phone service,Fiber optic,No,Yes,No,No,Yes,Yes,Month-to-month,Yes,Electronic check,85.29,557.3,1,Yes
6873-XI,Male,0,Yes,Yes,25,Yes,No,Fiber optic,Yes,No,No,No,No,Yes,Month-to-month,No,Mailed check,83.03,2105.46,3,Yes
1897-GP,Female,1,No,No,51,Yes,No,Fiber optic,No,No,No,Yes,No,Yes,One year,Yes,Mailed check,83.34,4242.02,1,No
3686-US,Female,0,Yes,No,50,Yes,Yes,DSL,Yes,Yes,Yes,No,Yes,Yes,One year,Yes,Bank transfer (automatic),90.7,4547.02,0,No
8768-OV,Male,0,Yes,No,64,Yes,Yes,DSL,No,No,Yes,Yes,Yes,No,Month-to-month,Yes,Bank transfer (automatic),74.94,4805.85,3,No
5512-UG,Female,0,Yes,No,12,Yes,Yes,DSL,No,Yes,Yes,Yes,No,No,One year,Yes,Electronic check,66.98,752.66,0,Yes
3515-HJ,Male,0,Yes,No,53,Yes,Yes,No,No internet service,No internet service,No internet service,No internet service,No internet service,No internet service,Month-to-month,No,Electronic check,21.29,1214.08,2,Yes
6640-YY,Female,0,No,No,10,Yes,No,DSL,Yes,Yes,Yes,No,No,Yes,One year,Yes,Electronic check,76.11,824.76,0,No
1992-BS,Male,0,Yes,Yes,61,Yes,No,DSL,No,Yes,No,No,No,Yes,Month-to-month,Yes,Credit card (automatic),59.34,3580.33,2,No
2773-TJ,Female,0,No,No,55,Yes,No,Fiber optic,Yes,No,No,Yes,Yes,Yes,Two year,No,Bank transfer (automatic),108.78,5912.91,0,No
4816-JF,Male,0,Yes,No,68,Yes,No,No,No internet service,No internet service,No internet service,No internet service,No internet service,No internet service,Month-to-month,Yes,Credit card (automatic),24.61,1665.1,1,No
3576-YF,Male,0,No,No,42,Yes,No,Fiber optic,No,Yes,No,No,No,Yes,Month-to-month,No,Bank transfer (automatic),85.76,3556.73,2,No
9899-TC,Female,0,No,Yes,66,Yes,No,DSL,No,No,No,Yes,No,Yes,Two year,No,Credit card (automatic),61.49,4039.11,1,No
6969-ZX,Female,0,Yes,No,44,Yes,No,No,No internet service,No internet service,No internet service,No internet service,No internet service,No internet service,Two year,No,Bank transfer (automatic),19.35,834.46,1,No
7883-HQ,Male,0,Yes,Yes,28,Yes,No,Fiber optic,Yes,No,Yes,No,No,No,One year,No,Electronic check,77.92,2104.32,1,No
1734-EM,Male,0,Yes,No,58,No,No phone service,Fiber optic,No,No,No,No,Yes,Yes,Month-to-month,Yes,Bank transfer (automatic),79.19,4534.73,4,No
1632-AM,Female,0,No,Yes,2,Yes,No,No,No internet service,No internet service,No internet service,No internet service,No internet service,No internet service,Month-to-month,Yes,Bank transfer (automatic),18.5,18.5,0,Yes
5099-VZ,Female,0,Yes,No,55,Yes,No,DSL,Yes,No,No,No,Yes,Yes,One year,No,Electronic check,80.45,4458.06,2,No
6591-NC,Female,1,No,No,34,Yes,No,Fiber optic,No,No,No,No,Yes,Yes,Two year,Yes,Electronic check,88.04,2971.63,2,Yes
4872-WL,Female,0,Yes,No,20,Yes,No,Fiber optic,Yes,Yes,Yes,Yes,Yes,Yes,Month-to-month,Yes,Mailed check,118.9,2418.65,2,Yes
4082-XH,Female,0,Yes,No,47,No,No phone service,Fiber optic,No,No,No,No,No,No,Month-to-month,Yes,Bank transfer (automatic),56.96,2602.47,0,No
5261-VB,Female,0,Yes,Yes,26,Yes,Yes,DSL,No,No,Yes,No,No,Yes,Two year,No,Mailed check,63.36,1659.43,0,No
6138-TT,Male,0,Yes,Yes,1,Yes,Yes,DSL,No,No,No,Yes,No,Yes,One year,Yes,Mailed check,61.61,78.69,2,No
1544-JP,Female,0,No,No,65,Yes,No,Fiber optic,Yes,No,Yes,No,Yes,No,Two year,Yes,Mailed check,96.42,6274.05,0,No
3239-DK,Female,0,Yes,No,15,Yes,Yes,Fiber optic,No,No,No,No,Yes,Yes,Month-to-month,Yes,Electronic check,94.63,1451.33,1,Yes
9015-TA,Female,0,No,No,14,Yes,Yes,No,No internet service,No internet service,No internet service,No internet service,No internet service,No internet service,Month-to-month,No,Electronic check,18.5,220.57,2,Yes
4858-UV,Female,0,No,No,55,No,No phone service,Fiber optic,No,No,No,No,No,Yes,Month-to-month,No,Mailed check,63.23,3514.03,3,No
7152-IQ,Male,0,Yes,No,1,Yes,No,DSL,Yes,No,No,Yes,Yes,Yes,Month-to-month,Yes,Mailed check,90.23,49.87,2,Yes
5088-MH,Male,0,Yes,No,33,Yes,No,No,No internet service,No internet service,No internet service,No internet service,No internet service,No internet service,Month-to-month,No,Bank transfer (automatic),19.39,615.93,2,Yes
9399-RA,Male,0,Yes,No,70,Yes,Yes,Fiber optic,Yes,No,Yes,No,No,No,Month-to-month,Yes,Bank transfer (automatic),77.05,5421.12,1,No
5299-FI,Male,0,No,No,56,Yes,No,Fiber optic,No,No,No,No,No,Yes,One year,Yes,Credit card (automatic),73.41,4175.45,0,No
9118-EP,Female,0,Yes,No,23,Yes,Yes,No,No internet service,No internet service,No internet service,No internet service,No internet service,No internet service,Two year,No,Mailed check,22.61,438.59,1,No
8953-QR,Male,0,Yes,No,54,Yes,No,Fiber optic,No,No,No,No,Yes,Yes,Month-to-month,Yes,Electronic check,88.01,4697.73,0,No
2461-HC,Female,0,Yes,No,3,Yes,No,Fiber optic,No,No,No,No,No,Yes,Month-to-month,Yes,Electronic check,79.37,246.9,1,Yes
8192-ZE,Female,0,Yes,No,46,Yes,No,DSL,No,No,No,Yes,Yes,No,Month-to-month,No,Bank transfer (automatic),64.9,3040.55,1,No
5775-SR,Male,1,No,No,6,No,No phone service,No,No internet service,No internet service,No internet service,No internet service,No internet service,No internet service,Month-to-month,No,Electronic check,18.5,18.5,3,Yes
1689-UA,Male,0,No,No,25,Yes,Yes,DSL,No,Yes,Yes,No,Yes,No,Two year,Yes,Credit card (automatic),70.19,1656.2,2,No
7766-RY,Female,0,Yes,No,17,Yes,Yes,DSL,No,No,No,No,No,No,Month-to-month,No,Credit card (automatic),40.31,770.47,0,Yes
7142-PO,Male,0,No,No,28,Yes,Yes,Fiber optic,No,Yes,Yes,No,Yes,No,Month-to-month,Yes,Mailed check,90.61,2662.79,5,Yes
8205-IG,Male,0,No,Yes,32,Yes,Yes,Fiber optic,No,Yes,No,No,No,Yes,Two year,No,Bank transfer (automatic),81.46,2616.14,0,Yes
3484-PY,Female,1,Yes,Yes,23,Yes,No,DSL,Yes,Yes,Yes,No,Yes,Yes,Two year,Yes,Credit card (automatic),88.33,2007.19,1,No
4231-FV,Female,0,No,No,16,Yes,Yes,DSL,Yes,No,Yes,Yes,Yes,Yes,One year,Yes,Bank transfer (automatic),95.93,1526.24,0,Yes
9186-PT,Female,0,Yes,No,26,Yes,Yes,No,No internet service,No internet service,No internet service,No internet service,No internet service,No internet service,Month-to-month,No,Electronic check,19.67,426.28,1,No
7684-PL,Female,0,No,No,33,Yes,Yes,Fiber optic,No,Yes,No,No,No,Yes,Two year,No,Electronic check,77.55,2557.48,3,No
1656-EY,Female,1,No,Yes,58,No,No phone service,DSL,Yes,No,Yes,No,Yes,Yes,Month-to-month,No,Electronic check,73.33,4166.74,2,No
7839-EL,Male,0,No,No,48,Yes,Yes,Fiber optic,No,Yes,Yes,No,Yes,No,Two year,No,Credit card (automatic),94.53,4491.26,2,No
7312-CC,Female,0,Yes,Yes,55,Yes,No,Fiber optic,Yes,Yes,Yes,Yes,No,No,Month-to-month,No,Electronic check,99.99,5486.18,0,Yes
7176-YV,Female,0,No,No,41,Yes,Yes,DSL,No,Yes,No,Yes,No,No,Month-to-month,Yes,Mailed check,62.32,2566.42,0,No
6559-LI,Female,0,Yes,No,62,Yes,Yes,DSL,No,Yes,No,No,No,Yes,Two year,No,Electronic check,61.6,3870.6,3,No
5584-RR,Male,0,Yes,No,17,Yes,Yes,Fiber optic,No,No,Yes,No,Yes,Yes,Month-to-month,Yes,Credit card (automatic),96.39,1557.5,1,Yes
7182-DM,Female,0,No,No,59,No,No phone service,Fiber optic,Yes,No,Yes,No,No,Yes,Month-to-month,No,Mailed check,83.41,5061.41,1,Yes
2040-XB,Female,0,No,Yes,14,Yes,Yes,DSL,Yes,Yes,No,No,Yes,Yes,One year,Yes,Electronic check,89.4,1251.93,0,No
4629-CE,Male,1,Yes,Yes,21,Yes,Yes,Fiber optic,Yes,Yes,Yes,Yes,Yes,Yes,Two year,Yes,Credit card (automatic),117.16,2386.78,1,Yes
2677-CW,Female,0,No,Yes,63,Yes,No,DSL,Yes,No,No,No,Yes,No,Month-to-month,No,Credit card (automatic),63.39,4042.55,2,No
6873-MW,Female,0,Yes,Yes,46,No,No phone service,No,No internet service,No internet service,No internet service,No internet service,No internet service,No internet service,Month-to-month,Yes,Electronic check,18.5,875.5,0,No
2589-JY,Female,0,Yes,Yes,55,Yes,No,DSL,Yes,No,No,No,No,No,Month-to-month,No,Credit card (automatic),50.48,2722.6,0,No
5648-BW,Male,0,No,No,62,Yes,Yes,Fiber optic,No,No,No,No,Yes,No,Two year,Yes,Credit card (automatic),76.07,4665.97,4,No
8807-EV,Male,0,No,No,39,Yes,Yes,Fiber optic,No,Yes,No,No,Yes,No,One year,Yes,Bank transfer (automatic),82.38,3253.91,1,No
4683-QI,Female,0,Yes,No,42,Yes,No,Fiber optic,Yes,Yes,No,No,Yes,No,Month-to-month,Yes,Mailed check,95.83,3993.18,2,No
2971-BX,Female,0,No,Yes,48,Yes,No,DSL,No,Yes,No,No,Yes,Yes,One year,Yes,Electronic check,76.46,3621.5,2,No
5218-VK,Female,0,Yes,No,28,No,No phone service,DSL,Yes,Yes,Yes,No,No,Yes,Month-to-month,Yes,Mailed check,69.57,1952.69,2,No
2868-HA,Male,1,Yes,No,6,No,No phone service,No,No internet service,No internet service,No internet service,No internet service,No internet service,No internet service,One year,No,Mailed check,18.5,46.98,0,No
8632-LD,Male,0,Yes,Yes,59,Yes,Yes,DSL,Yes,No,No,Yes,Yes,Yes,Month-to-month,Yes,Bank transfer (automatic),83.55,5013.67,0,No
7092-IG,Male,0,No,No,70,Yes,Yes,Fiber optic,No,Yes,Yes,No,No,No,One year,Yes,Mailed check,82.61,5794.91,1,No
4542-XE,Male,0,No,No,39,Yes,Yes,DSL,No,No,No,No,Yes,No,Two year,Yes,Electronic check,58.4,2290.39,0,No
7212-QI,Male,0,Yes,No,57,Yes,No,DSL,No,No,No,No,Yes,No,Two year,No,Bank transfer (automatic),57.92,3232.82,3,No
7034-PU,Male,0,Yes,No,54,Yes,No,Fiber optic,No,Yes,No,No,No,Yes,Two year,No,Mailed check,87.16,4671.6,0,No
9457-PE,Female,0,No,No,60,Yes,No,DSL,Yes,No,No,No,Yes,Yes,Month-to-month,No,Credit card (automatic),75.66,4594.15,1,No
7476-MM,Male,1,No,No,17,Yes,Yes,No,No internet service,No internet service,No internet service,No internet service,No internet service,No internet service,One year,Yes,Bank transfer (automatic),24.85,388.73,4,No
5717-HK,Female,1,Yes,No,40,Yes,No,Fiber optic,Yes,Yes,No,No,No,No,Month-to-month,Yes,Bank transfer (automatic),78.91,3109.54,0,No
1209-XD,Male,0,Yes,Yes,66,Yes,No,No,No internet service,No internet service,No internet service,No internet service,No internet service,No internet service,Month-to-month,No,Mailed check,23.1,1476.8,4,No
1153-JA,Female,0,No,No,54,Yes,Yes,Fiber optic,Yes,No,No,Yes,Yes,Yes,One year,Yes,Credit card (automatic),102.66,5496.99,1,No
2284-MA,Male,0,No,No,71,Yes,No,DSL,No,No,Yes,Yes,Yes,No,Month-to-month,Yes,Electronic check,72.83,5170.82,1,No
6607-CC,Female,0,Yes,No,44,Yes,No,Fiber optic,No,No,No,No,Yes,Yes,Two year,Yes,Credit card (automatic),92.19,4019.23,0,No
3787-CO,Female,0,No,No,67,Yes,Yes,Fiber optic,Yes,Yes,No,No,Yes,No,Month-to-month,Yes,Credit card (automatic),92.9,6207.27,4,No
8399-CG,Female,0,Yes,No,57,No,No phone service,DSL,No,No,No,No,Yes,Yes,Month-to-month,No,Electronic check,63.42,3659.22,2,No
1849-KK,Male,0,Yes,Yes,36,Yes,Yes,Fiber optic,No,No,No,No,No,No,Month-to-month,No,Credit card (automatic),63.68,2292.01,1,Yes
3544-FH,Male,1,No,No,57,Yes,Yes,Fiber optic,No,Yes,No,No,No,No,Month-to-month,Yes,Mailed check,73.76,4282.07,0,Yes
2472-JY,Male,0,Yes,No,43,Yes,No,Fiber optic,No,Yes,Yes,No,Yes,Yes,Two year,Yes,Bank transfer (automatic),99.61,4245.75,1,No
6266-CD,Female,0,Yes,No,44,Yes,No,Fiber optic,Yes,Yes,Yes,No,No,Yes,Month-to-month,No,Credit card (automatic),100.86,4371.84,0,Yes
8978-OA,Female,0,No,No,62,Yes,No,Fiber optic,No,No,No,No,Yes,Yes,One year,Yes,Bank transfer (automatic),88.74,5559.69,1,Yes
5722-MZ,Female,0,No,Yes,61,Yes,Yes,DSL,No,No,Yes,No,No,Yes,Month-to-month,Yes,Electronic check,60.37,3694.59,1,No
9911-DA,Male,0,No,Yes,11,Yes,No,DSL,Yes,Yes,Yes,Yes,Yes,Yes,One year,No,Bank transfer (automatic),100.34,1102.16,1,No
2100-AE,Male,0,Yes,No,33,Yes,Yes,Fiber optic,Yes,No,No,No,Yes,Yes,Month-to-month,Yes,Electronic check,101.44,3334.43,2,Yes
3532-NW,Female,0,No,No,66,Yes,Yes,Fiber optic,No,No,Yes,No,No,No,Two year,No,Credit card (automatic),71.85,4696.5,1,No
1781-HD,Male,0,Yes,Yes,23,Yes,Yes,No,No internet service,No internet service,No internet service,No internet service,No internet service,No internet service,Month-to-month,No,Electronic check,21.09,365.11,0,No
7131-SO,Male,0,Yes,No,49,Yes,Yes,DSL,No,No,No,Yes,Yes,Yes,Month-to-month,No,Mailed check,78.41,3886.16,1,No
5995-SI,Male,0,No,Yes,20,Yes,No,Fiber optic,No,Yes,Yes,No,No,No,Two year,Yes,Credit card (automatic),79.04,1626.44,2,Yes
1502-NV,Male,0,Yes,Yes,15,Yes,Yes,Fiber optic,Yes,Yes,Yes,No,No,No,Two year,Yes,Credit card (automatic),84.34,1214.21,0,Yes
9009-PE,Female,0,No,No,66,No,No phone service,Fiber optic,Yes,No,No,Yes,No,No,Month-to-month,No,Electronic check,73.37,4770.6,0,Yes
2050-FZ,Male,0,No,No,30,Yes,Yes,DSL,No,Yes,No,No,No,No,Two year,No,Electronic check,49.42,1449.75,2,No
7081-MM,Male,0,Yes,No,4,Yes,No,Fiber optic,No,No,No,No,Yes,No,Month-to-month,Yes,Credit card (automatic),82.54,257.32,4,Yes
5018-RS,Female,0,No,Yes,64,Yes,No,Fiber optic,No,Yes,No,Yes,Yes,No,One year,Yes,Credit card (automatic),90.08,5828.14,0,No
4367-VP,Female,0,Yes,Yes,65,Yes,Yes,DSL,Yes,Yes,No,No,No,No,One year,Yes,Bank transfer (automatic),64.01,4099.13,1,No
6084-BH,Male,1,No,No,8,Yes,Yes,Fiber optic,Yes,Yes,Yes,No,Yes,Yes,Two year,Yes,Electronic check,106.47,893.04,1,No
2573-PW,Male,1,Yes,No,52,No,No phone service,DSL,No,Yes,No,No,Yes,No,Month-to-month,Yes,Electronic check,53.91,2758.19,0,Yes
3634-QW,Male,0,Yes,No,14,Yes,Yes,Fiber optic,Yes,Yes,No,Yes,Yes,No,Month-to-month,Yes,Mailed check,99.51,1432.34,1,Yes
7250-HV,Male,0,No,Yes,58,Yes,No,Fiber optic,Yes,No,No,No,No,Yes,Month-to-month,Yes,Electronic check,82.49,4810.02,2,No
6955-KH,Female,0,No,No,11,Yes,No,Fiber optic,No,No,No,No,Yes,No,Month-to-month,No,Mailed check,79.03,948.72,2,Yes
2160-ZB,Female,1,Yes,Yes,59,Yes,No,DSL,No,No,No,No,Yes,No,One year,Yes,Credit card (automatic),58.91,3415.64,3,No
3383-FU,Female,0,No,No,24,Yes,Yes,DSL,Yes,No,Yes,No,No,Yes,One year,No,Electronic check,67.98,1567.78,1,No
4540-ZS,Male,0,No,Yes,32,No,No phone service,Fiber optic,No,Yes,No,Yes,Yes,Yes,Two year,No,Electronic check,95.56,3025.0,1,No
5635-HN,Male,0,Yes,No,46,Yes,No,DSL,Yes,No,No,No,Yes,Yes,Month-to-month,Yes,Mailed check,77.93,3700.31,0,Yes
9215-PL,Female,0,Yes,No,28,Yes,No,Fiber optic,Yes,No,Yes,No,No,Yes,Month-to-month,No,Electronic check,92.79,2559.84,0,Yes
2079-ZX,Male,0,No,No,16,Yes,Yes,DSL,Yes,No,No,No,Yes,No,One year,Yes,Bank transfer (automatic),64.43,1027.73,2,Yes
9370-RI,Female,0,Yes,No,42,Yes,No,Fiber optic,No,Yes,No,No,Yes,No,One year,Yes,Mailed check,81.34,3425.68,3,No
2473-YT,Female,0,No,Yes,16,Yes,No,DSL,Yes,No,No,Yes,No,Yes,Month-to-month,Yes,Credit card (automatic),78.09,1232.47,1,Yes
2212-BJ,Female,0,No,No,12,Yes,Yes,Fiber optic,No,Yes,No,No,No,Yes,One year,No,Electronic check,84.68,1071.9,0,Yes
1419-YL,Female,0,No,Yes,62,No,No phone service,No,No internet service,No internet service,No internet service,No internet service,No internet service,No internet service,Two year,Yes,Credit card (automatic),18.5,1145.07,1,No
6283-IF,Female,1,Yes,No,34,No,No phone service,DSL,No,Yes,Yes,No,Yes,Yes,One year,Yes,Bank transfer (automatic),78.35,2717.95,3,No
2340-NV,Female,0,No,No,38,Yes,No,DSL,Yes,No,No,No,No,Yes,One year,Yes,Mailed check,57.77,2275.87,2,No
6137-FR,Female,0,Yes,No,47,Yes,No,Fiber optic,No,Yes,No,No,Yes,No,One year,Yes,Electronic check,80.29,3783.91,3,No
1591-OP,Male,0,No,Yes,22,Yes,No,No,No internet service,No internet service,No internet service,No internet service,No internet service,No internet service,One year,Yes,Credit card (automatic),20.91,442.62,0,No
2292-WK,Female,0,Yes,No,3,Yes,No,DSL,No,No,Yes,Yes,No,No,One year,No,Electronic check,59.82,207.72,3,No
1187-YG,Female,0,Yes,No,1,Yes,No,Fiber optic,No,No,No,Yes,Yes,No,Month-to-month,Yes,Mailed check,86.55,145.86,0,Yes
9720-RV,Male,0,Yes,No,53,Yes,Yes,Fiber optic,Yes,Yes,No,Yes,No,No,One year,No,Credit card (automatic),87.72,4619.03,0,No
9494-WV,Female,0,Yes,Yes,64,No,No phone service,DSL,No,No,No,Yes,No,No,Two year,No,Credit card (automatic),43.21,2803.35,3,No
1832-PE,Male,0,No,No,44,Yes,No,DSL,Yes,No,Yes,No,No,Yes,Month-to-month,Yes,Electronic check,68.6,3026.05,3,No
9953-CW,Female,0,No,Yes,47,Yes,Yes,DSL,Yes,No,No,No,No,No,Month-to-month,Yes,Credit card (automatic),53.7,2525.75,2,Yes
4785-SE,Male,0,No,No,38,Yes,Yes,Fiber optic,Yes,No,No,Yes,No,No,Month-to-month,Yes,Bank transfer (automatic),79.09,2844.12,1,Yes
8750-NC,Male,0,Yes,No,63,Yes,No,Fiber optic,No,Yes,No,No,No,No,Month-to-month,Yes,Electronic check,72.67,4621.89,1,Yes
1684-MJ,Male,0,Yes,No,41,Yes,No,DSL,Yes,No,No,No,No,Yes,One year,Yes,Mailed check,67.49,2773.55,1,No
1577-FH,Female,0,No,No,21,Yes,No,Fiber optic,No,Yes,No,Yes,No,No,Month-to-month,No,Mailed check,82.88,1741.35,0,Yes
1227-YL,Male,0,No,No,45,Yes,No,Fiber optic,No,No,Yes,No,Yes,No,Two year,Yes,Bank transfer (automatic),83.54,3723.77,2,No
1430-HG,Female,0,Yes,Yes,13,Yes,No,DSL,No,Yes,No,Yes,No,No,Month-to-month,No,Bank transfer (automatic),57.9,678.37,2,Yes
2709-WS,Female,0,No,No,66,No,No phone service,No,No internet service,No internet service,No internet service,No internet service,No internet service,No internet service,Two year,Yes,Bank transfer (automatic),18.5,1173.6,1,No
9493-VM,Female,0,No,No,66,Yes,No,Fiber optic,No,Yes,Yes,Yes,No,Yes,Month-to-month,Yes,Mailed check,98.38,6446.03,1,Yes
1768-SA,Female,0,No,No,43,No,No phone service,DSL,No,No,No,Yes,No,Yes,Month-to-month,No,Credit card (automatic),59.96,2641.04,3,No
5355-JC,Female,0,Yes,No,62,Yes,No,No,No internet service,No internet service,No internet service,No internet service,No internet service,No internet service,Month-to-month,No,Electronic check,19.15,1143.62,0,No
2331-IC,Female,0,No,No,48,Yes,Yes,No,No internet service,No internet service,No internet service,No internet service,No internet service,No internet service,Two year,No,Bank transfer (automatic),18.5,859.44,0,No
7939-FF,Female,1,Yes,No,26,Yes,No,DSL,No,Yes,No,No,Yes,No,Two year,Yes,Mailed check,61.35,1623.09,2,Yes
6558-YL,Male,0,No,No,61,Yes,No,DSL,Yes,No,No,No,Yes,Yes,Month-to-month,Yes,Electronic check,79.9,4943.68,1,No
8126-AP,Female,0,Yes,Yes,62,Yes,No,Fiber optic,No,No,No,No,No,Yes,Month-to-month,Yes,Electronic check,78.25,4872.06,2,Yes
5094-XE,Female,0,No,No,14,No,No phone service,No,No internet service,No internet service,No internet service,No internet service,No internet service,No internet service,Month-to-month,No,Mailed check,18.5,353.7,2,No
3793-MO,Male,0,No,Yes,54,Yes,No,Fiber optic,No,No,Yes,No,No,Yes,Month-to-month,Yes,Electronic check,81.33,4449.54,1,No
9011-EE,Female,0,Yes,No,41,Yes,No,DSL,No,No,No,Yes,Yes,Yes,Month-to-month,No,Electronic check,77.89,3242.39,0,No
6790-RL,Male,0,Yes,No,60,No,No phone service,DSL,No,Yes,No,Yes,Yes,Yes,Month-to-month,No,Electronic check,70.53,4270.05,1,No
1154-CZ,Male,0,No,No,9,Yes,Yes,Fiber optic,No,No,Yes,No,No,No,Two year,Yes,Electronic check,70.63,671.42,2,No
5080-SR,Female,0,Yes,Yes,44,Yes,Yes,DSL,No,No,Yes,No,No,Yes,Two year,Yes,Credit card (automatic),70.5,3055.74,1,No
5320-YX,Female,0,Yes,No,56,Yes,No,DSL,No,Yes,No,Yes,Yes,No,Month-to-month,Yes,Mailed check,73.38,4069.03,2,No
2892-BA,Male,0,Yes,No,3,Yes,No,Fiber optic,No,Yes,No,Yes,No,No,Two year,No,Electronic check,83.95,254.24,1,No
3015-RQ,Female,0,No,Yes,59,Yes,Yes,Fiber optic,Yes,Yes,No,No,No,No,Month-to-month,Yes,Credit card (automatic),78.29,4708.47,2,No
5833-GG,Male,0,No,No,13,Yes,No,DSL,No,No,Yes,No,No,No,Month-to-month,Yes,Bank transfer (automatic),50.89,623.74,1,Yes
1565-UC,Male,0,No,Yes,30,No,No phone service,No,No internet service,No internet service,No internet service,No internet service,No internet service,No internet service,Month-to-month,Yes,Mailed check,18.5,534.96,2,No
3314-LY,Female,1,Yes,Yes,53,Yes,No,DSL,No,Yes,No,Yes,No,No,Month-to-month,Yes,Credit card (automatic),66.88,3505.11,1,No
9216-PT,Male,0,Yes,Yes,51,Yes,Yes,Fiber optic,No,No,No,Yes,Yes,Yes,Two year,No,Credit card (automatic),96.42,4925.21,0,No
8902-DV,Female,0,Yes,No,42,Yes,No,Fiber optic,No,No,Yes,No,No,Yes,One year,Yes,Mailed check,88.56,3738.64,1,No
2189-UO,Female,0,No,No,26,Yes,Yes,DSL,No,No,Yes,No,No,No,Month-to-month,No,Electronic check,57.33,1463.61,3,No
7884-VQ,Male,0,Yes,Yes,59,Yes,No,Fiber optic,Yes,No,Yes,No,Yes,Yes,Month-to-month,No,Mailed check,102.22,6061.03,1,No
2741-IC,Male,0,Yes,No,69,Yes,Yes,Fiber optic,No,No,No,No,Yes,No,Month-to-month,Yes,Credit card (automatic),75.59,5232.23,2,No
6369-MC,Female,1,No,No,3,Yes,No,Fiber optic,Yes,Yes,Yes,Yes,No,Yes,Month-to-month,Yes,Electronic check,107.78,280.05,1,Yes
5023-OM,Female,0,No,No,41,Yes,No,Fiber optic,No,No,Yes,No,Yes,No,Month-to-month,No,Electronic check,82.51,3452.81,0,Yes
4967-SV,Female,1,Yes,No,1,Yes,Yes,DSL,No,No,No,No,Yes,No,One year,Yes,Bank transfer (automatic),58.34,69.32,1,No
4215-RG,Male,0,Yes,No,65,Yes,No,DSL,Yes,No,Yes,No,No,Yes,One year,Yes,Credit card (automatic),66.49,4446.36,3,No
4037-JI,Female,1,No,No,70,Yes,Yes,Fiber optic,Yes,No,Yes,Yes,Yes,Yes,Month-to-month,Yes,Credit card (automatic),108.31,7646.89,2,No
4131-HS,Male,0,No,No,50,Yes,No,No,No internet service,No internet service,No internet service,No internet service,No internet service,No internet service,One year,No,Electronic check,22.26,1117.16,1,No
1233-PW,Male,0,Yes,No,59,Yes,No,Fiber optic,No,Yes,No,Yes,Yes,No,One year,No,Credit card (automatic),99.42,5852.84,3,Yes
1889-PJ,Male,0,No,Yes,63,Yes,Yes,DSL,Yes,Yes,Yes,Yes,Yes,No,Month-to-month,No,Mailed check,91.14,5821.18,3,No
1427-YF,Female,0,No,No,25,Yes,No,Fiber optic,No,Yes,Yes,No,Yes,Yes,One year,No,Bank transfer (automatic),98.36,2427.43,0,No
1731-LJ,Male,0,No,No,10,Yes,Yes,DSL,Yes,Yes,No,Yes,Yes,Yes,Month-to-month,No,Electronic check,90.05,833.72,2,Yes
8025-RD,Female,0,Yes,Yes,1,Yes,No,Fiber optic,No,No,Yes,Yes,No,No,Month-to-month,No,Bank transfer (automatic),79.57,73.17,2,Yes
8624-GR,Male,0,Yes,No,14,Yes,Yes,DSL,No,No,No,Yes,No,No,Two year,Yes,Bank transfer (automatic),49.31,589.22,2,No
6383-KG,Female,1,No,No,21,Yes,Yes,Fiber optic,No,Yes,No,No,No,Yes,Two year,No,Electronic check,76.64,1622.45,1,No
9232-HC,Female,0,No,No,58,Yes,No,Fiber optic,Yes,No,No,Yes,No,No,Month-to-month,Yes,Mailed check,83.63,4856.64,3,No
6008-BO,Male,0,No,No,38,Yes,Yes,DSL,Yes,Yes,No,No,No,Yes,One year,No,Mailed check,67.28,2500.26,1,No
6229-RP,Female,0,No,No,1,Yes,No,No,No internet service,No internet service,No internet service,No internet service,No internet service,No internet service,One year,No,Bank transfer (automatic),18.7,55.92,5,Yes
8171-YT,Male,0,Yes,No,5,Yes,No,DSL,No,Yes,Yes,Yes,No,Yes,One year,Yes,Credit card (automatic),76.25,422.54,2,No
3949-FZ,Male,0,Yes,Yes,44,Yes,Yes,DSL,Yes,No,Yes,No,No,Yes,Month-to-month,No,Bank transfer (automatic),74.51,3200.23,1,No
4466-ZQ,Male,1,Yes,Yes,65,Yes,Yes,Fiber optic,Yes,No,No,No,Yes,No,Month-to-month,No,Mailed check,84.01,5510.32,4,No
2115-CM,Male,0,No,Yes,57,Yes,Yes,No,No internet service,No internet service,No internet service,No internet service,No internet service,No internet service,Two year,Yes,Electronic check,18.5,1098.03,1,No
4573-CP,Male,1,Yes,Yes,45,Yes,No,DSL,No,No,No,Yes,No,No,One year,Yes,Bank transfer (automatic),59.3,2675.57,3,No
8313-OE,Male,0,Yes,No,60,Yes,Yes,No,No internet service,No internet service,No internet service,No internet service,No internet service,No internet service,Two year,No,Credit card (automatic),19.7,1143.84,2,No
5975-PQ,Male,0,Yes,No,66,Yes,No,Fiber optic,No,No,Yes,Yes,Yes,No,Two year,No,Electronic check,91.39,6008.06,0,No
9090-WC,Female,0,No,No,47,Yes,Yes,Fiber optic,No,Yes,No,No,No,No,One year,Yes,Electronic check,71.96,3406.68,4,Yes
9051-MV,Male,0,No,No,26,Yes,Yes,No,No internet service,No internet service,No internet service,No internet service,No internet service,No internet service,One year,Yes,Bank transfer (automatic),22.97,561.86,1,No
6403-GF,Male,0,No,No,9,Yes,Yes,Fiber optic,No,No,No,No,Yes,Yes,Two year,Yes,Electronic check,91.21,903.34,3,Yes
2995-OU,Female,1,Yes,No,51,Yes,Yes,Fiber optic,No,Yes,No,No,Yes,No,One year,No,Mailed check,84.9,4367.43,2,No
4891-CJ,Female,0,No,No,8,Yes,Yes,Fiber optic,No,Yes,No,No,No,No,Month-to-month,Yes,Mailed check,70.38,660.8,1,Yes
9498-SW,Male,0,Yes,Yes,5,No,No phone service,Fiber optic,Yes,No,Yes,No,No,Yes,Month-to-month,Yes,Credit card (automatic),78.63,364.68,2,No
4030-ML,Male,0,Yes,Yes,39,No,No phone service,DSL,No,Yes,Yes,Yes,Yes,No,Two year,Yes,Mailed check,74.82,2892.59,2,No
1242-XP,Male,0,Yes,No,68,Yes,Yes,Fiber optic,No,Yes,No,Yes,Yes,No,One year,Yes,Mailed check,94.96,6411.78,2,No
7747-OP,Female,0,Yes,No,40,Yes,No,Fiber optic,No,Yes,No,No,No,Yes,One year,No,Electronic check,86.76,3499.34,0,No
5330-XF,Male,1,No,No,36,Yes,Yes,Fiber optic,Yes,Yes,Yes,No,Yes,No,Month-to-month,Yes,Electronic check,103.53,3774.49,0,Yes
3186-CO,Female,1,No,No,21,Yes,No,DSL,No,No,Yes,No,No,No,One year,No,Mailed check,53.19,1106.57,4,No
1646-AQ,Male,0,Yes,No,26,Yes,No,Fiber optic,No,No,No,No,Yes,No,Month-to-month,No,Credit card (automatic),83.07,2123.28,1,No
9904-ZW,Male,1,No,Yes,56,Yes,Yes,DSL,Yes,No,No,No,No,Yes,Month-to-month,No,Mailed check,61.43,3416.94,2,No
7572-KT,Female,0,Yes,No,57,Yes,No,No,No internet service,No internet service,No internet service,No internet service,No internet service,No internet service,One year,No,Electronic check,19.82,1234.42,0,No
7539-VT,Male,0,Yes,Yes,59,Yes,No,DSL,Yes,Yes,No,No,Yes,Yes,Month-to-month,Yes,Mailed check,82.32,4879.26,6,Yes
8218-QD,Male,0,Yes,No,7,Yes,No,Fiber optic,No,Yes,No,No,Yes,No,Two year,No,Electronic check,86.33,757.83,4,No
2690-UO,Male,0,Yes,No,42,No,No phone service,DSL,No,No,No,No,No,Yes,Month-to-month,No,Mailed check,39.96,1665.83,2,No
4751-AT,Female,0,Yes,Yes,13,Yes,Yes,Fiber optic,No,Yes,No,Yes,Yes,Yes,One year,Yes,Electronic check,100.69,1278.41,3,No
6261-DE,Male,0,No,No,34,Yes,Yes,Fiber optic,Yes,No,Yes,Yes,No,No,Month-to-month,No,Credit card (automatic),84.94,2842.22,2,No
2494-MX,Male,0,No,No,53,Yes,No,Fiber optic,No,Yes,No,No,No,No,One year,No,Bank transfer (automatic),67.97,3656.38,0,Yes
1901-AW,Female,0,No,No,46,Yes,Yes,DSL,No,Yes,No,No,No,No,Month-to-month,Yes,Bank transfer (automatic),50.13,2333.99,1,No
1444-FO,Female,0,Yes,Yes,57,Yes,No,No,No internet service,No internet service,No internet service,No internet service,No internet service,No internet service,Month-to-month,No,Credit card (automatic),21.36,1286.56,1,No
9655-XW,Male,1,No,No,61,Yes,No,DSL,No,No,No,No,No,No,Month-to-month,Yes,Credit card (automatic),43.08,2581.97,0,Yes
3287-JV,Male,0,No,Yes,56,Yes,Yes,No,No internet service,No internet service,No internet service,No internet service,No internet service,No internet service,One year,Yes,Electronic check,18.54,1006.88,3,No
5008-QQ,Female,0,No,No,29,Yes,No,Fiber optic,Yes,No,Yes,No,Yes,Yes,Two year,No,Bank transfer (automatic),104.81,2992.68,0,No
1496-XL,Male,0,Yes,No,14,No,No phone service,DSL,Yes,No,No,No,No,Yes,One year,Yes,Bank transfer (automatic),61.67,851.85,2,No
7828-LN,Male,0,No,Yes,68,Yes,Yes,Fiber optic,Yes,Yes,Yes,Yes,No,No,Month-to-month,Yes,Mailed check,95.86,6525.75,0,No
6065-WS,Female,1,No,No,71,Yes,Yes,Fiber optic,Yes,Yes,No,Yes,Yes,No,Month-to-month,Yes,Electronic check,100.02,7112.18,1,No
2793-DS,Male,1,No,Yes,13,Yes,No,Fiber optic,No,No,Yes,No,No,No,Month-to-month,Yes,Electronic check,73.65,924.86,2,Yes
5761-OO,Male,0,Yes,No,17,Yes,Yes,DSL,No,No,No,No,No,No,Month-to-month,No,Credit card (automatic),47.6,886.62,0,Yes
9741-CF,Female,0,Yes,Yes,29,Yes,No,No,No internet service,No internet service,No internet service,No internet service,No internet service,No internet service,Month-to-month,No,Mailed check,18.5,536.58,0,No
5350-PB,Male,0,No,No,2,Yes,No,Fiber optic,No,Yes,No,No,Yes,No,Month-to-month,No,Mailed check,80.0,218.18,0,Yes
5190-GK,Male,0,Yes,Yes,62,Yes,No,DSL,Yes,No,No,No,No,Yes,Month-to-month,Yes,Bank transfer (automatic),63.79,3852.8,2,No
9953-GD,Male,0,Yes,No,20,Yes,No,Fiber optic,Yes,No,Yes,Yes,Yes,No,One year,Yes,Credit card (automatic),106.79,2110.99,1,No
1755-GD,Female,0,No,No,56,Yes,Yes,DSL,No,Yes,No,Yes,No,No,Month-to-month,Yes,Bank transfer (automatic),57.94,3367.63,1,No
6724-LE,Male,1,Yes,No,52,Yes,No,DSL,No,No,No,Yes,No,No,Month-to-month,Yes,Mailed check,56.12,2920.16,1,No
5150-ZS,Female,1,Yes,No,25,Yes,No,DSL,Yes,Yes,No,No,Yes,Yes,One year,Yes,Electronic check,87.74,2161.88,1,No
2689-ES,Female,0,Yes,No,62,Yes,Yes,Fiber optic,No,Yes,Yes,No,No,No,Month-to-month,No,Bank transfer (automatic),81.68,5102.53,1,Yes
6789-CZ,Male,0,Yes,No,17,Yes,Yes,DSL,No,No,No,No,No,Yes,Two year,Yes,Credit card (automatic),56.77,962.3,1,No
5394-GQ,Female,1,Yes,No,39,Yes,No,Fiber optic,No,Yes,Yes,Yes,Yes,Yes,Month-to-month,No,Electronic check,107.06,4260.8,3,No
2912-IU,Male,0,No,No,10,Yes,Yes,DSL,Yes,No,No,No,Yes,No,Month-to-month,No,Mailed check,64.74,580.68,0,No
1296-JM,Male,0,Yes,No,59,Yes,No,DSL,No,No,No,No,Yes,Yes,Month-to-month,Yes,Electronic check,63.89,3695.79,4,No
8630-VE,Male,0,No,No,25,Yes,No,DSL,No,Yes,No,No,No,Yes,Month-to-month,No,Mailed check,62.33,1490.59,1,No
3268-CH,Female,0,Yes,No,28,Yes,Yes,Fiber optic,No,No,Yes,Yes,No,Yes,Two year,No,Electronic check,92.63,2628.95,3,Yes
3515-JM,Male,0,No,No,61,Yes,No,DSL,No,No,Yes,No,Yes,No,Month-to-month,Yes,Credit card (automatic),63.74,3867.06,0,No
8358-CV,Male,0,No,Yes,58,Yes,Yes,DSL,Yes,No,Yes,No,No,Yes,Month-to-month,No,Credit card (automatic),70.84,4113.1,1,No
2287-IV,Male,1,Yes,No,44,Yes,Yes,DSL,Yes,No,No,No,No,No,Two year,Yes,Electronic check,48.64,2143.81,1,No
1660-LK,Female,0,No,No,23,Yes,No,DSL,No,No,No,Yes,No,Yes,One year,Yes,Credit card (automatic),65.24,1555.34,1,No
9104-BB,Female,0,Yes,No,17,Yes,Yes,No,No internet service,No internet service,No internet service,No internet service,No internet service,No internet service,Month-to-month,Yes,Bank transfer (automatic),19.48,410.85,0,No
4970-PS,Male,0,Yes,No,38,Yes,No,No,No internet service,No internet service,No internet service,No internet service,No internet service,No internet service,Month-to-month,Yes,Credit card (automatic),21.35,882.36,1,No
8416-RT,Male,0,Yes,No,30,Yes,No,DSL,Yes,No,Yes,Yes,Yes,No,Month-to-month,Yes,Electronic check,80.23,2401.43,1,No
5760-RJ,Male,1,Yes,Yes,19,Yes,No,DSL,No,No,Yes,Yes,Yes,Yes,Two year,No,Credit card (automatic),82.58,1578.82,0,No
7364-QZ,Male,0,No,No,32,Yes,Yes,Fiber optic,Yes,No,No,No,No,No,Two year,Yes,Electronic check,75.29,2498.36,3,No
5087-YW,Female,0,Yes,No,20,Yes,No,DSL,Yes,Yes,No,No,Yes,No,Two year,Yes,Bank transfer (automatic),75.13,1575.05,3,No
8607-TP,Female,1,Yes,No,64,Yes,No,Fiber optic,No,No,Yes,Yes,Yes,Yes,Month-to-month,Yes,Electronic check,105.94,6766.7,1,No
8255-BY,Female,0,Yes,No,36,Yes,No,DSL,No,No,No,No,Yes,No,Two year,Yes,Bank transfer (automatic),55.96,2070.32,1,No
5867-QM,Female,0,No,Yes,65,No,No phone service,Fiber optic,Yes,Yes,Yes,No,Yes,Yes,Month-to-month,Yes,Electronic check,103.0,6649.81,1,No
3722-LV,Female,0,No,Yes,43,Yes,Yes,DSL,No,No,Yes,Yes,No,Yes,One year,Yes,Bank transfer (automatic),74.59,3122.42,1,No
3550-HB,Female,0,No,No,26,Yes,No,No,No internet service,No internet service,No internet service,No internet service,No internet service,No internet service,Month-to-month,No,Mailed check,18.5,400.73,2,No
7686-VJ,Female,1,Yes,No,7,Yes,No,DSL,Yes,No,No,No,No,No,Month-to-month,Yes,Electronic check,53.76,342.09,2,No
5587-UJ,Male,0,Yes,No,34,Yes,No,DSL,No,No,No,No,Yes,No,Month-to-month,No,Bank transfer (automatic),54.48,1847.21,3,Yes
7857-WC,Male,0,Yes,No,36,Yes,Yes,Fiber optic,No,Yes,Yes,No,No,No,Month-to-month,No,Electronic check,80.0,2921.37,4,Yes
5511-TJ,Male,0,Yes,No,6,Yes,Yes,DSL,Yes,No,Yes,Yes,Yes,No,Month-to-month,Yes,Electronic check,78.37,542.12,1,Yes
7172-IT,Male,0,Yes,No,37,Yes,Yes,DSL,Yes,Yes,No,Yes,Yes,Yes,Two year,No,Electronic check,91.07,3298.84,1,No
4954-NB,Male,1,Yes,No,62,Yes,Yes,DSL,No,No,No,Yes,No,Yes,Month-to-month,No,Credit card (automatic),66.51,4130.79,0,No
9252-HG,Male,0,No,No,60,Yes,Yes,No,No internet service,No internet service,No internet service,No internet service,No internet service,No internet service,Two year,Yes,Credit card (automatic),21.87,1365.65,2,No
7981-KL,Female,0,No,No,64,Yes,No,DSL,No,No,No,No,Yes,No,Month-to-month,No,Electronic check,56.39,3642.71,2,No
7609-SJ,Male,0,No,No,50,Yes,No,DSL,No,No,No,No,Yes,No,Month-to-month,No,Mailed check,57.5,2802.94,1,No
9664-UN,Female,0,No,Yes,52,Yes,Yes,No,No internet service,No internet service,No internet service,No internet service,No internet service,No internet service,Two year,Yes,Mailed check,18.5,956.59,2,No
8042-RX,Male,1,No,No,17,Yes,No,Fiber optic,Yes,No,Yes,No,Yes,Yes,Month-to-month,Yes,Credit card (automatic),106.18,1754.07,0,Yes
3970-LG,Female,0,Yes,No,60,Yes,Yes,Fiber optic,No,Yes,No,Yes,No,No,Month-to-month,Yes,Bank transfer (automatic),80.21,4828.28,2,No
8824-AZ,Female,1,No,No,54,Yes,No,Fiber optic,Yes,Yes,Yes,No,Yes,Yes,Two year,Yes,Mailed check,102.73,5617.57,1,Yes
4185-ZO,Male,0,No,Yes,10,Yes,Yes,Fiber optic,No,No,No,No,No,No,Two year,No,Mailed check,68.45,608.19,2,Yes
7651-AE,Male,0,No,Yes,25,Yes,Yes,DSL,No,No,No,No,No,Yes,One year,Yes,Electronic check,57.88,1455.17,0,No
6154-AH,Male,1,Yes,No,18,Yes,Yes,Fiber optic,No,No,No,Yes,No,Yes,Two year,Yes,Mailed check,88.39,1613.11,3,No
4659-VY,Male,0,Yes,No,64,Yes,No,DSL,No,No,No,No,Yes,Yes,One year,Yes,Bank transfer (automatic),68.37,4444.77,0,No
1594-YY,Male,0,No,No,59,Yes,Yes,DSL,No,Yes,Yes,No,Yes,No,One year,Yes,Mailed check,72.11,4295.78,0,No
2055-LM,Female,0,Yes,No,27,Yes,No,DSL,No,No,No,No,No,Yes,Two year,Yes,Mailed check,58.43,1604.18,0,No
4675-AS,Male,0,Yes,Yes,58,Yes,No,Fiber optic,No,No,Yes,No,No,No,Month-to-month,Yes,Electronic check,69.9,4016.96,4,Yes
6957-HD,Female,0,Yes,No,61,Yes,No,No,No internet service,No internet service,No internet service,No internet service,No internet service,No internet service,Month-to-month,No,Mailed check,18.5,1168.9,3,No
5228-YV,Female,0,No,No,71,Yes,No,Fiber optic,Yes,Yes,No,Yes,No,No,Month-to-month,No,Bank transfer (automatic),85.52,6029.17,4,No
2830-WD,Female,0,Yes,No,43,Yes,No,DSL,Yes,Yes,Yes,Yes,Yes,Yes,One year,No,Credit card (automatic),96.74,4161.61,1,No
2203-DO,Male,0,No,No,11,No,No phone service,Fiber optic,No,No,Yes,Yes,No,Yes,Month-to-month,No,Mailed check,83.53,967.93,1,Yes
3810-UE,Male,0,Yes,Yes,5,Yes,Yes,Fiber optic,Yes,Yes,Yes,No,Yes,Yes,Month-to-month,No,Electronic check,110.64,553.67,3,Yes
7071-IB,Male,0,Yes,No,58,Yes,Yes,Fiber optic,No,No,No,Yes,Yes,No,Two year,Yes,Bank transfer (automatic),80.65,4675.4,0,No
4514-GQ,Male,0,Yes,No,39,Yes,No,Fiber optic,Yes,Yes,No,No,Yes,No,Two year,No,Bank transfer (automatic),98.98,3892.88,0,No
1144-TZ,Male,0,No,Yes,48,Yes,No,DSL,Yes,No,No,No,Yes,No,Month-to-month,No,Bank transfer (automatic),63.03,2924.82,4,Yes
2377-KB,Male,0,Yes,No,20,Yes,Yes,Fiber optic,No,No,Yes,No,No,Yes,One year,No,Bank transfer (automatic),81.17,1713.21,1,No
6024-ZB,Female,1,Yes,No,19,Yes,No,DSL,No,Yes,Yes,Yes,Yes,Yes,Month-to-month,No,Electronic check,87.42,1615.38,2,No
6756-WI,Male,0,Yes,No,60,Yes,Yes,Fiber optic,No,No,No,No,No,Yes,Two year,No,Bank transfer (automatic),77.55,4602.94,2,No
5053-ZB,Female,1,Yes,No,26,Yes,No,Fiber optic,No,No,No,No,No,No,Month-to-month,Yes,Credit card (automatic),63.39,1573.12,2,Yes
4963-OJ,Female,0,No,Yes,25,No,No phone service,DSL,Yes,No,No,No,Yes,No,Two year,Yes,Mailed check,53.23,1367.04,2,No
9974-JY,Male,0,Yes,No,15,Yes,Yes,DSL,No,No,Yes,Yes,Yes,No,Month-to-month,Yes,Electronic check,73.0,1028.45,0,No
2750-QI,Male,0,Yes,No,21,Yes,Yes,No,No internet service,No internet service,No internet service,No internet service,No internet service,No internet service,Month-to-month,Yes,Electronic check,18.5,418.2,0,No
6745-DI,Male,0,Yes,No,47,Yes,Yes,Fiber optic,No,Yes,No,No,Yes,Yes,Two year,No,Electronic check,96.1,4485.41,3,No
6938-AW,Male,0,Yes,No,35,Yes,No,DSL,Yes,No,No,No,Yes,Yes,Month-to-month,Yes,Bank transfer (automatic),75.48,2651.91,0,No
4397-JP,Male,1,No,Yes,44,Yes,No,DSL,Yes,Yes,Yes,No,No,No,Month-to-month,Yes,Bank transfer (automatic),68.74,3019.53,1,Yes
5853-VM,Male,0,Yes,No,6,Yes,No,DSL,Yes,No,No,Yes,Yes,Yes,One year,No,Mailed check,86.13,451.25,1,No
8933-FZ,Female,0,Yes,No,23,No,No phone service,DSL,Yes,No,Yes,No,Yes,Yes,Month-to-month,Yes,Bank transfer (automatic),71.48,1648.04,2,Yes
7474-XC,Female,1,Yes,No,39,Yes,No,Fiber optic,No,No,No,No,No,No,One year,No,Electronic check,65.25,2503.91,0,No
2843-JA,Female,0,No,No,18,Yes,No,DSL,No,Yes,No,No,No,No,Month-to-month,Yes,Credit card (automatic),49.09,907.76,3,Yes
4818-ZZ,Female,0,No,Yes,40,Yes,Yes,Fiber optic,Yes,No,Yes,No,Yes,No,One year,Yes,Electronic check,93.15,3717.54,1,No
1331-NY,Female,0,Yes,No,36,Yes,Yes,No,No internet service,No internet service,No internet service,No internet service,No internet service,No internet service,Month-to-month,Yes,Credit card (automatic),23.13,852.64,2,No
7890-DG,Female,1,No,No,28,Yes,No,DSL,No,No,Yes,No,Yes,No,Month-to-month,Yes,Bank transfer (automatic),63.96,1749.82,1,Yes
7025-SY,Male,0,No,No,64,Yes,No,DSL,No,No,No,No,No,No,Month-to-month,Yes,Bank transfer (automatic),46.03,2928.49,1,No
6113-DB,Male,0,Yes,Yes,58,Yes,No,Fiber optic,Yes,No,Yes,No,No,No,Two year,Yes,Electronic check,75.9,4433.24,0,No
3865-NZ,Male,0,Yes,Yes,38,Yes,Yes,Fiber optic,No,Yes,No,No,Yes,No,Month-to-month,No,Mailed check,80.23,3117.7,2,Yes
3575-VK,Female,0,No,No,44,Yes,No,DSL,No,No,Yes,No,No,No,One year,Yes,Electronic check,46.32,2015.4,0,No
7185-QN,Female,0,No,Yes,2,Yes,No,Fiber optic,No,No,No,No,No,No,Month-to-month,Yes,Mailed check,60.93,141.48,1,Yes
1277-DS,Female,0,No,No,35,Yes,Yes,Fiber optic,No,No,Yes,No,Yes,No,Month-to-month,No,Electronic check,84.5,2894.4,2,Yes
1065-GI,Male,0,Yes,No,1,Yes,No,DSL,No,No,No,No,No,No,Month-to-month,No,Electronic check,49.7,22.72,2,Yes
9594-PV,Male,0,No,No,46,Yes,Yes,DSL,Yes,Yes,No,Yes,No,No,One year,Yes,Bank transfer (automatic),68.24,3074.12,2,No
7255-RW,Male,0,Yes,Yes,60,No,No phone service,DSL,Yes,No,Yes,Yes,No,Yes,Two year,No,Electronic check,68.34,4093.17,1,No
5692-KG,Female,0,No,No,63,Yes,No,No,No internet service,No internet service,No internet service,No internet service,No internet service,No internet service,Month-to-month,Yes,Bank transfer (automatic),18.5,1190.92,1,No
5419-YM,Female,0,No,No,45,Yes,Yes,DSL,No,No,No,Yes,No,Yes,Month-to-month,Yes,Electronic check,61.83,2809.09,0,Yes
8032-DS,Female,0,No,No,57,Yes,Yes,DSL,Yes,Yes,No,No,No,Yes,One year,No,Electronic check,72.68,4212.54,3,No
9584-LB,Male,0,Yes,No,37,Yes,Yes,DSL,No,No,No,Yes,Yes,No,Month-to-month,No,Bank transfer (automatic),69.76,2539.86,2,No
7629-EE,Female,1,Yes,No,7,Yes,No,No,No internet service,No internet service,No internet service,No internet service,No internet service,No internet service,Month-to-month,No,Electronic check,20.49,59.65,0,No
9533-ED,Male,0,No,No,16,Yes,Yes,DSL,No,No,Yes,No,Yes,No,Month-to-month,Yes,Credit card (automatic),72.36,1128.69,0,No
1264-VJ,Male,0,Yes,Yes,50,Yes,No,Fiber optic,Yes,No,No,No,Yes,Yes,Month-to-month,Yes,Electronic check,99.03,4947.63,6,No
6327-JJ,Male,0,Yes,No,14,Yes,No,DSL,No,No,No,Yes,No,Yes,Month-to-month,No,Electronic check,62.42,784.53,1,No
6692-SJ,Male,0,Yes,No,6,Yes,No,Fiber optic,No,No,No,No,Yes,No,Two year,No,Bank transfer (automatic),77.52,414.29,1,No
7461-QE,Male,0,Yes,No,61,Yes,Yes,Fiber optic,No,No,No,No,No,No,Two year,No,Credit card (automatic),62.5,3796.91,1,No
6497-FX,Male,0,No,No,21,No,No phone service,DSL,Yes,No,No,No,Yes,No,Month-to-month,Yes,Bank transfer (automatic),52.99,1178.5,1,No
5926-OY,Male,0,Yes,Yes,10,Yes,Yes,DSL,No,No,Yes,No,Yes,No,Month-to-month,Yes,Credit card (automatic),63.73,672.17,0,Yes
7065-DH,Female,0,Yes,No,32,Yes,Yes,DSL,No,No,No,No,Yes,Yes,Month-to-month,No,Credit card (automatic),74.87,2475.34,1,Yes
1634-PX,Male,0,Yes,No,6,No,No phone service,DSL,Yes,No,Yes,Yes,Yes,Yes,Month-to-month,No,Electronic check,78.66,412.39,2,No
5677-KN,Female,1,No,No,2,Yes,No,Fiber optic,No,No,No,No,No,Yes,One year,No,Mailed check,76.31,171.59,1,No
5276-SB,Male,0,No,No,39,Yes,No,DSL,No,No,No,No,No,No,Two year,Yes,Mailed check,43.57,1702.46,0,No
8640-QI,Male,0,Yes,No,49,Yes,No,Fiber optic,No,No,Yes,No,No,No,One year,No,Electronic check,73.81,3518.53,4,No
6712-OG,Male,0,No,No,27,Yes,No,DSL,No,Yes,No,No,No,No,One year,Yes,Electronic check,52.41,1375.18,1,No
9245-WS,Female,0,Yes,No,56,Yes,Yes,DSL,No,No,No,Yes,Yes,Yes,One year,Yes,Mailed check,78.07,4361.72,0,No
1442-AD,Male,0,Yes,No,14,No,No phone service,DSL,Yes,No,Yes,No,Yes,Yes,Month-to-month,No,Electronic check,75.54,1103.06,1,Yes
8953-ZH,Male,0,No,No,23,Yes,Yes,DSL,No,Yes,Yes,No,Yes,Yes,One year,Yes,Bank transfer (automatic),83.32,1867.32,1,No
8058-WW,Female,0,Yes,No,51,Yes,Yes,DSL,No,Yes,No,Yes,Yes,No,Month-to-month,Yes,Bank transfer (automatic),72.79,3730.36,2,Yes
3939-YF,Female,0,Yes,No,25,Yes,No,Fiber optic,No,Yes,Yes,No,No,Yes,Month-to-month,No,Credit card (automatic),87.43,2139.67,2,Yes
2031-AS,Female,0,No,Yes,53,Yes,No,DSL,No,No,No,Yes,Yes,No,One year,Yes,Electronic check,66.36,3583.13,3,No
1340-XY,Female,0,No,Yes,11,Yes,No,Fiber optic,Yes,Yes,Yes,Yes,Yes,No,Two year,No,Bank transfer (automatic),103.44,1114.34,2,No
8862-YK,Male,1,No,No,35,Yes,No,No,No internet service,No internet service,No internet service,No internet service,No internet service,No internet service,Two year,Yes,Credit card (automatic),18.5,629.62,2,No
6202-UJ,Male,0,No,No,55,No,No phone service,Fiber optic,No,No,No,No,Yes,No,One year,Yes,Mailed check,64.71,3562.74,2,No
2291-AX,Female,0,Yes,No,58,No,No phone service,No,No internet service,No internet service,No internet service,No internet service,No internet service,No internet service,One year,Yes,Credit card (automatic),18.5,987.95,0,No
9720-ZJ,Male,0,Yes,Yes,68,Yes,Yes,No,No internet service,No internet service,No internet service,No internet service,No internet service,No internet service,One year,Yes,Electronic check,25.18,1697.73,2,No
6435-FQ,Female,1,No,No,37,Yes,No,DSL,Yes,No,Yes,No,No,Yes,One year,No,Mailed check,64.34,2404.59,1,No
8972-RZ,Female,0,Yes,No,9,Yes,Yes,DSL,Yes,Yes,No,No,Yes,Yes,Month-to-month,No,Electronic check,85.44,749.27,2,Yes
3800-VP,Female,1,No,No,28,Yes,No,Fiber optic,No,Yes,No,No,Yes,No,Month-to-month,Yes,Credit card (automatic),87.49,2431.34,1,Yes
3775-MX,Male,0,Yes,No,55,Yes,No,DSL,No,No,Yes,Yes,Yes,No,Month-to-month,Yes,Credit card (automatic),77.45,4178.3,2,No
4850-FC,Female,0,Yes,No,46,Yes,Yes,No,No internet service,No internet service,No internet service,No internet service,No internet service,No internet service,Month-to-month,Yes,Electronic check,19.22,871.61,1,No
6920-RE,Male,0,Yes,No,70,Yes,No,DSL,No,Yes,No,No,Yes,Yes,One year,Yes,Mailed check,75.98,5351.91,3,No
6644-JE,Male,0,No,No,27,Yes,No,Fiber optic,No,No,No,No,Yes,No,One year,No,Electronic check,79.46,2215.45,0,Yes
2369-NQ,Male,0,Yes,No,10,Yes,No,Fiber optic,No,Yes,No,Yes,No,No,One year,Yes,Credit card (automatic),79.13,739.45,3,Yes
2471-AY,Female,0,No,No,23,Yes,Yes,No,No internet service,No internet service,No internet service,No internet service,No internet service,No internet service,Month-to-month,No,Credit card (automatic),18.5,501.15,0,No
6153-GJ,Male,0,No,No,21,Yes,No,Fiber optic,No,No,No,No,No,No,Month-to-month,No,Credit card (automatic),70.58,1583.55,0,Yes
8991-PE,Female,0,No,No,45,Yes,No,DSL,Yes,No,No,Yes,Yes,No,Month-to-month,No,Mailed check,69.76,3138.65,4,No
9592-PT,Male,0,Yes,No,3,Yes,No,DSL,No,Yes,Yes,Yes,Yes,No,Month-to-month,No,Electronic check,85.7,216.99,1,No
3329-PS,Male,0,Yes,Yes,59,Yes,Yes,Fiber optic,No,No,Yes,No,Yes,Yes,Month-to-month,Yes,Bank transfer (automatic),91.8,5418.79,2,Yes
8545-OL,Male,0,No,Yes,43,Yes,Yes,No,No internet service,No internet service,No internet service,No internet service,No internet service,No internet service,Month-to-month,Yes,Credit card (automatic),19.71,860.54,0,No
1569-VB,Female,0,Yes,Yes,7,Yes,No,Fiber optic,No,No,Yes,No,Yes,Yes,Month-to-month,No,Electronic check,94.92,660.64,1,Yes
3822-MC,Female,0,Yes,No,27,Yes,Yes,Fiber optic,No,No,Yes,No,No,Yes,One year,No,Electronic check,81.76,2076.38,2,Yes
1270-AZ,Female,0,Yes,Yes,62,Yes,No,DSL,No,Yes,Yes,Yes,Yes,Yes,Two year,Yes,Mailed check,92.97,5766.17,2,No
9930-YJ,Female,0,Yes,No,42,Yes,No,Fiber optic,No,No,Yes,No,No,No,Month-to-month,Yes,Mailed check,74.1,3128.12,0,No
9250-OV,Male,1,Yes,No,4,Yes,No,No,No internet service,No internet service,No internet service,No internet service,No internet service,No internet service,One year,No,Mailed check,18.5,111.85,1,No
5858-FT,Male,0,No,No,62,Yes,Yes,DSL,No,No,Yes,Yes,No,Yes,One year,Yes,Mailed check,69.27,4389.12,1,No
9910-XU,Female,0,No,No,8,Yes,Yes,Fiber optic,No,Yes,No,No,No,Yes,Two year,Yes,Mailed check,87.89,629.89,7,No
1120-UE,Female,0,Yes,No,17,Yes,Yes,DSL,No,Yes,No,No,Yes,No,Two year,Yes,Credit card (automatic),61.71,1102.81,2,No
6565-DV,Female,0,No,No,5,Yes,Yes,Fiber optic,Yes,No,Yes,Yes,No,No,Two year,Yes,Bank transfer (automatic),85.35,397.84,3,No
7929-CQ,Female,0,Yes,Yes,63,Yes,No,Fiber optic,No,No,No,No,Yes,Yes,Two year,No,Bank transfer (automatic),87.93,5493.37,2,No
9177-RX,Male,1,No,No,9,Yes,No,Fiber optic,Yes,Yes,No,No,Yes,Yes,Month-to-month,Yes,Electronic check,104.66,977.39,2,Yes
6911-BM,Female,0,No,No,8,Yes,Yes,DSL,Yes,No,No,No,Yes,No,Month-to-month,No,Electronic check,67.34,596.29,0,Yes
6828-CE,Female,0,Yes,No,7,Yes,Yes,DSL,Yes,No,No,No,No,No,One year,No,Credit card (automatic),48.39,350.74,4,No
7436-EC,Male,0,No,No,37,Yes,Yes,Fiber optic,No,Yes,Yes,No,Yes,Yes,Month-to-month,Yes,Credit card (automatic),102.43,3771.33,2,No
8614-CT,Female,0,No,No,55,No,No phone service,No,No internet service,No internet service,No internet service,No internet service,No internet service,No internet service,Month-to-month,No,Bank transfer (automatic),18.5,1000.83,3,No
9150-RZ,Male,0,No,No,67,Yes,Yes,DSL,No,No,No,Yes,No,Yes,Month-to-month,No,Electronic check,61.41,4225.5,0,Yes
6539-AZ,Female,0,Yes,No,8,Yes,No,DSL,No,No,No,No,No,No,One year,No,Electronic check,41.32,314.09,1,No
2151-UX,Male,0,Yes,No,69,Yes,Yes,Fiber optic,Yes,No,No,Yes,No,No,Month-to-month,Yes,Credit card (automatic),82.23,5710.51,2,No
7302-ZL,Female,0,No,No,5,Yes,No,DSL,No,No,Yes,No,No,Yes,One year,Yes,Bank transfer (automatic),62.28,304.35,2,No
9402-JG,Female,0,Yes,No,17,No,No phone service,DSL,No,No,Yes,No,Yes,Yes,Month-to-month,Yes,Electronic check,67.3,1146.74,3,No
3507-TE,Female,0,Yes,No,58,Yes,No,Fiber optic,No,No,Yes,Yes,No,Yes,Month-to-month,Yes,Electronic check,94.07,5519.14,1,Yes
8494-TV,Female,0,No,No,63,Yes,No,Fiber optic,Yes,No,No,No,Yes,Yes,Two year,Yes,Electronic check,91.09,5832.02,1,No
4705-NK,Female,0,Yes,Yes,27,Yes,Yes,DSL,No,No,No,Yes,No,No,One year,Yes,Electronic check,51.44,1361.99,1,Yes
5038-JI,Male,0,No,Yes,68,Yes,No,No,No internet service,No internet service,No internet service,No internet service,No internet service,No internet service,One year,No,Credit card (automatic),20.28,1348.78,2,No
8011-PJ,Female,0,Yes,No,28,Yes,No,DSL,Yes,No,Yes,No,No,No,Month-to-month,No,Credit card (automatic),56.68,1598.94,5,No
2746-XQ,Male,0,No,Yes,58,Yes,Yes,DSL,Yes,Yes,Yes,No,Yes,Yes,Month-to-month,Yes,Electronic check,92.3,5329.77,3,No
3696-MA,Male,0,No,No,50,Yes,Yes,DSL,No,No,Yes,No,Yes,No,Two year,Yes,Electronic check,61.23,2976.46,1,No
8073-MX,Male,0,No,Yes,67,Yes,No,Fiber optic,Yes,No,Yes,No,No,No,Month-to-month,Yes,Mailed check,78.1,5165.88,2,No
4718-PS,Male,0,Yes,No,31,Yes,Yes,Fiber optic,No,No,No,No,No,Yes,Month-to-month,Yes,Bank transfer (automatic),79.1,2465.27,1,Yes
8910-FR,Female,0,No,Yes,12,Yes,Yes,DSL,No,No,Yes,No,Yes,No,Two year,Yes,Electronic check,66.37,798.84,1,Yes
4708-LZ,Female,1,Yes,Yes,55,Yes,Yes,DSL,Yes,No,No,Yes,Yes,No,Month-to-month,No,Credit card (automatic),77.89,4182.94,0,No
8692-LU,Female,0,Yes,Yes,4,Yes,Yes,DSL,No,No,Yes,Yes,No,Yes,One year,Yes,Credit card (automatic),70.52,270.57,1,No
2555-RD,Female,0,No,No,42,Yes,Yes,DSL,No,Yes,No,No,Yes,Yes,Month-to-month,No,Electronic check,74.12,3154.29,0,No
5187-XE,Male,0,No,No,54,Yes,No,Fiber optic,Yes,No,No,No,No,No,Two year,Yes,Bank transfer (automatic),72.22,3938.77,0,No
1036-LZ,Male,0,No,No,22,Yes,No,Fiber optic,Yes,Yes,Yes,No,No,No,Month-to-month,Yes,Mailed check,87.97,1912.7,0,Yes
9060-HV,Male,0,Yes,No,1,Yes,No,DSL,Yes,Yes,No,No,No,Yes,Month-to-month,Yes,Electronic check,71.3,98.22,1,Yes
9065-RI,Female,0,No,No,48,Yes,Yes,No,No internet service,No internet service,No internet service,No internet service,No internet service,No internet service,Month-to-month,Yes,Mailed check,18.5,818.74,2,No
6932-GJ,Female,0,No,No,43,Yes,Yes,Fiber optic,No,Yes,No,No,Yes,No,One year,Yes,Mailed check,84.54,3677.17,2,No
9328-VO,Female,0,Yes,No,20,No,No phone service,DSL,No,No,Yes,No,No,Yes,Month-to-month,No,Bank transfer (automatic),56.56,1122.3,2,Yes
6067-AL,Female,0,No,No,18,Yes,Yes,DSL,No,Yes,No,Yes,No,No,Two year,No,Electronic check,58.24,1083.24,2,No
1661-FS,Male,0,Yes,Yes,70,Yes,No,Fiber optic,No,Yes,No,No,Yes,No,Month-to-month,Yes,Bank transfer (automatic),86.14,6046.62,0,No
8887-SC,Female,0,Yes,Yes,49,Yes,Yes,Fiber optic,No,Yes,No,No,No,Yes,Month-to-month,Yes,Mailed check,88.41,4369.37,1,No
9534-JR,Female,0,No,No,17,Yes,No,Fiber optic,Yes,Yes,No,No,No,No,Month-to-month,Yes,Bank transfer (automatic),79.91,1454.82,1,Yes
4897-RC,Male,1,Yes,Yes,53,Yes,Yes,Fiber optic,No,Yes,Yes,Yes,No,No,One year,Yes,Credit card (automatic),92.25,4979.98,1,No
3169-WC,Male,0,Yes,No,22,Yes,No,DSL,No,Yes,No,No,No,No,Month-to-month,No,Bank transfer (automatic),49.44,1020.51,2,No
7454-YZ,Female,0,Yes,No,10,Yes,No,DSL,Yes,Yes,No,No,Yes,No,Two year,Yes,Credit card (automatic),66.65,649.6,0,No
2515-TG,Female,0,No,Yes,24,Yes,Yes,Fiber optic,Yes,Yes,Yes,No,No,Yes,One year,Yes,Credit card (automatic),101.7,2511.4,0,No
4544-XH,Male,0,Yes,No,12,No,No phone service,Fiber optic,Yes,No,Yes,No,No,Yes,Month-to-month,Yes,Bank transfer (automatic),86.67,998.51,0,Yes
3980-US,Female,0,Yes,No,4,Yes,No,No,No internet service,No internet service,No internet service,No internet service,No internet service,No internet service,Month-to-month,No,Bank transfer (automatic),18.5,175.69,1,Yes
5759-LU,Male,1,No,No,42,Yes,Yes,No,No internet service,No internet service,No internet service,No internet service,No internet service,No internet service,Month-to-month,No,Mailed check,21.39,905.16,3,No
1039-GO,Male,0,Yes,No,5,Yes,No,DSL,No,No,Yes,No,No,No,One year,Yes,Credit card (automatic),52.88,219.94,0,Yes
6373-FE,Female,0,No,Yes,26,Yes,No,DSL,Yes,No,Yes,No,Yes,Yes,One year,Yes,Mailed check,77.04,2010.43,1,No
8565-UM,Male,0,Yes,Yes,59,No,No phone service,Fiber optic,No,Yes,No,No,Yes,No,Month-to-month,No,Electronic check,78.82,4617.29,1,Yes
3217-RD,Female,0,Yes,No,62,Yes,Yes,No,No internet service,No internet service,No internet service,No internet service,No internet service,No internet service,Month-to-month,Yes,Electronic check,18.5,1133.91,1,No
9775-XK,Female,0,Yes,No,5,Yes,No,DSL,No,No,Yes,No,No,No,Month-to-month,Yes,Credit card (automatic),55.93,292.55,1,No
1815-LM,Female,1,Yes,Yes,26,Yes,Yes,DSL,Yes,No,No,No,Yes,No,Two year,Yes,Electronic check,69.35,1771.88,1,No
3511-WZ,Female,0,No,No,6,Yes,Yes,DSL,Yes,No,Yes,No,Yes,Yes,One year,No,Credit card (automatic),85.56,520.17,3,No
7516-AP,Male,0,Yes,No,24,No,No phone service,Fiber optic,No,No,Yes,No,Yes,Yes,One year,Yes,Credit card (automatic),83.46,1972.16,2,No
7702-FL,Female,1,No,No,53,Yes,Yes,Fiber optic,No,Yes,Yes,No,Yes,Yes,Month-to-month,Yes,Mailed check,106.59,5630.38,0,Yes
5513-LU,Female,0,Yes,No,7,Yes,Yes,Fiber optic,Yes,No,No,Yes,Yes,No,One year,No,Credit card (automatic),95.02,609.67,1,No
2421-PK,Male,0,No,No,10,Yes,Yes,DSL,No,No,Yes,Yes,Yes,Yes,Two year,No,Electronic check,82.92,814.87,3,Yes
8283-IJ,Female,0,No,No,39,Yes,No,DSL,Yes,Yes,Yes,No,No,No,Month-to-month,No,Credit card (automatic),64.34,2547.88,0,Yes
1255-QL,Female,0,Yes,Yes,28,Yes,No,DSL,No,Yes,No,No,Yes,No,Month-to-month,Yes,Bank transfer (automatic),60.58,1709.25,2,No
3962-KI,Female,0,No,No,42,Yes,No,DSL,No,Yes,No,No,Yes,Yes,Month-to-month,Yes,Credit card (automatic),72.26,3099.54,2,No
9372-FY,Female,0,No,No,62,No,No phone service,No,No internet service,No internet service,No internet service,No internet service,No internet service,No internet service,Two year,No,Electronic check,18.5,1147.3,2,No
6880-XY,Male,0,No,Yes,52,Yes,No,DSL,Yes,No,No,Yes,No,Yes,One year,No,Electronic check,72.79,3808.97,1,No
8091-PF,Male,0,Yes,No,22,Yes,No,DSL,No,No,Yes,Yes,Yes,No,Two year,Yes,Electronic check,69.64,1564.78,0,No
3260-DB,Female,0,Yes,No,57,Yes,Yes,Fiber optic,No,Yes,No,Yes,No,Yes,Month-to-month,No,Bank transfer (automatic),91.44,5199.49,4,No
1347-FI,Male,0,Yes,Yes,11,Yes,Yes,DSL,No,No,Yes,No,Yes,No,Month-to-month,Yes,Electronic check,63.57,611.37,1,Yes
5443-QN,Male,0,No,Yes,14,Yes,No,No,No internet service,No internet service,No internet service,No internet service,No internet service,No internet service,Month-to-month,Yes,Electronic check,23.54,274.45,0,Yes
9774-VS,Male,0,No,Yes,31,No,No phone service,DSL,No,No,Yes,No,Yes,Yes,Month-to-month,Yes,Electronic check,63.84,2082.2,0,No
6696-TY,Male,0,No,No,4,Yes,Yes,Fiber optic,No,No,Yes,No,No,Yes,Month-to-month,No,Bank transfer (automatic),85.78,376.42,0,Yes
7609-CR,Female,0,Yes,Yes,22,Yes,Yes,Fiber optic,No,No,No,No,No,No,Month-to-month,No,Bank transfer (automatic),65.63,1405.68,1,Yes
3274-GH,Male,1,Yes,No,64,Yes,Yes,DSL,No,No,Yes,Yes,No,Yes,One year,Yes,Bank transfer (automatic),75.11,4907.99,1,No
3577-MM,Female,0,Yes,Yes,61,Yes,Yes,DSL,Yes,No,No,No,Yes,Yes,Two year,No,Mailed check,75.88,4585.91,2,No
6591-SW,Female,0,Yes,No,6,Yes,No,DSL,No,No,No,No,Yes,Yes,Month-to-month,Yes,Credit card (automatic),69.25,317.63,1,Yes
5829-VL,Male,0,Yes,No,68,No,No phone service,Fiber optic,No,No,Yes,Yes,No,Yes,Month-to-month,No,Credit card (automatic),82.76,5644.65,1,No
6311-MY,Female,0,Yes,No,6,Yes,No,Fiber optic,No,Yes,Yes,No,No,No,Month-to-month,No,Mailed check,82.72,503.55,0,Yes
2387-SN,Male,0,No,Yes,66,Yes,Yes,No,No internet service,No internet service,No internet service,No internet service,No internet service,No internet service,Month-to-month,No,Mailed check,19.16,1218.62,2,No
4206-MF,Female,0,Yes,No,36,Yes,No,DSL,No,No,Yes,Yes,Yes,Yes,Month-to-month,Yes,Bank transfer (automatic),80.41,2896.65,0,No
9471-SS,Female,0,Yes,No,15,Yes,No,DSL,Yes,No,Yes,No,Yes,No,Month-to-month,Yes,Electronic check,73.88,1083.34,1,Yes
9562-IP,Male,0,No,No,40,Yes,No,DSL,No,No,No,No,Yes,Yes,Two year,Yes,Bank transfer (automatic),70.47,2824.99,1,No
8843-FH,Female,1,No,No,41,Yes,Yes,Fiber optic,No,Yes,Yes,No,No,No,One year,Yes,Bank transfer (automatic),80.38,3282.39,2,No
8063-PE,Male,0,Yes,Yes,7,Yes,Yes,No,No internet service,No internet service,No internet service,No internet service,No internet service,No internet service,Month-to-month,Yes,Mailed check,19.94,218.92,1,Yes
6556-VJ,Female,0,No,Yes,22,Yes,Yes,DSL,No,No,Yes,No,Yes,Yes,One year,No,Mailed check,81.38,1824.26,4,No
3422-MZ,Female,0,Yes,Yes,72,Yes,No,DSL,No,Yes,Yes,Yes,Yes,Yes,Two year,Yes,Bank transfer (automatic),92.46,6736.57,0,No
7157-GT,Male,0,Yes,No,11,Yes,Yes,DSL,No,No,No,No,No,Yes,Two year,No,Electronic check,59.25,673.14,2,No
8813-GE,Male,0,No,No,2,Yes,No,DSL,No,Yes,No,No,Yes,No,Two year,Yes,Credit card (automatic),64.96,57.9,2,No
7708-RW,Male,0,No,No,30,Yes,Yes,Fiber optic,No,Yes,Yes,No,Yes,Yes,Two year,Yes,Credit card (automatic),99.26,2922.02,2,No
7635-FA,Female,0,No,No,68,No,No phone service,DSL,Yes,Yes,Yes,No,No,Yes,Month-to-month,No,Mailed check,74.64,5201.83,0,No
6315-SL,Male,0,No,No,53,No,No phone service,No,No internet service,No internet service,No internet service,No internet service,No internet service,No internet service,One year,Yes,Electronic check,18.5,819.09,3,No
1726-ZT,Male,0,Yes,Yes,21,Yes,Yes,DSL,No,No,No,No,No,Yes,Month-to-month,Yes,Mailed check,57.89,1212.79,4,Yes
3815-KP,Male,0,No,Yes,25,Yes,No,No,No internet service,No internet service,No internet service,No internet service,No internet service,No internet service,Month-to-month,Yes,Mailed check,18.5,356.09,2,Yes
3984-CE,Male,0,Yes,No,72,Yes,No,DSL,Yes,No,Yes,No,Yes,No,Month-to-month,Yes,Credit card (automatic),77.0,5574.52,2,No
7099-NZ,Female,0,Yes,No,5,Yes,Yes,Fiber optic,Yes,No,No,No,No,Yes,Month-to-month,No,Electronic check,80.62,345.07,4,Yes
8790-FZ,Female,0,Yes,No,66,Yes,No,No,No internet service,No internet service,No internet service,No internet service,No internet service,No internet service,Month-to-month,Yes,Mailed check,19.31,1278.46,1,No
2074-EM,Female,0,Yes,No,49,Yes,No,No,No internet service,No internet service,No internet service,No internet service,No internet service,No internet service,One year,No,Mailed check,21.81,1086.71,2,No
4231-PA,Female,0,No,Yes,8,Yes,Yes,Fiber optic,No,No,Yes,Yes,No,No,One year,Yes,Electronic check,85.55,730.02,2,No
4838-VK,Female,0,No,Yes,27,Yes,Yes,DSL,No,No,No,No,No,Yes,One year,Yes,Electronic check,57.87,1559.66,1,No
6044-HY,Female,0,No,No,2,No,No phone service,DSL,Yes,No,Yes,No,Yes,No,One year,Yes,Bank transfer (automatic),61.02,57.92,1,No
7103-NM,Male,0,Yes,No,28,Yes,No,Fiber optic,No,No,No,No,No,No,Month-to-month,Yes,Credit card (automatic),62.44,1798.52,2,No
7783-TO,Female,0,No,No,11,Yes,Yes,No,No internet service,No internet service,No internet service,No internet service,No internet service,No internet service,Month-to-month,Yes,Credit card (automatic),20.27,292.65,1,Yes
4389-UM,Male,0,No,No,46,Yes,No,DSL,No,Yes,No,Yes,Yes,No,Two year,Yes,Mailed check,72.71,3378.85,2,No
4688-YJ,Male,0,No,Yes,21,No,No phone service,No,No internet service,No internet service,No internet service,No internet service,No internet service,No internet service,One year,No,Bank transfer (automatic),18.5,423.89,0,No
8211-NA,Male,0,Yes,No,42,No,No phone service,Fiber optic,Yes,No,No,No,No,Yes,Two year,Yes,Bank transfer (automatic),78.23,3317.02,2,No
6037-NH,Male,0,Yes,No,32,Yes,Yes,DSL,No,No,No,Yes,No,No,Month-to-month,Yes,Bank transfer (automatic),53.77,1736.09,2,Yes
7319-NA,Female,0,No,Yes,32,Yes,Yes,DSL,No,No,No,No,Yes,Yes,One year,No,Electronic check,67.79,2154.98,1,No
1081-GO,Female,0,No,No,71,Yes,Yes,DSL,No,Yes,No,Yes,No,No,Month-to-month,Yes,Bank transfer (automatic),59.01,4231.35,1,No
7999-QS,Female,0,Yes,No,22,Yes,Yes,DSL,Yes,No,No,No,No,Yes,Two year,No,Electronic check,62.84,1456.36,0,Yes
2480-XX,Male,0,Yes,No,21,Yes,No,Fiber optic,Yes,Yes,Yes,No,No,Yes,Month-to-month,Yes,Credit card (automatic),102.36,2111.69,1,No
4598-YZ,Female,0,No,No,22,Yes,No,DSL,No,No,No,No,Yes,Yes,Month-to-month,No,Credit card (automatic),72.05,1626.39,0,No
5183-AP,Female,0,No,No,34,Yes,Yes,Fiber optic,Yes,No,No,No,No,No,One year,Yes,Bank transfer (automatic),75.63,2584.67,0,No
8644-WM,Female,0,No,No,10,Yes,Yes,Fiber optic,No,No,No,Yes,Yes,No,One year,Yes,Electronic check,87.7,736.27,2,Yes
2758-HQ,Female,0,Yes,Yes,65,Yes,No,No,No internet service,No internet service,No internet service,No internet service,No internet service,No internet service,Month-to-month,Yes,Bank transfer (automatic),21.6,1392.93,2,Yes
6813-WN,Female,1,Yes,No,65,Yes,Yes,Fiber optic,Yes,No,No,No,Yes,No,Month-to-month,Yes,Credit card (automatic),88.68,5720.8,1,No
3292-UG,Female,0,Yes,No,67,Yes,No,Fiber optic,No,Yes,Yes,No,Yes,Yes,Month-to-month,Yes,Credit card (automatic),101.04,6796.41,1,No
8550-OP,Male,0,No,Yes,43,Yes,Yes,No,No internet service,No internet service,No internet service,No internet service,No internet service,No internet service,Two year,No,Credit card (automatic),18.5,778.89,0,No
1114-FW,Male,0,Yes,No,41,Yes,Yes,DSL,No,No,No,No,Yes,Yes,Two year,No,Bank transfer (automatic),73.93,2968.98,4,No
3347-RP,Female,0,Yes,No,13,Yes,Yes,DSL,No,Yes,Yes,No,No,Yes,One year,Yes,Credit card (automatic),68.9,909.56,1,No
1011-TM,Male,0,Yes,Yes,4,Yes,Yes,Fiber optic,Yes,No,Yes,Yes,No,Yes,Two year,Yes,Electronic check,106.01,394.76,1,No
8871-HZ,Male,0,Yes,Yes,23,Yes,Yes,DSL,Yes,No,No,No,No,Yes,One year,Yes,Electronic check,65.75,1511.3,1,No
6397-AZ,Female,1,Yes,Yes,70,Yes,Yes,DSL,No,No,No,Yes,Yes,No,One year,Yes,Mailed check,64.6,4567.61,1,No
3036-GO,Male,0,Yes,No,34,Yes,Yes,DSL,No,Yes,No,Yes,No,No,Two year,No,Electronic check,59.22,2007.69,1,No
1540-VM,Female,0,No,No,41,Yes,No,DSL,No,Yes,No,No,Yes,No,Month-to-month,Yes,Electronic check,64.36,2563.86,0,No
1076-IX,Male,0,Yes,No,18,Yes,No,Fiber optic,Yes,Yes,Yes,Yes,Yes,Yes,Month-to-month,No,Bank transfer (automatic),118.11,2131.16,2,Yes
6134-DM,Female,0,Yes,Yes,33,No,No phone service,DSL,No,Yes,No,Yes,No,Yes,One year,Yes,Bank transfer (automatic),63.15,2044.22,1,No
5267-EG,Male,1,Yes,Yes,25,No,No phone service,Fiber optic,No,Yes,No,No,Yes,Yes,Month-to-month,No,Electronic check,87.56,2161.63,1,Yes
8652-IN,Male,0,No,No,52,No,No phone service,Fiber optic,No,Yes,Yes,No,Yes,No,Month-to-month,No,Mailed check,82.63,4304.04,2,No
4659-DT,Male,0,Yes,No,17,Yes,No,Fiber optic,No,No,No,No,No,No,Two year,Yes,Credit card (automatic),61.08,1027.39,1,Yes
8740-HQ,Male,0,Yes,Yes,51,Yes,Yes,Fiber optic,No,Yes,Yes,Yes,No,No,One year,Yes,Electronic check,90.3,4653.12,0,No
4495-UA,Female,0,Yes,Yes,3,Yes,Yes,DSL,Yes,No,Yes,Yes,No,No,Month-to-month,No,Credit card (automatic),74.33,261.42,0,No
2779-BD,Male,0,No,Yes,55,Yes,No,DSL,No,No,No,Yes,Yes,No,Month-to-month,Yes,Bank transfer (automatic),69.29,3865.34,1,No
7487-UA,Female,1,No,No,56,Yes,No,DSL,No,No,No,Yes,No,Yes,Month-to-month,Yes,Bank transfer (automatic),64.72,3517.92,5,Yes
1258-LS,Female,0,Yes,No,35,Yes,No,Fiber optic,No,No,No,Yes,Yes,No,Month-to-month,Yes,Electronic check,86.89,3018.21,3,No
9014-VP,Male,0,Yes,No,68,Yes,Yes,Fiber optic,No,No,No,No,Yes,No,One year,Yes,Electronic check,76.98,5103.57,3,No
4017-VF,Male,1,Yes,No,59,Yes,Yes,Fiber optic,No,No,No,No,No,Yes,Two year,No,Mailed check,74.67,4334.57,2,No
1784-UV,Female,0,No,No,59,Yes,No,Fiber optic,Yes,Yes,No,Yes,No,Yes,One year,No,Electronic check,98.84,5846.55,0,No
4196-QU,Male,0,No,Yes,13,Yes,No,DSL,Yes,No,Yes,Yes,Yes,No,Month-to-month,No,Electronic check,80.49,1021.98,0,No
1562-RK,Female,0,Yes,Yes,62,Yes,Yes,DSL,No,Yes,No,No,Yes,Yes,Month-to-month,Yes,Credit card (automatic),73.85,4614.45,0,No
3999-GJ,Male,0,No,No,47,Yes,No,Fiber optic,No,No,No,No,Yes,No,Month-to-month,Yes,Electronic check,79.03,3729.56,3,Yes
1068-LP,Female,0,Yes,Yes,3,No,No phone service,Fiber optic,No,Yes,Yes,No,No,Yes,One year,No,Mailed check,79.47,141.36,2,Yes
3428-YU,Male,1,No,No,21,Yes,Yes,DSL,No,Yes,Yes,Yes,No,Yes,Month-to-month,Yes,Bank transfer (automatic),77.86,1640.14,0,No
7993-CT,Male,0,No,Yes,65,Yes,No,DSL,No,No,No,Yes,No,No,Month-to-month,Yes,Electronic check,54.1,3554.64,1,No
4598-EM,Female,0,No,Yes,18,Yes,Yes,Fiber optic,No,Yes,No,No,Yes,No,Two year,Yes,Mailed check,88.13,1577.45,2,No
1573-WU,Female,0,Yes,Yes,13,Yes,No,Fiber optic,Yes,No,No,No,No,Yes,One year,No,Mailed check,81.99,1140.42,3,No
2478-ZJ,Female,0,No,No,71,Yes,No,DSL,No,Yes,No,Yes,No,Yes,One year,No,Bank transfer (automatic),66.43,4604.05,1,No
7127-HI,Male,0,Yes,No,45,No,No phone service,No,No internet service,No internet service,No internet service,No internet service,No internet service,No internet service,One year,Yes,Bank transfer (automatic),18.5,806.63,1,No
7676-UH,Male,0,Yes,Yes,62,Yes,Yes,DSL,Yes,No,Yes,No,Yes,Yes,One year,Yes,Electronic check,85.34,5256.37,0,No
9166-OU,Male,0,Yes,Yes,30,Yes,Yes,No,No internet service,No internet service,No internet service,No internet service,No internet service,No internet service,Month-to-month,No,Bank transfer (automatic),18.5,553.85,1,No
7050-QK,Male,0,Yes,No,14,Yes,Yes,DSL,No,No,No,No,Yes,Yes,One year,Yes,Electronic check,69.62,997.0,3,No
9484-YJ,Female,0,Yes,No,53,Yes,Yes,Fiber optic,Yes,No,No,Yes,No,No,One year,Yes,Bank transfer (automatic),81.46,4361.05,0,No
5526-ND,Female,0,No,Yes,10,Yes,No,Fiber optic,No,No,Yes,No,Yes,Yes,Month-to-month,No,Credit card (automatic),96.08,932.28,2,Yes
9787-BL,Male,0,No,No,72,Yes,No,Fiber optic,No,No,No,No,No,Yes,Two year,Yes,Electronic check,77.75,5567.4,3,No
7852-FX,Male,0,Yes,No,31,Yes,Yes,DSL,Yes,No,No,No,No,Yes,Two year,Yes,Bank transfer (automatic),66.05,2049.94,2,No
8971-FP,Male,1,Yes,No,6,Yes,No,Fiber optic,Yes,No,No,No,Yes,Yes,Month-to-month,Yes,Mailed check,94.83,565.48,0,No
8822-NW,Female,0,Yes,No,19,Yes,Yes,DSL,Yes,No,No,Yes,No,No,One year,Yes,Electronic check,65.96,1265.49,1,No
6340-LP,Female,0,Yes,No,12,Yes,Yes,DSL,No,Yes,No,No,Yes,No,One year,Yes,Electronic check,65.13,823.42,1,Yes
4932-MK,Male,0,Yes,No,64,Yes,No,DSL,No,No,No,Yes,No,Yes,One year,Yes,Credit card (automatic),67.43,4298.79,1,No
3429-QU,Female,0,Yes,Yes,55,Yes,No,Fiber optic,No,No,Yes,No,No,Yes,Month-to-month,No,Mailed check,90.87,4945.88,2,No
8147-PO,Male,0,No,No,67,Yes,Yes,DSL,Yes,No,Yes,Yes,No,Yes,Month-to-month,No,Mailed check,86.1,5753.99,1,No
5329-DW,Male,0,No,Yes,9,Yes,Yes,DSL,Yes,Yes,Yes,Yes,No,No,One year,No,Credit card (automatic),76.54,637.48,2,No
1092-IU,Female,0,No,No,6,Yes,No,DSL,No,No,Yes,No,Yes,No,Two year,No,Mailed check,63.54,472.81,2,No
1051-IU,Female,0,No,Yes,1,Yes,Yes,DSL,Yes,Yes,No,Yes,Yes,Yes,One year,No,Credit card (automatic),93.66,80.22,1,No
6688-XT,Female,1,Yes,No,42,Yes,No,Fiber optic,No,Yes,No,Yes,Yes,Yes,One year,No,Bank transfer (automatic),100.61,4197.76,1,No
8018-KG,Female,0,Yes,Yes,55,Yes,No,Fiber optic,No,Yes,No,Yes,No,Yes,Two year,Yes,Electronic check,96.03,5259.54,2,No
4956-JD,Male,0,Yes,Yes,49,Yes,Yes,DSL,No,Yes,Yes,No,No,Yes,One year,No,Mailed check,68.52,3404.26,1,No
7875-PI,Female,0,No,No,30,Yes,No,No,No internet service,No internet service,No internet service,No internet service,No internet service,No internet service,One year,No,Electronic check,20.38,663.89,0,No
2525-DB,Female,0,Yes,No,35,Yes,Yes,Fiber optic,No,Yes,No,Yes,No,Yes,Month-to-month,No,Mailed check,95.98,3371.22,3,Yes
7125-CR,Female,0,Yes,No,63,Yes,No,No,No internet service,No internet service,No internet service,No internet service,No internet service,No internet service,Month-to-month,Yes,Credit card (automatic),20.63,1286.0,1,No
7900-RL,Female,0,No,Yes,22,Yes,Yes,Fiber optic,No,No,Yes,Yes,Yes,Yes,Month-to-month,Yes,Bank transfer (automatic),102.35,2232.38,2,Yes
3500-IT,Male,0,Yes,No,43,Yes,Yes,DSL,No,No,No,Yes,No,No,Month-to-month,Yes,Bank transfer (automatic),50.52,2067.27,0,Yes
8496-DQ,Male,0,No,Yes,28,Yes,No,Fiber optic,Yes,No,Yes,No,Yes,Yes,Two year,Yes,Credit card (automatic),102.72,2921.86,2,No
6430-WB,Female,0,No,No,18,Yes,No,DSL,Yes,No,No,Yes,Yes,No,Month-to-month,Yes,Electronic check,73.02,1393.91,1,Yes
4176-IE,Female,0,Yes,No,32,Yes,No,Fiber optic,No,No,No,No,Yes,Yes,Month-to-month,No,Credit card (automatic),89.64,2830.23,2,No
7158-OC,Male,0,No,No,69,Yes,Yes,No,No internet service,No internet service,No internet service,No internet service,No internet service,No internet service,One year,No,Bank transfer (automatic),18.5,1293.13,2,No
1722-CF,Male,0,No,Yes,54,Yes,No,DSL,No,No,Yes,No,No,No,Month-to-month,Yes,Mailed check,50.31,2760.62,0,No
4331-XM,Female,1,No,No,34,Yes,Yes,DSL,No,No,No,No,No,No,Month-to-month,Yes,Mailed check,38.81,1289.76,1,No
1330-EA,Male,0,Yes,No,31,Yes,Yes,DSL,No,Yes,No,No,Yes,Yes,Two year,No,Electronic check,79.44,2455.52,0,No
6493-AC,Male,0,No,Yes,4,Yes,Yes,Fiber optic,Yes,No,No,Yes,No,No,Two year,No,Bank transfer (automatic),79.49,353.41,2,Yes
6614-ZU,Male,0,Yes,No,14,Yes,No,Fiber optic,No,No,No,No,No,Yes,Month-to-month,Yes,Bank transfer (automatic),80.39,1147.82,1,Yes
6913-WJ,Male,0,No,Yes,15,Yes,Yes,DSL,Yes,No,No,No,No,Yes,Month-to-month,Yes,Electronic check,68.74,1062.43,4,Yes
6611-YV,Female,0,Yes,No,60,Yes,Yes,DSL,No,Yes,No,Yes,Yes,Yes,Month-to-month,No,Electronic check,86.37,5108.56,2,Yes
5200-XY,Male,0,Yes,No,20,Yes,No,Fiber optic,No,Yes,No,No,Yes,No,Month-to-month,No,Mailed check,88.38,1775.49,0,No
1329-TI,Male,0,Yes,No,20,Yes,No,Fiber optic,No,No,Yes,Yes,Yes,Yes,Month-to-month,Yes,Mailed check,104.5,2055.86,1,Yes
7742-UU,Female,0,Yes,No,49,Yes,Yes,Fiber optic,No,Yes,No,Yes,Yes,Yes,Month-to-month,No,Bank transfer (automatic),102.38,4991.86,1,No
2793-ZS,Female,0,Yes,Yes,68,Yes,No,DSL,No,No,No,No,Yes,No,Month-to-month,No,Mailed check,53.66,3682.59,2,No
9125-NH,Female,0,Yes,Yes,18,Yes,Yes,Fiber optic,Yes,No,Yes,No,Yes,No,Month-to-month,Yes,Electronic check,88.12,1511.57,2,No
7170-ON,Male,0,Yes,No,24,Yes,No,DSL,No,No,No,No,No,Yes,Two year,No,Credit card (automatic),55.63,1376.34,0,No
7644-AK,Female,0,Yes,No,27,Yes,No,DSL,Yes,No,Yes,Yes,No,Yes,Month-to-month,Yes,Mailed check,79.77,2126.55,2,No
9411-YC,Male,0,Yes,Yes,33,Yes,No,Fiber optic,No,Yes,No,Yes,No,No,Two year,No,Credit card (automatic),82.42,2783.45,1,No
3611-BY,Female,1,Yes,No,64,Yes,No,Fiber optic,No,Yes,Yes,No,No,Yes,Month-to-month,No,Bank transfer (automatic),90.9,5808.48,2,No
7041-GH,Male,1,No,Yes,25,Yes,Yes,DSL,Yes,Yes,No,Yes,No,No,One year,No,Bank transfer (automatic),68.72,1825.34,0,No
9437-OJ,Female,0,No,No,69,Yes,No,DSL,Yes,Yes,Yes,No,Yes,No,Two year,Yes,Electronic check,79.92,5415.87,2,No
4349-AF,Female,0,Yes,Yes,18,Yes,No,Fiber optic,No,No,No,Yes,Yes,No,Two year,Yes,Credit card (automatic),82.18,1382.36,0,No
6247-MN,Male,0,Yes,No,45,Yes,Yes,DSL,No,No,No,No,Yes,No,Month-to-month,Yes,Credit card (automatic),59.54,2740.03,3,No
5898-KC,Female,0,No,Yes,20,Yes,Yes,No,No internet service,No internet service,No internet service,No internet service,No internet service,No internet service,Month-to-month,No,Mailed check,18.5,429.52,0,Yes
2417-OK,Female,1,Yes,Yes,35,Yes,No,No,No internet service,No internet service,No internet service,No internet service,No internet service,No internet service,One year,No,Credit card (automatic),20.5,645.38,1,No
1110-ZX,Female,0,Yes,No,6,Yes,No,Fiber optic,No,Yes,Yes,Yes,No,Yes,Month-to-month,No,Electronic check,95.58,532.31,1,Yes
8391-ED,Female,0,Yes,No,9,Yes,Yes,Fiber optic,Yes,Yes,Yes,No,No,No,Two year,No,Bank transfer (automatic),95.25,841.15,1,No
6132-IY,Female,1,No,No,52,Yes,No,Fiber optic,Yes,No,Yes,No,No,No,Two year,Yes,Bank transfer (automatic),81.28,4239.13,1,No
9289-XE,Male,0,Yes,Yes,28,Yes,Yes,DSL,Yes,Yes,No,Yes,No,No,One year,No,Credit card (automatic),70.41,2024.16,0,No
2734-AZ,Male,0,No,No,19,Yes,No,Fiber optic,Yes,No,No,No,Yes,No,One year,No,Electronic check,83.38,1579.76,1,No
3196-KL,Female,0,Yes,Yes,63,Yes,No,Fiber optic,No,Yes,Yes,No,No,Yes,One year,Yes,Bank transfer (automatic),90.6,5772.25,0,No
2906-ZL,Female,0,No,No,7,Yes,No,Fiber optic,Yes,Yes,Yes,Yes,No,Yes,Month-to-month,No,Electronic check,107.56,785.73,2,Yes
2816-DT,Male,0,Yes,No,37,Yes,Yes,No,No internet service,No internet service,No internet service,No internet service,No internet service,No internet service,Two year,Yes,Electronic check,18.5,695.72,0,No
6775-JM,Male,0,Yes,No,36,Yes,No,No,No internet service,No internet service,No internet service,No internet service,No internet service,No internet service,Month-to-month,Yes,Electronic check,28.4,984.46,3,No
7849-CS,Female,0,Yes,Yes,17,No,No phone service,DSL,No,No,No,No,No,No,Two year,Yes,Credit card (automatic),30.82,587.21,1,No
3322-UT,Male,0,No,No,37,Yes,No,Fiber optic,Yes,Yes,No,No,Yes,Yes,Two year,No,Credit card (automatic),103.04,3752.63,1,No
5359-NJ,Female,1,Yes,No,60,Yes,Yes,Fiber optic,Yes,Yes,Yes,Yes,Yes,No,One year,No,Electronic check,109.63,6532.66,1,No
6660-OW,Female,0,Yes,No,49,Yes,No,No,No internet service,No internet service,No internet service,No internet service,No internet service,No internet service,One year,Yes,Electronic check,19.37,990.59,1,No
9401-NS,Female,0,No,No,56,Yes,No,DSL,Yes,Yes,No,Yes,Yes,Yes,Month-to-month,No,Mailed check,96.09,5378.66,3,No
2563-ZJ,Female,0,No,No,34,Yes,No,Fiber optic,No,Yes,No,No,Yes,Yes,Two year,Yes,Mailed check,95.76,3311.18,1,No
1174-DW,Male,0,Yes,No,30,No,No phone service,DSL,No,No,No,No,Yes,Yes,Month-to-month,Yes,Credit card (automatic),63.52,1879.27,1,No
1321-CG,Male,0,Yes,Yes,27,Yes,No,DSL,No,No,Yes,Yes,No,Yes,Month-to-month,Yes,Electronic check,68.55,1934.9,1,No
6604-WT,Male,1,Yes,No,51,Yes,No,DSL,No,No,No,Yes,No,No,Two year,Yes,Credit card (automatic),50.89,2570.36,0,No
8436-MK,Female,0,Yes,No,9,Yes,No,No,No internet service,No internet service,No internet service,No internet service,No internet service,No internet service,Month-to-month,No,Mailed check,18.5,161.05,1,No
6002-PO,Male,0,No,No,20,Yes,Yes,Fiber optic,Yes,Yes,No,No,Yes,Yes,Two year,Yes,Electronic check,109.14,2244.86,0,No
1949-RS,Female,0,Yes,No,47,Yes,No,Fiber optic,No,No,No,No,No,No,Month-to-month,Yes,Electronic check,61.96,2899.68,1,No
8701-VW,Female,1,No,No,19,Yes,No,DSL,No,Yes,No,No,Yes,Yes,Month-to-month,Yes,Electronic check,81.4,1553.29,2,Yes
1100-GB,Male,0,Yes,No,68,Yes,No,Fiber optic,No,No,No,Yes,Yes,Yes,Month-to-month,Yes,Electronic check,93.58,6311.47,1,No
3400-LJ,Female,1,Yes,No,12,Yes,No,No,No internet service,No internet service,No internet service,No internet service,No internet service,No internet service,One year,No,Credit card (automatic),18.5,162.87,1,No
3343-AL,Female,0,Yes,Yes,5,No,No phone service,DSL,Yes,No,Yes,No,Yes,No,One year,Yes,Credit card (automatic),62.27,419.93,0,No
2018-JV,Female,0,No,No,69,Yes,No,No,No internet service,No internet service,No internet service,No internet service,No internet service,No internet service,Two year,Yes,Credit card (automatic),20.43,1391.61,2,No
4536-ZC,Male,1,Yes,No,25,Yes,No,DSL,No,No,No,No,No,No,Month-to-month,No,Electronic check,48.89,1283.06,1,Yes
3502-LH,Female,0,No,Yes,31,Yes,No,No,No internet service,No internet service,No internet service,No internet service,No internet service,No internet service,Month-to-month,Yes,Mailed check,23.65,727.86,2,No
1979-LC,Male,0,No,No,46,Yes,Yes,Fiber optic,No,No,No,No,Yes,No,Month-to-month,No,Credit card (automatic),76.33,3480.83,1,No
1976-IJ,Female,0,Yes,No,34,Yes,No,DSL,No,Yes,No,No,Yes,Yes,One year,Yes,Bank transfer (automatic),75.04,2531.26,1,No
1107-EM,Male,0,Yes,No,41,Yes,No,DSL,No,Yes,No,Yes,No,Yes,Two year,Yes,Electronic check,72.82,2919.25,5,No
2626-OV,Female,0,Yes,No,68,Yes,Yes,DSL,Yes,No,No,No,Yes,No,Month-to-month,Yes,Electronic check,64.34,4341.83,2,No
7877-KH,Male,0,No,Yes,38,Yes,No,DSL,Yes,Yes,No,No,No,Yes,Month-to-month,Yes,Mailed check,74.57,2906.1,1,No
4809-LB,Male,0,Yes,No,46,Yes,Yes,Fiber optic,Yes,No,No,Yes,Yes,Yes,Month-to-month,Yes,Mailed check,104.55,4905.63,2,Yes
1559-UC,Female,0,No,No,69,Yes,No,DSL,No,Yes,Yes,No,Yes,No,Two year,Yes,Credit card (automatic),74.27,5166.64,2,No
5969-SH,Female,0,No,No,27,Yes,No,No,No internet service,No internet service,No internet service,No internet service,No internet service,No internet service,Two year,Yes,Credit card (automatic),21.86,625.0,1,No
4046-AL,Female,0,No,No,43,Yes,No,Fiber optic,No,Yes,No,No,Yes,No,Month-to-month,Yes,Electronic check,84.69,3621.86,2,Yes
1508-EP,Female,0,No,Yes,71,Yes,No,No,No internet service,No internet service,No internet service,No internet service,No internet service,No internet service,One year,No,Electronic check,18.5,1267.87,0,No
4928-DQ,Male,0,Yes,No,45,Yes,No,Fiber optic,Yes,No,No,No,No,No,Month-to-month,Yes,Credit card (automatic),64.79,2927.17,1,No
1916-BL,Female,0,No,No,18,Yes,No,Fiber optic,No,No,No,Yes,No,Yes,Two year,Yes,Mailed check,84.86,1500.25,2,No
2760-LL,Male,0,No,No,32,Yes,No,DSL,Yes,Yes,No,No,No,No,Month-to-month,No,Electronic check,59.94,1924.27,2,Yes
1818-YQ,Female,0,Yes,No,2,Yes,No,Fiber optic,No,Yes,Yes,Yes,Yes,No,Two year,No,Credit card (automatic),100.52,222.51,0,No
4065-KM,Male,0,No,No,41,Yes,No,Fiber optic,No,Yes,No,No,Yes,No,Month-to-month,No,Bank transfer (automatic),84.71,3432.05,1,Yes
1602-HJ,Male,1,No,No,20,Yes,No,Fiber optic,No,No,No,No,No,No,Month-to-month,Yes,Electronic check,65.92,1352.13,1,Yes
4527-TH,Male,0,Yes,No,58,Yes,Yes,DSL,No,No,No,Yes,No,No,Two year,Yes,Bank transfer (automatic),55.57,3134.37,1,No
8963-BY,Female,0,Yes,No,38,Yes,No,Fiber optic,Yes,Yes,No,No,No,No,One year,Yes,Mailed check,78.65,3032.21,1,No
5615-MU,Female,0,Yes,No,1,Yes,No,Fiber optic,No,No,Yes,No,No,No,Month-to-month,Yes,Electronic check,68.85,67.65,0,Yes
7766-CW,Male,0,No,No,69,Yes,No,Fiber optic,No,Yes,Yes,No,No,Yes,Two year,No,Bank transfer (automatic),89.07,6096.28,3,No
7445-OB,Male,0,No,Yes,54,Yes,Yes,DSL,No,Yes,No,Yes,No,Yes,Two year,No,Mailed check,74.18,3969.92,0,No
9651-YT,Male,0,Yes,No,14,No,No phone service,Fiber optic,Yes,No,No,No,No,No,Month-to-month,Yes,Bank transfer (automatic),62.1,862.84,2,No
3808-OS,Male,0,Yes,No,25,Yes,Yes,Fiber optic,Yes,No,Yes,No,No,Yes,Month-to-month,No,Electronic check,90.47,2294.52,3,Yes
6633-LE,Male,0,Yes,No,9,Yes,Yes,Fiber optic,Yes,No,Yes,Yes,Yes,No,Month-to-month,Yes,Bank transfer (automatic),104.57,945.46,0,Yes
7096-NV,Female,0,Yes,No,61,Yes,No,Fiber optic,Yes,No,No,Yes,Yes,No,One year,No,Mailed check,95.65,5875.21,1,No
9823-YV,Male,0,Yes,No,52,Yes,Yes,No,No internet service,No internet service,No internet service,No internet service,No internet service,No internet service,Month-to-month,No,Credit card (automatic),20.84,1050.03,3,Yes
6423-GO,Female,0,No,Yes,8,Yes,No,Fiber optic,No,No,Yes,No,Yes,Yes,Two year,Yes,Bank transfer (automatic),102.17,810.91,1,No
5317-UY,Female,0,No,Yes,16,Yes,No,Fiber optic,No,No,No,Yes,Yes,No,Two year,No,Electronic check,87.75,1431.68,1,No
4955-ZK,Female,0,No,Yes,8,Yes,Yes,Fiber optic,Yes,Yes,Yes,No,Yes,No,Month-to-month,No,Mailed check,103.53,882.13,1,Yes
7805-UA,Male,0,Yes,No,23,Yes,No,Fiber optic,No,No,Yes,No,No,No,Month-to-month,Yes,Electronic check,65.87,1460.31,3,Yes
2620-NI,Male,0,No,Yes,34,Yes,No,DSL,No,No,Yes,No,No,Yes,Month-to-month,Yes,Mailed check,58.15,1861.77,3,No
9080-OU,Male,0,No,Yes,18,No,No phone service,Fiber optic,No,No,No,Yes,Yes,No,Two year,Yes,Electronic check,74.96,1324.37,1,Yes
7630-VV,Male,0,Yes,Yes,44,Yes,Yes,Fiber optic,No,No,Yes,Yes,Yes,No,One year,Yes,Mailed check,92.95,4054.12,3,Yes
5799-WF,Female,0,No,Yes,15,No,No phone service,DSL,Yes,No,No,No,Yes,No,Two year,Yes,Electronic check,57.08,894.22,1,No
3868-PZ,Female,0,No,No,15,Yes,No,No,No internet service,No internet service,No internet service,No internet service,No internet service,No internet service,Month-to-month,Yes,Mailed check,19.41,244.58,0,No
9776-NH,Female,1,No,No,23,Yes,Yes,DSL,No,Yes,No,Yes,Yes,No,Two year,Yes,Mailed check,73.63,1771.46,1,No
7413-LJ,Male,0,Yes,No,65,Yes,No,DSL,No,No,Yes,No,Yes,No,Month-to-month,No,Bank transfer (automatic),64.15,4180.35,5,No
2245-TT,Male,0,No,No,71,Yes,No,Fiber optic,No,Yes,No,No,Yes,Yes,One year,Yes,Credit card (automatic),94.35,6692.98,3,No
1537-UM,Male,1,No,No,32,Yes,No,Fiber optic,Yes,No,No,No,No,Yes,Month-to-month,No,Bank transfer (automatic),91.91,2909.58,0,No
1540-SO,Male,0,No,No,32,Yes,No,DSL,No,No,No,No,Yes,No,Month-to-month,No,Electronic check,59.51,1834.07,1,No
2415-WU,Male,0,Yes,No,33,Yes,No,DSL,Yes,No,No,No,Yes,Yes,One year,No,Bank transfer (automatic),76.64,2499.62,1,No
5062-UC,Male,0,No,No,43,Yes,No,DSL,Yes,No,No,No,No,Yes,Month-to-month,Yes,Credit card (automatic),64.25,2770.89,3,No
1185-EP,Female,0,Yes,No,13,Yes,No,DSL,No,No,No,No,No,No,Month-to-month,No,Mailed check,56.05,741.68,2,Yes
8013-ZT,Female,0,Yes,No,9,Yes,No,DSL,No,No,Yes,Yes,Yes,Yes,Two year,Yes,Credit card (automatic),82.78,704.82,0,No
7163-PX,Male,1,Yes,No,62,Yes,No,Fiber optic,No,No,Yes,Yes,No,No,Month-to-month,No,Credit card (automatic),80.1,5051.19,2,No
8635-OR,Female,0,No,No,57,No,No phone service,DSL,No,Yes,No,Yes,Yes,No,Month-to-month,No,Credit card (automatic),64.41,3746.86,3,No
2536-ZS,Female,0,No,No,48,Yes,Yes,DSL,No,Yes,Yes,Yes,No,No,One year,Yes,Credit card (automatic),63.96,3128.22,0,No
8399-FL,Female,0,No,No,43,Yes,No,Fiber optic,Yes,Yes,No,Yes,No,Yes,One year,No,Bank transfer (automatic),103.52,4467.55,1,No
5710-RV,Female,0,Yes,No,67,Yes,No,DSL,Yes,No,No,No,No,Yes,Month-to-month,No,Bank transfer (automatic),65.03,4307.53,0,No
5717-HX,Male,0,Yes,No,32,Yes,No,DSL,No,Yes,No,Yes,Yes,No,Month-to-month,Yes,Bank transfer (automatic),74.93,2371.89,3,Yes
8187-VN,Female,0,No,No,60,Yes,No,DSL,No,No,Yes,No,No,Yes,One year,No,Mailed check,62.87,3779.12,0,No
3180-IH,Male,0,No,Yes,1,Yes,No,DSL,Yes,No,No,No,Yes,No,One year,No,Electronic check,68.47,114.7,0,No
6153-PM,Male,0,No,Yes,57,Yes,No,Fiber optic,No,No,No,No,No,No,One year,Yes,Electronic check,63.86,3610.06,0,No
4270-PG,Female,0,Yes,Yes,69,Yes,Yes,DSL,Yes,No,No,No,Yes,No,Month-to-month,No,Credit card (automatic),64.71,4493.09,1,No
1288-AL,Male,0,No,No,69,Yes,Yes,No,No internet service,No internet service,No internet service,No internet service,No internet service,No internet service,Month-to-month,Yes,Mailed check,26.35,1766.87,0,Yes
4859-UO,Female,1,No,Yes,68,Yes,No,DSL,Yes,Yes,No,Yes,No,No,One year,No,Mailed check,67.21,4565.4,1,No
2183-PC,Male,0,Yes,Yes,61,No,No phone service,Fiber optic,Yes,No,No,No,No,Yes,One year,Yes,Bank transfer (automatic),74.35,4530.1,1,Yes
2446-XV,Male,0,Yes,Yes,8,No,No phone service,Fiber optic,No,No,No,No,No,Yes,Month-to-month,Yes,Electronic check,66.23,483.88,4,Yes
7213-PX,Female,0,Yes,No,7,Yes,No,No,No internet service,No internet service,No internet service,No internet service,No internet service,No internet service,Month-to-month,Yes,Mailed check,19.84,174.4,1,Yes
8894-VF,Female,0,No,No,37,Yes,Yes,DSL,Yes,No,No,No,Yes,Yes,Month-to-month,Yes,Credit card (automatic),79.68,2956.06,2,No
3377-PK,Male,0,No,Yes,42,Yes,No,DSL,No,No,No,No,No,No,One year,Yes,Mailed check,43.8,1832.7,0,No
7341-XA,Female,0,No,No,32,Yes,No,Fiber optic,Yes,Yes,No,Yes,No,No,Two year,Yes,Mailed check,87.84,2786.45,0,Yes
5791-FR,Male,0,Yes,Yes,17,No,No phone service,Fiber optic,No,Yes,No,No,Yes,No,Month-to-month,No,Electronic check,79.35,1305.12,2,Yes
6055-WM,Female,0,No,Yes,28,Yes,Yes,No,No internet service,No internet service,No internet service,No internet service,No internet service,No internet service,One year,No,Bank transfer (automatic),21.03,642.43,2,No
1372-HU,Male,0,No,No,70,Yes,No,DSL,No,Yes,Yes,No,No,Yes,Month-to-month,Yes,Bank transfer (automatic),70.48,4858.42,3,No
8795-MB,Male,0,Yes,No,48,Yes,Yes,DSL,Yes,Yes,Yes,No,No,No,Month-to-month,No,Mailed check,69.34,3355.02,2,No
1124-YB,Male,0,No,No,54,Yes,Yes,Fiber optic,No,Yes,No,No,Yes,No,Month-to-month,Yes,Electronic check,85.42,4530.77,2,Yes
2919-DR,Male,0,Yes,No,42,Yes,No,DSL,No,No,Yes,No,No,Yes,Month-to-month,No,Credit card (automatic),63.43,2703.68,1,No
1530-JR,Male,0,Yes,No,36,Yes,Yes,DSL,No,No,No,Yes,No,Yes,One year,Yes,Mailed check,69.67,2531.49,0,No
5349-YU,Female,0,Yes,No,66,Yes,No,DSL,No,No,Yes,Yes,No,No,Two year,Yes,Credit card (automatic),52.7,3451.79,2,No
2801-EQ,Male,0,Yes,No,31,Yes,No,DSL,Yes,No,No,Yes,No,Yes,One year,Yes,Mailed check,78.59,2482.39,2,No
6461-MW,Female,0,No,No,65,Yes,No,No,No internet service,No internet service,No internet service,No internet service,No internet service,No internet service,Two year,No,Credit card (automatic),19.13,1264.91,1,No
8432-XL,Female,0,Yes,Yes,3,Yes,No,DSL,No,No,Yes,Yes,Yes,No,Month-to-month,Yes,Mailed check,74.23,205.58,0,No
7189-HW,Male,0,No,No,13,Yes,Yes,No,No internet service,No internet service,No internet service,No internet service,No internet service,No internet service,Month-to-month,Yes,Electronic check,19.71,300.63,0,No
8076-SN,Male,0,Yes,No,31,Yes,No,Fiber optic,No,Yes,Yes,Yes,Yes,No,Month-to-month,Yes,Credit card (automatic),99.16,3070.27,3,Yes
5840-GZ,Female,1,Yes,No,29,No,No phone service,Fiber optic,No,No,Yes,No,No,Yes,One year,Yes,Electronic check,68.35,1932.06,3,No
5889-HN,Male,0,No,Yes,57,Yes,No,Fiber optic,No,No,No,No,No,Yes,Two year,No,Credit card (automatic),81.0,4682.15,0,No
4957-NK,Male,0,No,No,33,Yes,Yes,No,No internet service,No internet service,No internet service,No internet service,No internet service,No internet service,Month-to-month,Yes,Bank transfer (automatic),18.97,554.92,1,No
5621-UH,Female,1,Yes,Yes,53,No,No phone service,Fiber optic,No,Yes,Yes,No,No,No,Month-to-month,No,Electronic check,72.48,3859.12,1,No
9194-WR,Female,0,No,No,10,Yes,Yes,DSL,Yes,No,No,No,No,No,One year,No,Electronic check,57.06,624.95,1,No
1510-ML,Female,0,No,No,63,Yes,No,DSL,No,Yes,Yes,Yes,No,No,Two year,Yes,Electronic check,74.46,4671.7,2,No
2137-EG,Female,0,Yes,No,65,No,No phone service,No,No internet service,No internet service,No internet service,No internet service,No internet service,No internet service,Two year,Yes,Mailed check,18.5,1163.48,7,No
5666-KO,Female,0,Yes,Yes,2,Yes,No,Fiber optic,No,No,No,No,No,No,Month-to-month,No,Mailed check,67.5,135.88,0,Yes
7446-MN,Female,0,Yes,No,2,Yes,No,DSL,No,No,Yes,No,No,Yes,Month-to-month,Yes,Electronic check,65.29,49.65,1,Yes
3160-MJ,Male,0,No,Yes,69,Yes,Yes,Fiber optic,No,No,No,No,Yes,Yes,Two year,Yes,Electronic check,91.68,6407.18,0,No
3063-LZ,Female,0,Yes,No,37,Yes,No,DSL,Yes,No,No,No,Yes,Yes,Month-to-month,No,Mailed check,75.15,2760.07,0,No
9567-FF,Female,0,Yes,No,2,Yes,Yes,Fiber optic,Yes,Yes,Yes,No,Yes,Yes,One year,Yes,Electronic check,109.91,205.19,2,No
3667-YO,Male,0,Yes,No,61,Yes,No,Fiber optic,No,Yes,No,No,No,No,Month-to-month,No,Mailed check,72.0,4438.53,0,No
5919-DB,Male,0,Yes,No,40,Yes,No,DSL,Yes,Yes,No,No,Yes,Yes,One year,Yes,Mailed check,84.72,3443.51,2,No
8642-XL,Male,0,No,No,63,Yes,Yes,DSL,Yes,No,Yes,No,Yes,Yes,Month-to-month,Yes,Mailed check,83.26,5252.59,0,No
1883-II,Male,0,No,No,25,Yes,Yes,Fiber optic,No,No,Yes,Yes,Yes,Yes,Month-to-month,No,Electronic check,102.25,2494.2,2,Yes
6718-UW,Male,1,Yes,Yes,38,Yes,No,No,No internet service,No internet service,No internet service,No internet service,No internet service,No internet service,Month-to-month,No,Electronic check,18.5,722.82,1,No
9120-BM,Male,1,Yes,No,37,Yes,Yes,Fiber optic,No,Yes,No,No,No,Yes,Month-to-month,Yes,Bank transfer (automatic),86.66,3227.84,1,Yes
2786-DT,Female,0,Yes,Yes,27,No,No phone service,Fiber optic,No,No,No,Yes,No,No,Month-to-month,Yes,Credit card (automatic),67.37,1823.53,3,Yes
9269-HL,Male,0,No,No,50,Yes,No,Fiber optic,Yes,Yes,No,No,No,No,One year,No,Bank transfer (automatic),85.09,4284.93,2,Yes
9744-FZ,Male,0,No,Yes,34,Yes,Yes,DSL,Yes,Yes,Yes,No,No,Yes,Month-to-month,No,Credit card (automatic),77.9,2666.28,0,Yes
5861-QY,Male,0,Yes,No,44,No,No phone service,Fiber optic,No,No,No,No,Yes,No,Month-to-month,Yes,Electronic check,63.42,2703.03,0,Yes
2596-LQ,Male,0,Yes,No,72,Yes,No,Fiber optic,No,No,No,No,Yes,Yes,One year,Yes,Electronic check,90.25,6448.39,3,No
7156-SL,Female,0,Yes,No,4,Yes,Yes,DSL,Yes,Yes,No,No,Yes,Yes,Two year,No,Bank transfer (automatic),83.23,339.4,1,No
8919-YE,Male,0,No,No,52,Yes,No,DSL,No,No,Yes,Yes,No,Yes,Month-to-month,No,Mailed check,72.6,3767.14,2,No
3072-PY,Male,0,Yes,No,55,Yes,No,Fiber optic,No,No,No,No,Yes,Yes,Month-to-month,Yes,Credit card (automatic),87.67,4820.13,1,Yes
1938-QZ,Female,0,Yes,No,12,Yes,Yes,DSL,Yes,No,Yes,No,Yes,No,Month-to-month,Yes,Mailed check,72.48,858.35,2,No
8254-NF,Female,0,Yes,Yes,14,No,No phone service,DSL,No,No,No,No,Yes,Yes,One year,Yes,Electronic check,59.68,824.36,2,No
8128-WK,Female,0,Yes,No,35,No,No phone service,Fiber optic,No,No,Yes,No,No,No,One year,No,Mailed check,67.02,2310.45,2,No
2931-MD,Male,0,No,No,6,Yes,Yes,Fiber optic,Yes,No,No,No,Yes,No,Two year,No,Bank transfer (automatic),91.16,527.6,5,No
2126-BF,Female,0,Yes,No,47,Yes,No,DSL,Yes,No,No,Yes,No,No,Two year,Yes,Mailed check,58.11,2748.33,2,No
7437-RT,Female,0,Yes,Yes,23,Yes,No,DSL,No,No,No,Yes,Yes,No,Month-to-month,No,Electronic check,69.84,1542.42,1,Yes
5135-HH,Female,0,No,Yes,68,Yes,Yes,Fiber optic,No,No,Yes,No,No,Yes,Month-to-month,Yes,Credit card (automatic),89.43,6042.51,2,Yes
8904-BL,Male,0,Yes,No,65,No,No phone service,No,No internet service,No internet service,No internet service,No internet service,No internet service,No internet service,Month-to-month,Yes,Bank transfer (automatic),18.5,1183.91,1,No
5558-DY,Male,0,No,No,59,Yes,Yes,DSL,No,No,No,Yes,No,No,Two year,Yes,Mailed check,58.18,3430.06,1,No
9674-NV,Female,0,Yes,No,9,Yes,Yes,DSL,Yes,No,No,No,Yes,No,One year,Yes,Mailed check,68.86,633.79,1,No
9534-HM,Male,0,No,No,58,Yes,No,DSL,Yes,Yes,No,Yes,No,No,Two year,No,Bank transfer (automatic),68.8,4090.7,2,No
7227-AP,Male,0,Yes,No,48,Yes,No,DSL,Yes,No,No,No,Yes,Yes,Month-to-month,Yes,Mailed check,77.23,3683.4,1,No
8004-WX,Male,0,No,No,63,Yes,No,DSL,Yes,No,Yes,No,No,No,Two year,Yes,Electronic check,60.95,3895.3,1,No
3913-GF,Male,0,Yes,Yes,9,Yes,No,Fiber optic,Yes,Yes,No,No,Yes,No,One year,Yes,Mailed check,92.22,758.13,1,No
3340-DB,Male,0,Yes,Yes,44,Yes,Yes,Fiber optic,Yes,No,Yes,Yes,No,Yes,Two year,No,Electronic check,106.55,4843.51,0,No
6289-VE,Female,0,No,Yes,46,Yes,Yes,Fiber optic,No,Yes,No,No,No,No,Two year,Yes,Bank transfer (automatic),75.12,3485.21,0,No
8145-WV,Female,0,No,No,15,Yes,No,DSL,No,No,No,No,Yes,Yes,Month-to-month,No,Credit card (automatic),68.14,937.82,4,No
9955-OI,Female,0,Yes,No,53,Yes,No,Fiber optic,Yes,No,Yes,No,Yes,Yes,Two year,Yes,Bank transfer (automatic),105.82,5580.28,5,No
3160-UI,Female,0,No,No,48,Yes,No,DSL,Yes,No,No,No,Yes,No,Two year,Yes,Mailed check,62.08,2953.67,4,No
6878-PF,Male,0,Yes,No,72,Yes,No,DSL,No,Yes,No,Yes,Yes,Yes,One year,No,Electronic check,86.15,6124.86,1,No
3922-WQ,Female,0,No,No,42,Yes,Yes,Fiber optic,No,No,No,Yes,No,Yes,Month-to-month,Yes,Credit card (automatic),84.43,3565.94,1,Yes
9771-OA,Female,1,Yes,No,17,Yes,Yes,DSL,No,No,No,No,Yes,No,Month-to-month,Yes,Bank transfer (automatic),58.68,993.71,0,Yes
9093-TA,Male,0,Yes,No,35,Yes,Yes,DSL,No,No,Yes,Yes,No,Yes,One year,Yes,Bank transfer (automatic),68.84,2429.21,1,No
6608-LD,Male,0,Yes,No,31,Yes,No,Fiber optic,No,Yes,No,No,Yes,No,Month-to-month,Yes,Bank transfer (automatic),85.7,2658.13,2,Yes
7395-VM,Male,0,No,No,4,Yes,No,Fiber optic,No,Yes,No,No,Yes,No,Month-to-month,Yes,Electronic check,85.1,290.06,0,Yes
6531-MK,Male,0,No,No,48,Yes,No,DSL,No,Yes,Yes,No,No,No,Month-to-month,Yes,Electronic check,57.92,2880.5,5,Yes
7344-YX,Female,0,Yes,No,14,Yes,Yes,DSL,No,Yes,No,Yes,Yes,Yes,Two year,Yes,Electronic check,85.88,1146.88,1,No
8887-JK,Male,0,No,No,25,Yes,No,Fiber optic,No,Yes,Yes,Yes,Yes,No,One year,Yes,Bank transfer (automatic),101.95,2498.06,1,No
3939-NS,Male,0,Yes,No,46,Yes,Yes,No,No internet service,No internet service,No internet service,No internet service,No internet service,No internet service,Month-to-month,No,Electronic check,18.5,916.53,3,No
8851-RU,Male,0,Yes,Yes,48,Yes,Yes,No,No internet service,No internet service,No internet service,No internet service,No internet service,No internet service,Month-to-month,Yes,Mailed check,20.06,947.09,1,No
8074-AS,Male,0,No,No,40,Yes,Yes,No,No internet service,No internet service,No internet service,No internet service,No internet service,No internet service,Month-to-month,Yes,Credit card (automatic),18.92,696.74,0,Yes
6695-DW,Male,0,Yes,No,50,Yes,No,DSL,Yes,No,No,No,No,Yes,Month-to-month,Yes,Electronic check,63.74,3024.78,1,No
3366-LU,Male,0,Yes,No,7,Yes,No,DSL,No,No,No,Yes,Yes,Yes,One year,Yes,Electronic check,79.39,579.3,0,No
7764-QH,Female,0,Yes,No,60,Yes,Yes,DSL,Yes,No,No,Yes,No,Yes,Month-to-month,No,Bank transfer (automatic),73.14,4323.89,0,No
2614-LQ,Female,0,Yes,No,35,Yes,No,DSL,Yes,Yes,Yes,No,No,No,Two year,Yes,Mailed check,66.04,2262.54,2,No
8288-OB,Female,0,No,No,63,No,No phone service,DSL,No,No,Yes,Yes,Yes,No,Month-to-month,Yes,Bank transfer (automatic),62.2,3938.56,3,No
4653-QP,Male,0,Yes,No,20,Yes,Yes,Fiber optic,No,Yes,No,No,Yes,No,Month-to-month,No,Electronic check,83.41,1599.17,1,No
1496-YT,Male,0,Yes,No,16,Yes,Yes,DSL,No,No,No,Yes,No,Yes,Month-to-month,No,Electronic check,64.35,954.78,3,No
6733-XN,Female,0,Yes,No,22,Yes,No,DSL,No,Yes,Yes,No,Yes,No,Month-to-month,No,Mailed check,70.03,1637.07,4,Yes
4216-YS,Female,0,Yes,No,36,Yes,Yes,Fiber optic,Yes,Yes,No,No,No,Yes,Month-to-month,Yes,Credit card (automatic),91.96,3299.47,0,No
5364-NF,Female,0,Yes,No,19,Yes,Yes,DSL,Yes,Yes,Yes,No,Yes,Yes,Two year,Yes,Electronic check,90.57,1724.98,2,No
5960-NC,Female,0,No,No,2,Yes,Yes,DSL,Yes,Yes,No,No,No,Yes,Month-to-month,No,Credit card (automatic),69.55,107.58,2,Yes
9841-SS,Male,0,No,No,68,Yes,Yes,Fiber optic,No,Yes,No,No,Yes,Yes,Month-to-month,No,Electronic check,99.27,6789.47,3,No
8730-WD,Female,0,No,Yes,7,Yes,No,DSL,No,Yes,No,Yes,No,No,Two year,Yes,Credit card (automatic),57.6,486.49,4,No
1595-SJ,Male,0,Yes,No,47,Yes,No,Fiber optic,Yes,No,No,No,Yes,Yes,Month-to-month,Yes,Electronic check,94.89,4449.17,0,No
1730-YB,Male,0,Yes,Yes,49,Yes,No,No,No internet service,No internet service,No internet service,No internet service,No internet service,No internet service,One year,Yes,Electronic check,24.51,1214.11,4,No
3243-XF,Male,0,No,Yes,43,Yes,Yes,Fiber optic,No,No,Yes,No,Yes,No,Month-to-month,Yes,Credit card (automatic),85.2,3648.32,3,No
8229-GP,Female,0,Yes,No,32,Yes,No,Fiber optic,No,No,Yes,No,Yes,Yes,Two year,Yes,Mailed check,99.67,3132.44,0,No
1947-ZZ,Female,0,No,No,17,Yes,No,DSL,No,Yes,No,No,Yes,Yes,Month-to-month,Yes,Bank transfer (automatic),76.04,1275.49,3,Yes
1757-SI,Female,0,No,No,14,Yes,No,No,No internet service,No internet service,No internet service,No internet service,No internet service,No internet service,Two year,No,Bank transfer (automatic),18.5,278.61,1,No
6651-JM,Male,0,No,No,32,Yes,No,DSL,Yes,No,No,No,No,Yes,Month-to-month,Yes,Bank transfer (automatic),64.79,2104.48,2,No
4535-VQ,Male,0,Yes,No,60,Yes,No,Fiber optic,No,No,No,Yes,No,Yes,Month-to-month,No,Credit card (automatic),90.64,5473.62,2,No
9853-ML,Female,0,Yes,Yes,60,Yes,Yes,Fiber optic,No,No,Yes,Yes,Yes,No,One year,No,Electronic check,95.24,5656.77,3,No
5617-AH,Male,0,No,No,52,Yes,No,Fiber optic,No,Yes,No,No,No,No,Month-to-month,No,Credit card (automatic),72.2,3695.95,2,No
1789-RB,Female,0,No,Yes,66,Yes,Yes,No,No internet service,No internet service,No internet service,No internet service,No internet service,No internet service,Month-to-month,Yes,Credit card (automatic),18.5,1229.12,2,No
1171-IC,Male,0,Yes,No,4,Yes,Yes,Fiber optic,Yes,No,No,Yes,No,Yes,Month-to-month,No,Bank transfer (automatic),95.99,392.96,3,No
8989-ZU,Male,0,No,Yes,63,No,No phone service,DSL,No,Yes,No,No,Yes,No,Month-to-month,No,Bank transfer (automatic),50.87,3174.61,1,No
2885-DZ,Male,0,Yes,Yes,33,No,No phone service,Fiber optic,No,No,Yes,No,Yes,Yes,One year,Yes,Credit card (automatic),83.76,2657.61,3,Yes
5129-HJ,Male,0,Yes,Yes,1,Yes,Yes,Fiber optic,Yes,No,Yes,No,Yes,Yes,Month-to-month,Yes,Electronic check,98.86,96.69,2,Yes
1815-WK,Male,0,No,No,64,Yes,No,Fiber optic,No,Yes,Yes,No,Yes,No,One year,Yes,Mailed check,90.67,5848.31,2,No
9945-VN,Male,0,Yes,No,37,Yes,Yes,Fiber optic,No,No,No,Yes,Yes,No,Month-to-month,Yes,Electronic check,82.89,3098.51,1,Yes
4239-WO,Male,0,Yes,No,70,No,No phone service,Fiber optic,No,Yes,No,No,Yes,Yes,Month-to-month,Yes,Electronic check,81.75,5778.02,2,No
9272-UR,Female,0,Yes,No,7,Yes,No,No,No internet service,No internet service,No internet service,No internet service,No internet service,No internet service,One year,Yes,Credit card (automatic),24.77,215.94,1,No
9031-FW,Male,0,Yes,No,24,Yes,Yes,Fiber optic,Yes,No,No,No,Yes,No,Month-to-month,No,Mailed check,84.99,1994.35,1,No
8741-NW,Male,0,Yes,No,68,Yes,No,DSL,No,Yes,No,No,Yes,No,Month-to-month,No,Electronic check,62.47,4274.73,3,No
9998-OU,Female,0,Yes,No,55,Yes,Yes,Fiber optic,No,No,No,No,No,No,Two year,Yes,Mailed check,65.94,3650.43,1,No
1703-PP,Female,1,Yes,No,3,Yes,No,DSL,No,Yes,Yes,No,Yes,Yes,Two year,Yes,Mailed check,82.83,307.14,2,No
4909-BV,Female,0,No,No,23,No,No phone service,Fiber optic,Yes,Yes,No,No,Yes,Yes,Month-to-month,Yes,Electronic check,94.62,2256.86,1,Yes
2164-LO,Female,0,No,No,36,Yes,No,Fiber optic,No,No,No,No,No,Yes,Month-to-month,Yes,Mailed check,79.3,2801.19,1,Yes
4066-IB,Male,0,Yes,Yes,57,Yes,Yes,DSL,Yes,No,No,No,No,No,Month-to-month,Yes,Electronic check,60.74,3422.99,0,No
9400-EK,Male,0,Yes,Yes,48,Yes,No,DSL,Yes,No,Yes,No,No,No,Month-to-month,Yes,Electronic check,57.32,2734.31,1,Yes
4442-XG,Female,0,Yes,Yes,13,Yes,Yes,DSL,No,No,No,No,Yes,Yes,Month-to-month,No,Bank transfer (automatic),62.72,841.4,0,Yes
2291-WO,Male,0,No,No,61,Yes,No,DSL,No,No,Yes,No,Yes,Yes,Month-to-month,Yes,Electronic check,74.54,4479.55,3,No
6374-AY,Female,1,No,No,24,Yes,No,Fiber optic,No,No,Yes,No,No,Yes,Month-to-month,Yes,Bank transfer (automatic),86.0,2004.03,0,Yes
3655-MR,Male,0,No,No,43,Yes,Yes,Fiber optic,No,No,No,No,No,Yes,Two year,Yes,Electronic check,77.51,3505.96,1,No
8394-AO,Male,0,Yes,No,33,Yes,No,Fiber optic,Yes,Yes,Yes,Yes,Yes,Yes,Month-to-month,Yes,Mailed check,116.79,3830.62,2,Yes
1825-ME,Male,0,No,No,24,Yes,Yes,DSL,No,No,No,Yes,No,Yes,Month-to-month,Yes,Electronic check,67.45,1607.93,0,No
1376-MV,Male,0,Yes,No,22,Yes,No,Fiber optic,Yes,Yes,Yes,Yes,No,Yes,Month-to-month,Yes,Electronic check,104.12,2344.07,0,Yes
1443-SU,Male,0,No,Yes,52,Yes,No,DSL,No,Yes,No,No,Yes,Yes,One year,Yes,Mailed check,75.71,3881.51,0,No
5735-RU,Female,0,No,No,6,Yes,No,DSL,No,No,No,Yes,No,Yes,One year,Yes,Bank transfer (automatic),64.96,317.64,0,Yes
4465-XH,Male,0,Yes,No,19,Yes,No,Fiber optic,No,No,No,No,No,No,Month-to-month,No,Bank transfer (automatic),62.67,1230.12,1,Yes
9814-UY,Male,0,No,No,29,Yes,No,DSL,No,Yes,No,No,No,Yes,One year,No,Bank transfer (automatic),62.52,1852.99,3,No
6747-YW,Male,0,No,No,64,Yes,No,DSL,No,Yes,No,No,No,Yes,One year,Yes,Mailed check,66.11,4196.6,0,No
5215-FC,Male,1,Yes,No,14,Yes,No,DSL,No,No,No,No,No,No,One year,Yes,Bank transfer (automatic),45.43,644.87,1,No
4881-WF,Male,0,Yes,Yes,30,Yes,No,Fiber optic,Yes,No,No,Yes,Yes,Yes,One year,No,Electronic check,103.41,3175.93,0,No
2999-BX,Female,0,Yes,No,71,Yes,No,Fiber optic,No,Yes,No,Yes,No,Yes,One year,No,Credit card (automatic),90.55,6424.2,0,No
1400-MA,Male,0,Yes,No,21,Yes,No,Fiber optic,Yes,No,Yes,No,No,No,One year,Yes,Electronic check,77.5,1603.04,1,No
6445-EY,Female,0,Yes,No,65,Yes,No,DSL,Yes,No,No,No,Yes,Yes,One year,No,Credit card (automatic),73.03,4660.03,1,No
1620-WR,Male,1,No,Yes,4,No,No phone service,Fiber optic,No,Yes,No,No,No,No,Two year,Yes,Bank transfer (automatic),68.93,371.99,0,Yes
6212-LG,Male,0,No,No,46,Yes,Yes,Fiber optic,No,Yes,No,No,Yes,No,One year,Yes,Electronic check,77.96,3533.83,1,No
8086-CP,Female,0,No,No,8,Yes,Yes,No,No internet service,No internet service,No internet service,No internet service,No internet service,No internet service,Two year,No,Mailed check,20.23,200.16,4,Yes
3368-PX,Male,0,No,No,18,Yes,Yes,Fiber optic,No,Yes,No,No,No,Yes,Month-to-month,Yes,Credit card (automatic),79.96,1394.4,4,Yes
7205-LS,Male,0,No,No,60,Yes,No,DSL,No,No,Yes,Yes,No,No,One year,Yes,Electronic check,59.44,3525.73,1,No
6767-WL,Female,0,No,No,45,Yes,Yes,Fiber optic,No,No,Yes,No,Yes,Yes,Two year,No,Electronic check,98.91,4498.6,1,No
8470-BQ,Male,0,No,No,72,Yes,No,DSL,No,No,No,No,Yes,No,Month-to-month,Yes,Electronic check,59.1,4256.81,2,No
7060-AF,Female,0,Yes,Yes,31,Yes,No,Fiber optic,No,No,Yes,No,Yes,No,Two year,Yes,Bank transfer (automatic),82.81,2533.22,1,No
5300-KJ,Female,0,Yes,No,28,Yes,No,Fiber optic,No,No,Yes,No,Yes,Yes,One year,No,Mailed check,95.19,2653.62,1,No
6487-ZX,Female,0,Yes,No,64,Yes,No,DSL,No,No,Yes,Yes,Yes,No,One year,Yes,Electronic check,73.68,4784.7,4,No
9621-TJ,Male,1,Yes,No,37,Yes,Yes,DSL,Yes,No,No,Yes,No,No,Two year,Yes,Bank transfer (automatic),56.41,2090.65,1,No
3459-AK,Male,1,Yes,No,67,Yes,Yes,DSL,No,No,No,No,Yes,Yes,Month-to-month,No,Electronic check,65.82,4446.74,1,Yes
6273-WR,Female,0,No,Yes,68,Yes,No,Fiber optic,No,No,Yes,No,No,Yes,One year,No,Bank transfer (automatic),82.9,5642.88,0,Yes
6423-RH,Male,0,No,Yes,35,Yes,No,No,No internet service,No internet service,No internet service,No internet service,No internet service,No internet service,Month-to-month,Yes,Bank transfer (automatic),20.02,660.55,1,No
3249-ZJ,Female,0,Yes,Yes,36,Yes,No,DSL,Yes,No,No,Yes,Yes,No,Month-to-month,Yes,Electronic check,72.65,2673.55,1,No
5676-JR,Male,0,No,No,57,Yes,No,DSL,No,Yes,No,No,Yes,No,Month-to-month,Yes,Credit card (automatic),64.77,3740.91,0,Yes
1532-XF,Female,1,Yes,No,70,Yes,Yes,DSL,No,No,Yes,Yes,No,No,Month-to-month,Yes,Mailed check,64.0,4580.95,1,No
9167-IE,Male,0,No,No,4,Yes,No,DSL,No,No,No,Yes,Yes,Yes,Month-to-month,Yes,Electronic check,79.08,307.62,1,Yes
8292-BB,Female,0,No,No,49,Yes,Yes,DSL,No,No,No,No,No,No,One year,No,Bank transfer (automatic),46.5,2319.45,1,No
8142-QJ,Male,0,No,No,39,Yes,No,DSL,No,Yes,Yes,Yes,Yes,No,Two year,Yes,Electronic check,77.06,3016.77,0,No
5649-TA,Female,0,Yes,No,18,Yes,Yes,Fiber optic,Yes,No,No,Yes,Yes,No,Month-to-month,Yes,Bank transfer (automatic),88.68,1594.21,1,No
2091-ML,Male,0,No,No,60,Yes,Yes,Fiber optic,No,Yes,No,No,No,Yes,Month-to-month,No,Mailed check,85.26,5186.16,0,No
8849-OE,Female,0,Yes,Yes,10,Yes,No,DSL,Yes,No,Yes,No,Yes,No,Month-to-month,No,Electronic check,74.23,776.99,1,No
6936-EB,Male,0,No,No,23,Yes,No,DSL,No,No,No,No,No,Yes,One year,No,Bank transfer (automatic),58.9,1359.32,2,No
5370-NH,Male,0,Yes,Yes,68,Yes,No,Fiber optic,Yes,No,No,No,No,No,Month-to-month,Yes,Electronic check,73.25,4994.11,0,No
6819-CJ,Female,0,No,No,59,Yes,No,DSL,No,Yes,Yes,No,Yes,Yes,One year,No,Credit card (automatic),86.31,5030.54,4,No
8632-KH,Male,0,Yes,No,7,Yes,Yes,Fiber optic,Yes,No,Yes,No,No,Yes,Two year,No,Credit card (automatic),87.97,636.0,2,Yes
7208-MU,Male,0,No,No,13,Yes,No,DSL,Yes,No,No,No,Yes,Yes,Two year,No,Mailed check,76.29,1024.6,1,No
4718-NE,Male,0,Yes,No,3,Yes,No,No,No internet service,No internet service,No internet service,No internet service,No internet service,No internet service,Two year,Yes,Electronic check,22.02,47.88,3,No
4095-KQ,Male,0,No,No,40,Yes,No,DSL,No,No,No,No,Yes,Yes,One year,Yes,Mailed check,62.9,2572.4,1,No
3276-TC,Female,0,No,No,11,Yes,No,Fiber optic,No,Yes,No,No,Yes,Yes,Month-to-month,Yes,Bank transfer (automatic),95.83,1055.33,2,Yes
1910-SP,Male,0,Yes,Yes,51,Yes,Yes,Fiber optic,No,No,Yes,No,Yes,Yes,Month-to-month,Yes,Bank transfer (automatic),93.84,4786.06,0,No
5231-MP,Male,0,Yes,No,23,Yes,Yes,DSL,No,Yes,No,No,Yes,Yes,Month-to-month,No,Mailed check,77.19,1757.47,0,Yes
7658-AI,Female,1,No,Yes,32,Yes,No,Fiber optic,No,No,No,No,No,No,Month-to-month,Yes,Electronic check,67.36,2098.49,3,Yes
1872-VZ,Male,0,Yes,No,41,Yes,Yes,DSL,Yes,No,No,No,Yes,No,One year,No,Mailed check,67.13,2704.34,3,No
9400-XB,Female,1,Yes,No,42,Yes,No,DSL,No,Yes,No,Yes,Yes,No,Month-to-month,Yes,Mailed check,72.54,3053.76,1,Yes
5722-ME,Male,0,Yes,Yes,38,Yes,Yes,DSL,No,No,No,No,Yes,Yes,Month-to-month,Yes,Credit card (automatic),67.01,2553.94,3,No
5008-MA,Female,0,No,Yes,67,Yes,No,DSL,No,No,No,No,No,No,One year,Yes,Bank transfer (automatic),43.26,2890.24,1,No
7655-OD,Male,0,Yes,No,72,Yes,Yes,DSL,No,Yes,No,No,No,No,Month-to-month,Yes,Electronic check,52.84,3850.4,0,No
5030-TJ,Female,0,Yes,No,72,Yes,No,DSL,Yes,Yes,No,No,Yes,No,Two year,Yes,Mailed check,73.71,5303.56,3,No
4355-YF,Female,0,No,No,42,Yes,No,Fiber optic,Yes,Yes,Yes,No,No,Yes,One year,Yes,Mailed check,102.53,4315.41,1,No
4723-TP,Female,0,Yes,No,43,Yes,Yes,No,No internet service,No internet service,No internet service,No internet service,No internet service,No internet service,One year,Yes,Credit card (automatic),18.5,834.23,3,No
2858-NA,Male,0,Yes,No,33,Yes,No,DSL,Yes,Yes,Yes,No,Yes,No,Two year,No,Mailed check,78.75,2614.04,1,No
3398-OG,Female,0,No,Yes,37,Yes,Yes,DSL,Yes,No,No,No,Yes,Yes,One year,Yes,Credit card (automatic),76.84,2786.69,2,No
4469-XP,Male,1,No,No,57,Yes,Yes,DSL,Yes,No,Yes,Yes,Yes,No,One year,Yes,Electronic check,80.73,4694.31,2,No
1717-CQ,Female,0,Yes,No,64,Yes,Yes,DSL,No,Yes,No,No,No,Yes,Two year,Yes,Mailed check,64.81,4100.18,2,No
3548-NR,Female,1,Yes,Yes,64,Yes,No,DSL,No,No,No,No,Yes,No,Month-to-month,No,Mailed check,57.6,3668.01,3,No
4650-VS,Female,0,No,No,60,Yes,Yes,Fiber optic,Yes,No,No,No,No,No,Month-to-month,Yes,Electronic check,70.54,4306.0,2,Yes
1949-EJ,Male,0,Yes,No,52,Yes,Yes,DSL,Yes,Yes,No,No,Yes,No,Two year,No,Bank transfer (automatic),68.82,3573.73,0,No
7632-AM,Male,0,No,No,72,Yes,No,DSL,No,Yes,Yes,No,Yes,Yes,Month-to-month,No,Credit card (automatic),84.55,6031.65,1,No
1354-SK,Female,1,No,No,68,Yes,No,Fiber optic,No,No,No,No,No,Yes,Month-to-month,Yes,Electronic check,74.24,5041.62,1,No
7994-FH,Female,0,No,No,27,Yes,Yes,Fiber optic,No,No,No,No,Yes,Yes,Two year,Yes,Credit card (automatic),91.74,2493.04,1,Yes
5716-LJ,Female,0,No,Yes,59,Yes,No,Fiber optic,Yes,No,No,No,No,Yes,Month-to-month,Yes,Bank transfer (automatic),82.72,4842.07,1,No
7339-AM,Female,0,Yes,No,19,No,No phone service,DSL,Yes,No,No,Yes,No,Yes,Month-to-month,Yes,Credit card (automatic),62.88,1244.97,2,No
5919-DV,Female,0,No,Yes,3,No,No phone service,Fiber optic,Yes,No,No,No,Yes,No,Two year,Yes,Bank transfer (automatic),73.12,364.22,0,No
9850-KL,Female,0,No,No,39,Yes,No,No,No internet service,No internet service,No internet service,No internet service,No internet service,No internet service,Two year,No,Credit card (automatic),24.08,956.64,4,No
3058-FL,Female,0,No,Yes,66,Yes,Yes,Fiber optic,No,No,No,No,Yes,No,Month-to-month,No,Credit card (automatic),82.62,5518.28,1,No
1730-IY,Female,0,Yes,No,56,Yes,No,Fiber optic,Yes,Yes,No,No,Yes,No,Two year,Yes,Credit card (automatic),92.09,5201.48,3,No
7505-CC,Male,0,Yes,Yes,6,Yes,No,DSL,No,No,Yes,No,Yes,Yes,Month-to-month,Yes,Mailed check,74.15,354.66,0,Yes
5179-WP,Female,1,Yes,Yes,28,Yes,No,DSL,No,Yes,No,No,Yes,Yes,Two year,No,Bank transfer (automatic),74.46,2034.6,2,No
5802-JX,Male,0,No,No,48,Yes,Yes,DSL,No,No,No,Yes,Yes,No,Month-to-month,Yes,Bank transfer (automatic),68.57,3315.11,1,No
7762-HF,Female,0,No,Yes,48,No,No phone service,No,No internet service,No internet service,No internet service,No internet service,No internet service,No internet service,Month-to-month,Yes,Mailed check,18.5,874.05,1,No
5883-KU,Male,1,No,Yes,67,Yes,No,Fiber optic,No,No,No,No,No,Yes,Month-to-month,Yes,Bank transfer (automatic),80.9,5364.39,4,No
1881-MV,Male,0,No,No,54,Yes,Yes,Fiber optic,No,No,No,No,No,No,Month-to-month,No,Mailed check,64.69,3527.35,0,No
3082-OV,Female,0,No,Yes,16,Yes,Yes,Fiber optic,Yes,No,No,Yes,No,Yes,Month-to-month,Yes,Electronic check,97.67,1624.11,2,Yes
1158-NE,Male,0,Yes,Yes,35,Yes,No,Fiber optic,Yes,No,Yes,No,Yes,Yes,Two year,No,Electronic check,103.53,3613.46,3,No
8956-NY,Male,0,Yes,Yes,30,Yes,Yes,No,No internet service,No internet service,No internet service,No internet service,No internet service,No internet service,Month-to-month,No,Electronic check,18.5,497.16,4,No
8514-HW,Female,0,No,Yes,48,Yes,Yes,DSL,No,No,No,No,No,No,Month-to-month,Yes,Electronic check,40.43,1903.07,1,No
3526-OO,Female,0,No,No,69,Yes,No,No,No internet service,No internet service,No internet service,No internet service,No internet service,No internet service,Month-to-month,Yes,Electronic check,21.57,1428.64,3,No
9733-SZ,Female,0,No,No,8,Yes,No,Fiber optic,No,Yes,No,No,Yes,Yes,Month-to-month,Yes,Electronic check,91.84,725.5,2,Yes
4283-FS,Male,0,Yes,No,51,Yes,Yes,DSL,No,No,No,No,Yes,No,Two year,No,Bank transfer (automatic),60.33,3091.83,1,No
8896-HF,Female,0,No,Yes,10,Yes,No,DSL,No,No,No,No,Yes,No,Month-to-month,Yes,Bank transfer (automatic),53.94,555.87,1,No
3419-WO,Male,0,No,No,28,No,No phone service,DSL,No,Yes,No,No,No,Yes,Month-to-month,No,Mailed check,55.42,1435.26,1,No
3306-JO,Female,0,Yes,No,36,Yes,No,DSL,No,Yes,No,No,No,No,Two year,Yes,Credit card (automatic),56.84,1938.23,1,No
7263-PQ,Female,0,No,No,60,Yes,No,Fiber optic,No,No,Yes,No,Yes,No,Month-to-month,Yes,Bank transfer (automatic),86.57,5166.6,3,Yes
6247-SK,Male,0,Yes,No,10,Yes,Yes,DSL,Yes,No,No,No,Yes,Yes,Month-to-month,No,Electronic check,75.78,859.05,1,Yes
6807-EE,Male,0,Yes,Yes,14,Yes,No,Fiber optic,Yes,No,No,Yes,No,Yes,Month-to-month,Yes,Mailed check,101.36,1406.02,1,No
8487-ZN,Male,0,No,Yes,63,Yes,Yes,DSL,Yes,No,No,Yes,No,No,One year,Yes,Bank transfer (automatic),66.37,4246.51,1,No
2945-HE,Female,1,Yes,No,47,Yes,No,Fiber optic,No,No,Yes,No,No,No,Two year,No,Credit card (automatic),74.91,3614.59,3,No
5486-PW,Female,1,Yes,Yes,69,Yes,No,Fiber optic,No,No,Yes,Yes,No,Yes,Month-to-month,No,Bank transfer (automatic),92.94,6382.95,1,Yes
1845-EX,Female,0,No,No,56,Yes,Yes,Fiber optic,No,No,Yes,No,No,No,Month-to-month,Yes,Electronic check,70.41,3853.54,1,No
3179-DP,Male,0,No,No,6,Yes,No,Fiber optic,No,Yes,Yes,No,Yes,Yes,One year,Yes,Bank transfer (automatic),110.14,697.12,1,Yes
4319-QO,Male,0,Yes,No,19,Yes,No,Fiber optic,Yes,Yes,Yes,Yes,Yes,No,Month-to-month,Yes,Bank transfer (automatic),107.83,2067.92,6,Yes
4909-PD,Male,0,No,No,52,Yes,No,Fiber optic,Yes,No,No,Yes,No,No,Month-to-month,Yes,Credit card (automatic),80.24,4177.59,1,No
1356-PY,Male,0,Yes,No,62,Yes,No,DSL,Yes,Yes,No,No,Yes,Yes,Month-to-month,Yes,Electronic check,83.42,5166.57,0,No
4081-ID,Female,0,No,No,49,Yes,No,Fiber optic,No,Yes,No,No,Yes,Yes,Month-to-month,Yes,Credit card (automatic),92.76,4577.87,1,No
6123-LX,Male,0,No,Yes,11,Yes,No,DSL,No,No,No,No,No,No,Month-to-month,No,Credit card (automatic),42.97,512.61,1,Yes
8422-DR,Male,0,Yes,No,46,Yes,No,Fiber optic,Yes,No,No,No,No,Yes,Month-to-month,No,Credit card (automatic),86.07,4079.65,0,No
7540-NR,Female,1,Yes,No,69,Yes,No,Fiber optic,No,No,Yes,Yes,No,Yes,Month-to-month,No,Mailed check,93.81,6404.34,3,No
2487-OV,Female,0,Yes,No,45,Yes,No,Fiber optic,No,No,Yes,No,Yes,No,Month-to-month,No,Bank transfer (automatic),85.17,3912.4,4,Yes
5536-EF,Male,0,Yes,No,58,Yes,Yes,DSL,No,No,No,No,Yes,Yes,Month-to-month,No,Credit card (automatic),65.52,3645.8,1,No
5162-PL,Male,0,No,Yes,32,Yes,No,DSL,No,Yes,No,Yes,No,Yes,One year,Yes,Credit card (automatic),74.5,2376.81,0,No
6024-DA,Male,0,Yes,Yes,10,Yes,Yes,DSL,No,No,No,No,No,Yes,One year,No,Electronic check,55.65,676.88,1,No
9340-HX,Male,0,Yes,No,13,Yes,Yes,No,No internet service,No internet service,No internet service,No internet service,No internet service,No internet service,Month-to-month,No,Electronic check,21.3,374.68,0,Yes
9287-ZB,Male,0,No,No,13,Yes,No,DSL,No,No,No,No,Yes,Yes,Month-to-month,No,Bank transfer (automatic),73.32,987.06,0,No
1528-GK,Male,0,Yes,Yes,36,Yes,No,No,No internet service,No internet service,No internet service,No internet service,No internet service,No internet service,Month-to-month,Yes,Electronic check,23.89,906.86,1,No
5675-EF,Female,0,No,No,19,Yes,No,No,No internet service,No internet service,No internet service,No internet service,No internet service,No internet service,Month-to-month,Yes,Bank transfer (automatic),22.39,375.73,1,No
7656-YJ,Female,0,Yes,No,7,Yes,Yes,Fiber optic,No,Yes,No,No,Yes,No,Month-to-month,Yes,Credit card (automatic),84.12,581.64,2,No
9884-KX,Female,0,No,No,15,Yes,No,Fiber optic,Yes,No,No,No,No,No,Month-to-month,Yes,Electronic check,73.14,1136.66,3,Yes
6950-QH,Female,0,No,Yes,46,Yes,No,No,No internet service,No internet service,No internet service,No internet service,No internet service,No internet service,Month-to-month,No,Mailed check,18.5,843.24,1,Yes
6562-MT,Male,0,No,No,48,Yes,No,DSL,No,No,No,Yes,No,No,Month-to-month,Yes,Credit card (automatic),56.2,2737.6,1,No
6777-VP,Male,0,Yes,No,66,Yes,No,DSL,Yes,No,Yes,No,Yes,Yes,One year,No,Mailed check,81.21,5383.31,0,No
9001-ER,Male,0,Yes,No,4,Yes,Yes,Fiber optic,Yes,No,No,Yes,No,Yes,Month-to-month,Yes,Electronic check,89.22,443.9,1,No
7018-VQ,Male,0,Yes,No,3,Yes,No,DSL,Yes,Yes,Yes,No,No,No,Month-to-month,Yes,Electronic check,65.84,239.32,0,No
8119-FS,Female,0,Yes,No,3,Yes,No,DSL,Yes,No,No,Yes,Yes,No,Month-to-month,Yes,Mailed check,69.1,259.13,2,No
7406-RN,Male,1,Yes,No,69,Yes,Yes,DSL,Yes,No,Yes,No,No,No,One year,No,Electronic check,57.62,3971.45,1,No
5071-OO,Male,1,No,No,28,Yes,Yes,DSL,Yes,Yes,No,No,Yes,Yes,Month-to-month,No,Electronic check,85.52,2402.09,3,Yes
2440-KY,Male,0,No,Yes,23,Yes,No,Fiber optic,Yes,Yes,No,Yes,Yes,Yes,Month-to-month,Yes,Bank transfer (automatic),106.69,2451.19,0,Yes
5996-UF,Male,0,No,Yes,30,Yes,Yes,DSL,Yes,No,Yes,Yes,No,Yes,Two year,Yes,Electronic check,81.29,2513.25,1,No
3945-FN,Female,0,Yes,Yes,62,Yes,Yes,Fiber optic,No,No,Yes,No,Yes,No,One year,No,Credit card (automatic),85.63,5282.43,1,No
3474-DX,Male,0,No,No,51,Yes,Yes,Fiber optic,Yes,No,No,No,Yes,No,Two year,Yes,Credit card (automatic),87.84,4481.01,1,No
9792-IX,Female,0,No,No,41,Yes,Yes,No,No internet service,No internet service,No internet service,No internet service,No internet service,No internet service,One year,No,Mailed check,18.5,641.1,4,No
7274-ZP,Male,0,No,Yes,64,Yes,Yes,DSL,Yes,Yes,Yes,No,No,No,Two year,Yes,Electronic check,62.48,3984.41,3,No
3218-DA,Male,0,No,No,43,Yes,Yes,DSL,Yes,No,Yes,No,Yes,No,One year,Yes,Electronic check,66.22,2774.52,2,No
1056-UV,Male,0,No,No,58,Yes,Yes,DSL,Yes,No,No,Yes,No,No,Month-to-month,Yes,Bank transfer (automatic),63.55,3692.04,1,No
1143-SP,Female,1,No,No,59,No,No phone service,No,No internet service,No internet service,No internet service,No internet service,No internet service,No internet service,One year,Yes,Electronic check,18.5,997.09,3,No
7361-HW,Male,0,Yes,No,40,Yes,No,DSL,Yes,No,No,Yes,No,No,Two year,Yes,Credit card (automatic),60.24,2453.83,0,No
6977-UZ,Male,0,No,Yes,46,Yes,Yes,DSL,No,Yes,No,No,No,No,Two year,Yes,Credit card (automatic),51.84,2352.07,4,No
7984-LV,Male,0,Yes,Yes,62,Yes,Yes,DSL,No,No,Yes,No,No,No,One year,No,Mailed check,55.57,3412.84,0,No
1944-JG,Female,0,No,No,49,Yes,No,Fiber optic,Yes,No,No,No,No,Yes,Two year,No,Bank transfer (automatic),77.97,3840.22,0,No
2746-YF,Female,0,No,Yes,23,Yes,No,DSL,Yes,Yes,Yes,No,No,Yes,One year,Yes,Electronic check,77.22,1715.35,1,Yes
6783-XS,Male,0,Yes,No,44,Yes,Yes,Fiber optic,No,No,Yes,No,No,Yes,One year,Yes,Credit card (automatic),86.38,3789.09,1,No
9625-OB,Female,0,No,No,44,Yes,Yes,Fiber optic,No,Yes,No,No,Yes,No,One year,No,Mailed check,85.61,3811.36,3,No
3957-UJ,Male,0,No,No,19,Yes,Yes,Fiber optic,No,No,No,Yes,Yes,Yes,Month-to-month,Yes,Credit card (automatic),97.62,1827.9,1,Yes
4759-GH,Male,0,Yes,No,44,Yes,No,DSL,No,No,Yes,Yes,Yes,No,Month-to-month,Yes,Mailed check,78.41,3480.91,0,Yes
2902-HM,Female,0,No,No,11,Yes,No,Fiber optic,Yes,No,Yes,No,Yes,Yes,One year,Yes,Bank transfer (automatic),104.59,1161.29,0,No
3567-OZ,Male,0,Yes,No,60,No,No phone service,Fiber optic,No,No,No,No,No,Yes,Two year,No,Credit card (automatic),62.79,3853.11,2,No
9075-KS,Male,0,Yes,No,38,Yes,Yes,DSL,No,No,Yes,Yes,Yes,No,One year,Yes,Credit card (automatic),71.17,2756.8,1,No
6229-RM,Female,0,No,No,3,Yes,No,Fiber optic,No,Yes,No,No,Yes,No,Month-to-month,Yes,Bank transfer (automatic),88.77,360.53,1,No
1830-QS,Female,0,Yes,Yes,16,Yes,Yes,DSL,Yes,No,No,No,Yes,Yes,Month-to-month,No,Electronic check,77.44,1199.46,2,Yes
2178-IW,Female,0,No,No,9,No,No phone service,Fiber optic,Yes,No,Yes,Yes,Yes,No,Month-to-month,No,Mailed check,93.05,853.72,1,Yes
8878-ZG,Female,0,No,No,41,Yes,Yes,DSL,No,No,Yes,No,No,No,Two year,No,Mailed check,56.67,2352.78,4,No
8686-HP,Male,0,No,Yes,38,Yes,No,Fiber optic,No,Yes,No,Yes,Yes,Yes,One year,Yes,Bank transfer (automatic),112.28,4215.13,0,Yes
9258-MJ,Male,0,No,No,69,Yes,No,DSL,No,Yes,No,No,No,No,One year,Yes,Mailed check,48.29,3317.96,1,No
2777-GU,Male,0,No,No,65,Yes,No,DSL,Yes,Yes,No,No,No,Yes,Month-to-month,No,Mailed check,71.66,4776.62,1,Yes
3228-EW,Male,0,No,No,35,Yes,Yes,No,No internet service,No internet service,No internet service,No internet service,No internet service,No internet service,Month-to-month,Yes,Mailed check,20.46,752.63,1,No
9888-XV,Male,0,Yes,No,35,Yes,No,Fiber optic,Yes,Yes,Yes,No,Yes,Yes,Two year,No,Bank transfer (automatic),111.55,3956.16,2,No
3406-YV,Male,0,Yes,No,48,Yes,Yes,Fiber optic,Yes,No,No,No,No,No,Two year,Yes,Electronic check,75.57,3635.91,3,No
4587-XW,Male,0,No,No,8,Yes,Yes,No,No internet service,No internet service,No internet service,No internet service,No internet service,No internet service,Month-to-month,No,Bank transfer (automatic),23.29,161.88,0,No
9367-SJ,Male,1,No,No,27,Yes,No,Fiber optic,No,Yes,Yes,No,Yes,No,Two year,Yes,Credit card (automatic),91.49,2440.41,5,No
4842-CQ,Female,1,Yes,No,9,Yes,No,Fiber optic,Yes,Yes,No,Yes,No,No,Month-to-month,No,Electronic check,88.97,683.76,2,Yes
5233-QV,Male,0,Yes,Yes,30,No,No phone service,DSL,No,No,No,No,No,No,Two year,Yes,Mailed check,30.08,798.57,2,No
2149-QU,Male,0,No,Yes,14,Yes,Yes,DSL,Yes,Yes,Yes,No,No,No,Month-to-month,Yes,Electronic check,65.77,935.53,4,Yes
2878-FL,Male,1,No,No,23,Yes,No,DSL,No,Yes,No,No,Yes,No,Month-to-month,Yes,Mailed check,67.7,1660.17,1,Yes
1309-YT,Male,0,Yes,No,29,Yes,No,Fiber optic,No,Yes,No,Yes,Yes,No,One year,Yes,Bank transfer (automatic),90.14,2526.46,3,No
4952-QJ,Male,0,No,Yes,26,Yes,No,Fiber optic,Yes,No,No,No,Yes,No,Month-to-month,Yes,Bank transfer (automatic),88.13,2296.85,2,No
6766-PM,Female,0,Yes,No,15,Yes,Yes,DSL,Yes,Yes,No,No,Yes,No,Month-to-month,No,Mailed check,68.31,991.62,2,No
5865-PF,Female,1,No,No,67,Yes,No,Fiber optic,Yes,No,No,No,Yes,No,Month-to-month,Yes,Electronic check,86.61,5847.83,2,Yes
5908-GE,Female,1,No,Yes,16,Yes,No,DSL,No,No,No,No,Yes,No,Two year,No,Bank transfer (automatic),57.84,831.29,0,No
7412-YU,Male,0,No,No,13,Yes,Yes,No,No internet service,No internet service,No internet service,No internet service,No internet service,No internet service,One year,Yes,Electronic check,18.5,175.02,2,No
9507-UP,Male,0,Yes,Yes,24,Yes,No,Fiber optic,No,No,No,Yes,Yes,No,Month-to-month,Yes,Electronic check,76.84,1832.84,2,Yes
2849-TB,Male,0,Yes,No,62,No,No phone service,No,No internet service,No internet service,No internet service,No internet service,No internet service,No internet service,One year,No,Electronic check,18.5,1227.07,1,No
9580-RG,Male,0,Yes,No,57,Yes,No,DSL,No,No,No,Yes,Yes,No,One year,Yes,Bank transfer (automatic),65.81,3678.96,2,No
8594-YY,Female,0,No,No,36,Yes,No,DSL,Yes,Yes,Yes,No,Yes,Yes,Month-to-month,No,Credit card (automatic),93.26,3348.87,3,Yes
6066-VQ,Female,0,No,No,60,Yes,No,Fiber optic,No,No,No,No,Yes,Yes,One year,Yes,Electronic check,89.79,5347.77,2,No
3415-MV,Male,0,No,No,22,Yes,Yes,Fiber optic,Yes,No,No,No,Yes,No,Month-to-month,No,Bank transfer (automatic),81.68,1733.23,0,Yes
6924-TP,Male,1,No,No,3,Yes,Yes,Fiber optic,No,Yes,No,Yes,Yes,No,Month-to-month,Yes,Credit card (automatic),89.34,278.85,2,Yes
1763-VV,Female,0,No,Yes,36,Yes,No,Fiber optic,No,Yes,No,No,No,Yes,Month-to-month,No,Electronic check,90.41,3252.44,3,Yes
1815-PN,Female,0,Yes,Yes,36,Yes,No,DSL,Yes,Yes,No,Yes,No,Yes,Two year,Yes,Electronic check,80.95,2784.91,0,No
8173-BN,Female,1,No,No,10,Yes,Yes,Fiber optic,No,No,Yes,No,Yes,No,Two year,Yes,Credit card (automatic),83.2,774.5,6,Yes
6039-WT,Female,1,Yes,Yes,21,Yes,Yes,Fiber optic,Yes,Yes,Yes,Yes,Yes,Yes,Month-to-month,Yes,Electronic check,118.9,2424.39,2,No
7324-NT,Female,0,Yes,No,49,Yes,No,Fiber optic,No,Yes,No,No,No,No,One year,Yes,Electronic check,73.1,3532.38,1,No
3823-HV,Female,0,Yes,No,9,Yes,Yes,DSL,No,No,No,No,Yes,No,Two year,No,Mailed check,57.92,468.81,3,No
8433-YU,Female,1,Yes,No,52,No,No phone service,Fiber optic,No,Yes,Yes,No,Yes,No,Month-to-month,No,Electronic check,76.87,4085.04,0,Yes
5826-QA,Male,0,No,No,48,Yes,Yes,Fiber optic,No,No,Yes,No,Yes,No,Two year,Yes,Credit card (automatic),80.27,3824.09,2,No
1497-JZ,Male,1,Yes,No,60,Yes,No,DSL,No,No,Yes,No,Yes,No,Month-to-month,No,Credit card (automatic),68.72,4079.39,2,No
5643-AD,Female,1,Yes,No,50,Yes,No,DSL,No,No,Yes,No,Yes,Yes,Two year,No,Bank transfer (automatic),77.06,3938.89,2,No
6443-ZD,Male,1,No,No,39,Yes,No,DSL,No,No,No,No,No,Yes,One year,Yes,Electronic check,54.89,2108.45,0,No
9712-SM,Female,0,No,No,16,Yes,Yes,Fiber optic,Yes,No,No,Yes,Yes,Yes,One year,No,Electronic check,101.62,1635.0,0,No
7147-EM,Male,1,No,No,28,Yes,No,Fiber optic,Yes,No,Yes,Yes,No,No,Month-to-month,No,Electronic check,86.72,2411.79,2,No
2558-PV,Female,0,Yes,No,6,Yes,Yes,DSL,Yes,No,Yes,No,No,No,Month-to-month,No,Electronic check,55.76,409.96,0,Yes
2607-PA,Male,0,Yes,No,61,Yes,No,DSL,No,Yes,Yes,No,No,Yes,Month-to-month,No,Credit card (automatic),68.7,4179.22,3,Yes
4574-FK,Female,1,No,No,6,Yes,No,DSL,No,No,Yes,No,Yes,Yes,Month-to-month,Yes,Mailed check,77.34,426.73,0,Yes
4791-GS,Male,0,No,No,66,No,No phone service,DSL,No,No,No,Yes,Yes,Yes,Month-to-month,No,Credit card (automatic),71.21,4666.01,2,No
2088-IR,Male,0,Yes,Yes,40,Yes,Yes,Fiber optic,No,No,No,No,No,Yes,Month-to-month,No,Mailed check,76.34,3072.32,1,Yes
5473-OC,Female,0,No,Yes,71,Yes,No,Fiber optic,No,Yes,Yes,No,No,No,One year,Yes,Bank transfer (automatic),76.67,5472.83,1,No
8319-JI,Female,0,Yes,No,62,Yes,Yes,Fiber optic,No,No,No,No,Yes,Yes,Two year,Yes,Credit card (automatic),87.37,5461.18,3,No
2186-VW,Female,1,Yes,No,28,Yes,Yes,No,No internet service,No internet service,No internet service,No internet service,No internet service,No internet service,Month-to-month,Yes,Bank transfer (automatic),18.5,488.98,0,No
6486-QN,Male,0,Yes,No,47,Yes,Yes,DSL,No,No,Yes,No,Yes,No,Month-to-month,Yes,Mailed check,56.75,2610.76,5,No
6415-DT,Male,0,Yes,No,9,Yes,No,DSL,No,Yes,Yes,No,Yes,Yes,One year,No,Mailed check,81.28,719.94,2,No
6079-OE,Male,0,No,No,52,Yes,No,Fiber optic,No,Yes,No,Yes,No,No,Two year,No,Mailed check,81.47,4257.86,3,No
6420-FE,Male,0,Yes,No,15,Yes,Yes,Fiber optic,No,No,No,No,No,Yes,Month-to-month,Yes,Credit card (automatic),78.36,1239.51,3,Yes
4504-GF,Female,0,Yes,No,34,Yes,No,DSL,No,No,No,Yes,No,No,Month-to-month,Yes,Electronic check,59.8,2020.43,2,No
3666-GV,Female,0,Yes,No,20,No,No phone service,Fiber optic,Yes,Yes,No,No,No,Yes,Month-to-month,Yes,Electronic check,82.22,1692.03,1,Yes
9596-HE,Male,0,Yes,Yes,60,Yes,No,DSL,No,No,No,No,No,No,Month-to-month,No,Bank transfer (automatic),47.14,2765.09,1,No
9785-VP,Female,1,Yes,No,58,Yes,Yes,No,No internet service,No internet service,No internet service,No internet service,No internet service,No internet service,One year,No,Credit card (automatic),18.69,1082.54,2,No
5107-QE,Female,0,Yes,No,67,Yes,No,Fiber optic,Yes,No,No,No,No,Yes,Two year,No,Mailed check,84.72,5602.41,1,Yes
9078-GN,Female,0,Yes,No,2,Yes,No,DSL,Yes,Yes,Yes,No,No,No,Month-to-month,Yes,Electronic check,68.16,121.94,1,No
8601-AF,Female,0,No,No,50,No,No phone service,DSL,Yes,No,Yes,No,Yes,Yes,Month-to-month,No,Electronic check,75.02,3806.62,2,No
1868-LK,Male,0,No,No,14,Yes,No,DSL,Yes,Yes,No,No,No,No,One year,No,Credit card (automatic),65.03,950.79,0,No
5862-RQ,Female,0,No,No,56,Yes,No,DSL,No,No,No,No,No,No,Two year,Yes,Electronic check,46.15,2538.72,2,No
3256-KT,Female,0,No,No,69,Yes,No,DSL,No,No,Yes,No,Yes,No,Month-to-month,No,Mailed check,70.77,4852.73,0,No
9713-PB,Female,0,Yes,No,44,Yes,Yes,No,No internet service,No internet service,No internet service,No internet service,No internet service,No internet service,One year,Yes,Electronic check,18.83,765.13,1,No
7608-VT,Male,0,No,No,46,Yes,No,Fiber optic,Yes,No,No,No,No,No,Month-to-month,No,Electronic check,64.02,2926.25,4,Yes
2513-ML,Female,0,Yes,No,6,No,No phone service,Fiber optic,Yes,Yes,No,Yes,No,Yes,Month-to-month,No,Electronic check,96.42,622.15,1,No
5654-GV,Male,0,Yes,No,8,Yes,No,Fiber optic,No,Yes,No,No,No,Yes,Month-to-month,No,Electronic check,82.67,575.19,3,Yes
4124-ZM,Male,0,No,No,39,Yes,Yes,DSL,No,Yes,No,Yes,No,No,Month-to-month,No,Bank transfer (automatic),62.33,2474.26,1,No
4275-LB,Female,0,No,No,44,Yes,Yes,Fiber optic,No,Yes,Yes,Yes,Yes,Yes,One year,Yes,Bank transfer (automatic),117.42,5035.32,2,No
1824-YB,Female,0,Yes,No,27,Yes,Yes,Fiber optic,No,No,No,No,No,Yes,Month-to-month,Yes,Electronic check,74.65,1920.75,2,Yes
4030-ZT,Male,1,Yes,No,16,No,No phone service,Fiber optic,Yes,Yes,No,Yes,Yes,Yes,Month-to-month,Yes,Bank transfer (automatic),103.12,1537.46,2,Yes
1492-CK,Male,1,Yes,No,39,Yes,No,DSL,No,Yes,No,No,Yes,No,Month-to-month,Yes,Mailed check,64.81,2507.03,6,No
4360-SK,Male,0,No,Yes,1,Yes,No,Fiber optic,No,Yes,Yes,No,No,Yes,Month-to-month,Yes,Electronic check,92.43,47.49,2,Yes
1328-NI,Male,0,Yes,No,51,Yes,No,Fiber optic,No,Yes,Yes,Yes,Yes,Yes,Two year,No,Credit card (automatic),118.9,6127.58,4,No
5674-SD,Female,0,No,Yes,63,Yes,Yes,Fiber optic,Yes,No,No,Yes,No,No,Month-to-month,Yes,Bank transfer (automatic),82.45,5208.12,1,No
6803-RE,Male,1,Yes,No,33,Yes,No,DSL,Yes,Yes,Yes,No,No,No,Month-to-month,No,Bank transfer (automatic),65.66,2115.33,1,No
9722-OA,Female,0,Yes,No,50,Yes,No,No,No internet service,No internet service,No internet service,No internet service,No internet service,No internet service,Month-to-month,Yes,Electronic check,23.38,1168.19,2,No
7618-RR,Female,0,Yes,No,54,Yes,Yes,DSL,No,Yes,No,No,No,Yes,Month-to-month,No,Bank transfer (automatic),60.11,3215.23,1,No
8965-BE,Male,0,Yes,No,27,Yes,Yes,DSL,No,No,No,No,No,No,Month-to-month,No,Electronic check,51.29,1371.92,6,No
7569-TJ,Female,0,Yes,Yes,19,Yes,Yes,DSL,No,No,Yes,No,No,Yes,Month-to-month,No,Bank transfer (automatic),64.15,1214.12,1,No
5228-RU,Male,0,No,No,28,Yes,No,Fiber optic,No,No,Yes,Yes,No,Yes,One year,Yes,Electronic check,90.83,2599.05,2,Yes
5409-OT,Male,0,Yes,No,23,No,No phone service,Fiber optic,No,No,Yes,No,No,Yes,Two year,Yes,Bank transfer (automatic),73.61,1786.45,2,No
4056-LU,Male,0,No,Yes,64,Yes,No,Fiber optic,Yes,Yes,No,Yes,No,No,Month-to-month,No,Mailed check,82.12,5303.69,1,No
6981-LZ,Female,0,Yes,No,39,Yes,No,DSL,No,No,Yes,No,Yes,Yes,One year,Yes,Electronic check,70.67,2716.1,2,No
9992-ZZ,Female,0,No,No,49,Yes,No,No,No internet service,No internet service,No internet service,No internet service,No internet service,No internet service,Month-to-month,Yes,Bank transfer (automatic),18.88,916.65,0,No
2379-HA,Male,0,No,Yes,59,Yes,Yes,Fiber optic,Yes,No,No,No,Yes,No,Two year,Yes,Electronic check,87.0,5109.88,1,No
4770-OR,Female,0,Yes,No,20,Yes,No,No,No internet service,No internet service,No internet service,No internet service,No internet service,No internet service,Two year,Yes,Bank transfer (automatic),18.5,276.97,2,No
2546-WB,Female,1,No,No,61,No,No phone service,No,No internet service,No internet service,No internet service,No internet service,No internet service,No internet service,One year,No,Credit card (automatic),18.5,1130.83,4,No
7208-LP,Female,0,Yes,No,9,Yes,Yes,DSL,No,No,Yes,Yes,Yes,Yes,Month-to-month,No,Credit card (automatic),86.77,816.45,0,No
2385-RO,Female,0,No,Yes,23,Yes,No,DSL,No,No,Yes,Yes,Yes,No,Month-to-month,Yes,Credit card (automatic),74.82,1631.78,1,Yes
4280-JC,Female,0,Yes,Yes,7,Yes,Yes,DSL,Yes,No,No,No,No,No,Two year,Yes,Mailed check,51.2,318.14,2,No
3233-UP,Male,0,No,Yes,31,Yes,No,Fiber optic,No,No,No,No,No,No,One year,No,Credit card (automatic),67.09,2032.95,3,No
4205-CI,Female,0,Yes,No,60,Yes,Yes,Fiber optic,No,No,Yes,No,Yes,Yes,Month-to-month,Yes,Electronic check,95.36,5735.57,1,Yes
1170-UM,Female,0,Yes,No,61,Yes,Yes,DSL,Yes,No,No,Yes,No,Yes,One year,Yes,Electronic check,74.26,4554.52,1,No
4897-VX,Male,0,No,Yes,26,Yes,No,DSL,No,No,Yes,No,No,No,One year,Yes,Electronic check,50.81,1415.73,1,No
5122-VD,Female,1,No,No,54,Yes,Yes,Fiber optic,No,Yes,No,Yes,No,No,Month-to-month,Yes,Mailed check,82.96,4482.09,0,No
3837-XH,Female,0,Yes,No,31,Yes,No,Fiber optic,Yes,Yes,No,Yes,Yes,No,Month-to-month,Yes,Electronic check,101.34,3183.89,2,Yes
6228-JB,Female,0,No,Yes,41,Yes,Yes,Fiber optic,Yes,No,No,No,Yes,No,Month-to-month,No,Mailed check,83.35,3411.33,1,No
1679-FP,Male,0,No,Yes,28,Yes,No,Fiber optic,Yes,Yes,No,Yes,Yes,No,Two year,No,Electronic check,101.85,2831.6,2,No
1236-WN,Female,0,No,Yes,6,Yes,No,DSL,No,No,No,Yes,Yes,No,Two year,Yes,Electronic check,69.85,399.24,2,No
7804-JX,Female,0,No,Yes,34,Yes,No,Fiber optic,No,No,Yes,No,No,No,Two year,Yes,Credit card (automatic),63.34,2177.47,2,Yes
2032-DG,Male,0,Yes,No,9,Yes,No,Fiber optic,No,No,No,Yes,No,No,Month-to-month,No,Mailed check,74.75,654.22,0,Yes
3940-VB,Male,0,Yes,No,12,Yes,No,Fiber optic,No,No,No,No,No,No,Month-to-month,No,Bank transfer (automatic),61.71,667.74,3,Yes
4132-IE,Female,0,Yes,No,16,No,No phone service,DSL,No,No,No,Yes,No,No,One year,Yes,Mailed check,40.11,643.86,1,Yes
5942-RD,Male,1,No,No,71,Yes,Yes,Fiber optic,No,Yes,Yes,No,Yes,Yes,One year,Yes,Electronic check,97.1,6907.57,1,No
8730-TZ,Male,0,Yes,No,31,No,No phone service,Fiber optic,No,No,Yes,No,No,Yes,Month-to-month,No,Bank transfer (automatic),74.83,2313.09,1,Yes
7822-ZH,Male,0,Yes,No,33,Yes,Yes,DSL,No,No,No,No,No,Yes,Two year,Yes,Mailed check,58.32,1920.07,2,No
7487-UW,Female,0,Yes,No,7,Yes,Yes,Fiber optic,Yes,No,No,No,No,No,Two year,Yes,Credit card (automatic),76.45,551.36,1,No
6738-AB,Female,0,Yes,No,3,Yes,No,DSL,Yes,Yes,No,No,Yes,No,Month-to-month,Yes,Electronic check,70.74,190.5,1,Yes
6476-FZ,Male,1,Yes,No,20,Yes,Yes,DSL,No,No,No,No,No,Yes,One year,Yes,Mailed check,62.0,1259.23,1,No
9824-XG,Male,0,No,No,5,Yes,Yes,DSL,No,No,Yes,No,Yes,Yes,Month-to-month,Yes,Electronic check,76.42,391.29,6,Yes
3653-OS,Male,1,Yes,No,67,Yes,Yes,DSL,No,Yes,Yes,Yes,No,No,Month-to-month,No,Bank transfer (automatic),65.28,4386.04,0,No
6807-YM,Male,0,No,No,38,Yes,No,DSL,No,No,Yes,No,No,Yes,Month-to-month,No,Electronic check,64.47,2498.85,2,No
7116-CC,Female,1,No,No,56,Yes,Yes,DSL,No,Yes,No,Yes,No,Yes,Month-to-month,Yes,Mailed check,67.91,3825.95,1,No
4759-VQ,Male,0,No,Yes,23,Yes,No,Fiber optic,Yes,Yes,Yes,No,Yes,Yes,Two year,Yes,Mailed check,111.74,2475.02,1,Yes
6095-SE,Female,1,Yes,Yes,2,Yes,Yes,Fiber optic,No,Yes,Yes,No,Yes,Yes,Month-to-month,Yes,Credit card (automatic),101.98,239.38,2,Yes
2345-OB,Male,0,No,No,21,Yes,No,DSL,No,Yes,No,No,Yes,No,Two year,Yes,Bank transfer (automatic),68.99,1510.47,1,No
6962-MW,Female,0,No,Yes,14,Yes,No,DSL,Yes,Yes,No,Yes,Yes,Yes,Two year,Yes,Bank transfer (automatic),89.96,1321.45,2,No
9649-CE,Female,0,Yes,No,62,Yes,Yes,Fiber optic,Yes,No,No,Yes,No,Yes,One year,No,Bank transfer (automatic),84.41,5302.7,0,No
4330-FM,Male,0,No,No,11,Yes,No,Fiber optic,Yes,No,No,No,Yes,No,Two year,Yes,Bank transfer (automatic),82.81,930.16,2,Yes
7055-RC,Female,0,No,No,4,Yes,No,Fiber optic,No,Yes,No,No,No,No,Month-to-month,No,Credit card (automatic),70.97,291.56,0,Yes
1279-XQ,Female,0,Yes,No,47,Yes,No,Fiber optic,Yes,Yes,Yes,Yes,No,No,Month-to-month,Yes,Bank transfer (automatic),88.89,4153.17,0,No
7439-JB,Female,1,Yes,No,20,Yes,No,Fiber optic,No,No,No,No,No,Yes,One year,No,Bank transfer (automatic),73.0,1388.79,4,Yes
7827-WF,Male,0,No,No,52,Yes,Yes,No,No internet service,No internet service,No internet service,No internet service,No internet service,No internet service,Two year,Yes,Credit card (automatic),21.63,1144.33,1,No
2217-UW,Female,0,No,No,16,Yes,No,DSL,No,No,No,Yes,No,No,Month-to-month,Yes,Electronic check,53.63,854.92,0,No
7007-CQ,Female,1,Yes,Yes,45,Yes,No,DSL,No,Yes,No,Yes,No,No,Month-to-month,Yes,Electronic check,66.5,2949.14,2,No
3076-GU,Male,0,No,No,8,Yes,Yes,Fiber optic,No,Yes,Yes,No,Yes,No,One year,Yes,Electronic check,89.36,756.14,2,Yes
5589-PJ,Male,0,Yes,No,62,Yes,No,Fiber optic,No,No,Yes,No,Yes,No,Month-to-month,Yes,Electronic check,90.98,5603.51,1,Yes
9142-UX,Female,1,No,No,21,Yes,No,DSL,No,No,No,No,Yes,No,One year,No,Electronic check,55.55,1194.75,1,No
8897-OJ,Female,0,Yes,Yes,64,No,No phone service,Fiber optic,No,No,No,Yes,No,Yes,Month-to-month,Yes,Mailed check,73.17,4682.29,2,No
8161-CB,Male,0,Yes,No,30,No,No phone service,DSL,Yes,No,Yes,Yes,Yes,Yes,One year,Yes,Electronic check,79.95,2462.56,0,No
2059-CI,Male,0,No,No,36,Yes,Yes,Fiber optic,Yes,No,No,No,Yes,Yes,Month-to-month,No,Credit card (automatic),91.86,3391.26,0,Yes
7101-QN,Female,1,No,Yes,5,Yes,Yes,DSL,Yes,Yes,No,No,Yes,Yes,Month-to-month,Yes,Electronic check,87.45,472.81,2,Yes
3473-ML,Female,1,Yes,No,38,Yes,No,No,No internet service,No internet service,No internet service,No internet service,No internet service,No internet service,Month-to-month,No,Electronic check,18.5,656.87,0,No
9096-VS,Male,1,Yes,No,19,Yes,No,DSL,No,No,Yes,No,Yes,No,Month-to-month,No,Bank transfer (automatic),68.97,1297.74,3,No
5549-MS,Male,0,No,No,27,Yes,Yes,Fiber optic,No,Yes,Yes,No,Yes,Yes,Month-to-month,No,Electronic check,105.09,2865.62,0,Yes
6452-ZV,Female,0,No,Yes,13,Yes,No,DSL,No,Yes,No,No,No,Yes,Two year,Yes,Bank transfer (automatic),65.26,833.58,1,No
9212-DX,Female,0,No,Yes,9,Yes,No,Fiber optic,Yes,Yes,No,No,No,Yes,Month-to-month,Yes,Credit card (automatic),93.19,895.35,0,Yes
4201-OL,Male,0,No,Yes,17,Yes,Yes,Fiber optic,Yes,Yes,No,No,Yes,Yes,One year,Yes,Mailed check,104.94,1778.21,1,Yes
8962-GT,Female,0,No,Yes,44,Yes,No,DSL,Yes,Yes,No,No,Yes,Yes,Month-to-month,Yes,Mailed check,81.2,3598.66,7,No
6681-WM,Female,0,No,No,45,Yes,Yes,DSL,No,Yes,Yes,No,Yes,Yes,Two year,Yes,Bank transfer (automatic),84.49,3835.0,1,No
1336-DY,Female,1,Yes,Yes,42,Yes,No,Fiber optic,Yes,Yes,Yes,Yes,Yes,No,Month-to-month,Yes,Credit card (automatic),105.79,4472.16,2,No
1909-TM,Female,0,No,No,51,Yes,Yes,DSL,No,No,Yes,No,Yes,No,One year,Yes,Electronic check,64.86,3266.42,2,No
6122-ZZ,Male,0,Yes,Yes,58,Yes,Yes,No,No internet service,No internet service,No internet service,No internet service,No internet service,No internet service,Two year,Yes,Credit card (automatic),20.5,1263.49,2,No
1973-OC,Male,1,No,Yes,58,Yes,No,DSL,Yes,No,Yes,Yes,Yes,Yes,Two year,Yes,Bank transfer (automatic),92.57,5377.82,4,No
2408-ZX,Female,1,Yes,Yes,30,No,No phone service,DSL,No,Yes,No,Yes,No,Yes,Month-to-month,Yes,Mailed check,62.99,1876.49,1,Yes
3288-CN,Female,0,Yes,Yes,5,Yes,Yes,DSL,Yes,Yes,No,No,Yes,Yes,Month-to-month,No,Mailed check,83.65,344.28,1,Yes
2218-MO,Female,0,Yes,Yes,8,Yes,No,DSL,Yes,No,No,No,Yes,Yes,Month-to-month,No,Electronic check,77.66,547.83,0,Yes
4377-NU,Female,0,Yes,No,37,Yes,No,Fiber optic,No,Yes,Yes,No,No,No,Month-to-month,Yes,Electronic check,80.89,2962.67,0,Yes
5098-SH,Male,0,Yes,No,47,Yes,Yes,Fiber optic,Yes,No,No,No,Yes,Yes,One year,No,Bank transfer (automatic),91.13,4251.49,1,No
8619-DS,Female,0,No,Yes,45,Yes,Yes,Fiber optic,Yes,Yes,No,No,Yes,No,Month-to-month,Yes,Bank transfer (automatic),90.88,4026.06,2,No
9938-AH,Female,0,Yes,No,5,Yes,Yes,Fiber optic,No,Yes,Yes,Yes,Yes,Yes,One year,Yes,Mailed check,109.5,521.21,4,No
1494-AG,Male,1,No,Yes,63,No,No phone service,DSL,Yes,Yes,Yes,Yes,Yes,No,Month-to-month,Yes,Electronic check,81.62,5191.93,1,No
4444-TT,Male,0,No,Yes,47,Yes,Yes,Fiber optic,No,No,No,Yes,No,Yes,One year,Yes,Electronic check,87.8,4145.64,3,No
8543-KN,Female,0,No,No,25,Yes,No,DSL,Yes,No,Yes,Yes,No,Yes,Two year,Yes,Credit card (automatic),77.63,1881.86,1,No
8253-PN,Male,0,No,No,50,Yes,No,DSL,No,No,Yes,No,No,No,Month-to-month,Yes,Bank transfer (automatic),59.25,3014.16,2,No
3057-XN,Male,0,Yes,No,45,Yes,No,DSL,No,Yes,Yes,No,Yes,No,Month-to-month,No,Mailed check,67.37,3082.23,1,No
6717-IQ,Female,0,Yes,Yes,30,Yes,No,Fiber optic,Yes,Yes,Yes,Yes,Yes,No,One year,Yes,Bank transfer (automatic),105.88,3098.9,0,No
9831-HZ,Female,0,No,No,48,Yes,Yes,Fiber optic,No,No,No,No,Yes,No,Two year,Yes,Electronic check,76.71,3751.51,0,No
6004-RE,Male,1,Yes,No,51,Yes,Yes,Fiber optic,No,No,No,Yes,Yes,No,Two year,No,Mailed check,80.78,4152.46,2,No
6125-US,Female,0,No,No,55,Yes,Yes,Fiber optic,No,No,No,Yes,Yes,Yes,Month-to-month,Yes,Mailed check,99.01,5496.58,0,No
4427-YK,Male,0,No,No,55,Yes,Yes,DSL,No,Yes,Yes,No,No,Yes,Two year,Yes,Electronic check,70.61,3834.97,3,No
4597-MJ,Male,0,Yes,No,46,Yes,No,DSL,Yes,No,Yes,No,No,Yes,Month-to-month,Yes,Credit card (automatic),72.46,3316.71,3,No
1772-HN,Male,0,No,No,31,Yes,Yes,DSL,Yes,No,No,No,Yes,Yes,Month-to-month,Yes,Mailed check,73.38,2250.62,2,Yes
2787-XH,Female,0,Yes,No,34,Yes,No,DSL,Yes,Yes,Yes,Yes,No,Yes,Two year,Yes,Credit card (automatic),89.09,2993.45,1,No
2848-ZF,Female,0,No,No,68,Yes,Yes,Fiber optic,No,Yes,Yes,Yes,No,Yes,Month-to-month,No,Bank transfer (automatic),100.47,6798.54,2,Yes
8311-DL,Male,1,Yes,No,33,Yes,No,Fiber optic,No,Yes,Yes,Yes,Yes,Yes,Month-to-month,Yes,Credit card (automatic),109.7,3574.23,0,No
3050-LE,Male,0,Yes,Yes,56,Yes,Yes,DSL,No,Yes,Yes,No,Yes,Yes,Month-to-month,Yes,Electronic check,79.83,4501.07,0,No
4973-SR,Female,0,Yes,No,58,Yes,Yes,DSL,Yes,Yes,No,No,No,Yes,Month-to-month,Yes,Credit card (automatic),70.99,4126.91,2,No
2615-WK,Male,0,No,No,57,Yes,Yes,DSL,Yes,No,No,No,Yes,Yes,Month-to-month,No,Mailed check,74.64,4309.71,0,Yes
6506-HF,Male,0,No,No,17,Yes,Yes,Fiber optic,No,Yes,No,No,Yes,No,Month-to-month,Yes,Electronic check,83.13,1293.06,0,Yes
6291-YU,Female,0,Yes,No,11,Yes,Yes,Fiber optic,No,Yes,Yes,No,Yes,Yes,Month-to-month,Yes,Bank transfer (automatic),106.51,1191.74,2,Yes
2359-JV,Female,0,Yes,No,71,Yes,Yes,Fiber optic,No,No,No,No,No,Yes,One year,Yes,Bank transfer (automatic),76.96,5433.72,0,No
5429-MI,Female,0,Yes,No,17,Yes,Yes,Fiber optic,No,Yes,Yes,Yes,Yes,No,Two year,Yes,Bank transfer (automatic),100.17,1679.15,1,No
8366-LE,Female,0,No,No,10,Yes,Yes,DSL,No,No,No,Yes,Yes,No,Month-to-month,Yes,Mailed check,63.85,624.3,0,No
6361-DB,Male,1,Yes,No,26,Yes,No,Fiber optic,No,No,Yes,No,No,No,Month-to-month,Yes,Credit card (automatic),76.67,2111.47,1,Yes
6346-ZL,Female,0,No,Yes,6,Yes,Yes,Fiber optic,No,Yes,No,No,No,Yes,Two year,No,Bank transfer (automatic),81.99,455.29,1,No
7594-DF,Female,0,Yes,No,16,Yes,No,DSL,Yes,No,Yes,No,No,Yes,Month-to-month,Yes,Bank transfer (automatic),70.36,1154.89,3,Yes
4275-SJ,Male,0,No,No,4,Yes,No,Fiber optic,Yes,Yes,No,Yes,No,Yes,One year,Yes,Electronic check,102.42,498.59,1,No
5925-AQ,Male,0,No,No,62,Yes,No,No,No internet service,No internet service,No internet service,No internet service,No internet service,No internet service,Month-to-month,Yes,Credit card (automatic),18.5,1086.98,3,No
4343-IY,Male,0,No,No,64,Yes,No,DSL,Yes,Yes,Yes,Yes,No,No,One year,Yes,Bank transfer (automatic),76.61,4900.45,1,No
8092-IW,Female,0,No,Yes,56,Yes,No,No,No internet service,No internet service,No internet service,No internet service,No internet service,No internet service,One year,Yes,Credit card (automatic),18.5,970.34,1,No
9584-LW,Male,0,Yes,Yes,23,No,No phone service,DSL,No,No,Yes,No,Yes,Yes,Two year,No,Bank transfer (automatic),71.33,1602.27,0,No
8720-OB,Female,0,No,No,33,Yes,Yes,Fiber optic,Yes,Yes,No,No,No,Yes,Month-to-month,Yes,Credit card (automatic),89.24,2967.93,1,Yes
7474-KH,Male,0,No,No,31,Yes,Yes,DSL,No,Yes,No,Yes,Yes,No,Month-to-month,No,Credit card (automatic),71.43,2211.85,3,No
3181-UT,Female,0,Yes,No,7,No,No phone service,DSL,No,No,No,Yes,Yes,Yes,Month-to-month,No,Mailed check,66.55,382.72,2,Yes
6030-CH,Male,0,Yes,Yes,5,Yes,No,Fiber optic,Yes,Yes,No,No,No,No,Two year,Yes,Bank transfer (automatic),80.5,430.5,3,No
2521-QK,Female,0,No,No,37,Yes,Yes,DSL,No,Yes,Yes,No,No,Yes,Month-to-month,No,Bank transfer (automatic),71.56,2737.45,5,No
3337-YU,Female,0,No,No,1,Yes,No,DSL,Yes,No,No,Yes,Yes,Yes,Month-to-month,No,Bank transfer (automatic),83.03,111.34,2,No
8162-XS,Male,0,No,No,70,Yes,No,Fiber optic,No,Yes,No,Yes,No,No,Two year,No,Mailed check,80.3,5595.8,2,No
5422-RH,Male,0,No,No,45,Yes,No,No,No internet service,No internet service,No internet service,No internet service,No internet service,No internet service,One year,Yes,Credit card (automatic),20.59,876.51,1,No
2126-UD,Female,0,Yes,Yes,47,Yes,Yes,DSL,No,No,Yes,No,Yes,Yes,Month-to-month,Yes,Credit card (automatic),78.82,3707.23,2,No
7571-IZ,Male,0,Yes,No,68,Yes,Yes,DSL,Yes,Yes,Yes,No,Yes,Yes,Month-to-month,No,Electronic check,88.85,5988.88,0,No
8276-YR,Female,1,Yes,No,30,Yes,Yes,Fiber optic,No,No,No,Yes,Yes,No,Month-to-month,No,Electronic check,79.89,2458.59,3,No
8059-ID,Female,1,Yes,No,60,Yes,No,Fiber optic,Yes,Yes,No,Yes,Yes,Yes,Two year,No,Electronic check,113.54,6801.37,2,No
6492-HA,Female,0,Yes,No,24,Yes,No,DSL,Yes,No,Yes,No,Yes,No,Month-to-month,No,Electronic check,69.61,1590.3,0,No
7792-TM,Male,0,Yes,No,31,Yes,No,DSL,No,No,Yes,No,Yes,Yes,Month-to-month,No,Mailed check,78.58,2412.32,2,Yes
4551-BM,Female,0,No,No,28,No,No phone service,DSL,No,Yes,No,Yes,Yes,No,Month-to-month,Yes,Bank transfer (automatic),59.59,1638.48,1,Yes
2565-TF,Female,0,No,No,45,Yes,Yes,DSL,No,Yes,Yes,No,Yes,No,Month-to-month,No,Electronic check,68.61,3127.66,0,Yes
7459-AY,Female,1,No,Yes,4,Yes,Yes,DSL,Yes,No,No,Yes,Yes,No,Month-to-month,No,Bank transfer (automatic),76.93,330.03,0,Yes
9254-CD,Female,1,Yes,No,61,Yes,No,No,No internet service,No internet service,No internet service,No internet service,No internet service,No internet service,One year,Yes,Credit card (automatic),18.5,1135.39,0,No
6965-IX,Male,0,No,Yes,39,Yes,Yes,Fiber optic,No,Yes,No,No,Yes,Yes,One year,Yes,Mailed check,93.77,3624.5,2,No
9835-RN,Male,0,Yes,Yes,24,Yes,Yes,No,No internet service,No internet service,No internet service,No internet service,No internet service,No internet service,One year,No,Bank transfer (automatic),21.39,428.02,0,No
9408-DY,Female,0,Yes,Yes,71,Yes,Yes,DSL,Yes,Yes,No,Yes,Yes,Yes,One year,No,Credit card (automatic),84.99,6102.97,2,No
4273-CW,Male,0,No,Yes,46,Yes,Yes,DSL,No,No,No,No,Yes,No,One year,Yes,Bank transfer (automatic),52.15,2398.81,0,No
8401-MD,Male,0,Yes,Yes,53,No,No phone service,DSL,No,No,No,Yes,No,No,One year,No,Electronic check,43.23,2366.26,0,No
2521-KY,Female,0,No,No,48,Yes,No,DSL,No,No,No,No,Yes,Yes,Two year,No,Electronic check,67.42,3254.0,2,No
6623-NR,Male,0,Yes,Yes,9,Yes,Yes,No,No internet service,No internet service,No internet service,No internet service,No internet service,No internet service,Month-to-month,Yes,Electronic check,18.5,117.09,0,Yes
2562-JE,Male,0,No,No,22,Yes,No,No,No internet service,No internet service,No internet service,No internet service,No internet service,No internet service,Month-to-month,Yes,Electronic check,18.5,432.32,1,Yes
6190-LY,Male,0,Yes,No,2,No,No phone service,Fiber optic,No,No,Yes,No,No,No,Month-to-month,No,Electronic check,66.03,65.26,3,Yes
8746-ZD,Male,0,No,Yes,16,Yes,Yes,DSL,Yes,No,No,Yes,No,No,Two year,Yes,Bank transfer (automatic),65.05,949.9,3,No
2251-OJ,Male,1,Yes,No,5,No,No phone service,Fiber optic,No,Yes,Yes,Yes,No,No,Two year,No,Electronic check,76.79,421.2,2,No
5052-VP,Male,0,No,No,12,Yes,No,Fiber optic,No,No,Yes,Yes,No,No,One year,No,Mailed check,78.07,905.06,2,No
3030-ST,Female,0,No,No,52,Yes,No,Fiber optic,No,No,No,No,No,Yes,Month-to-month,Yes,Mailed check,83.96,4431.57,0,No
8041-XO,Male,0,No,No,26,Yes,Yes,Fiber optic,Yes,No,Yes,No,Yes,Yes,One year,No,Bank transfer (automatic),106.83,2723.8,0,No
2126-AE,Female,1,Yes,No,15,Yes,Yes,DSL,No,Yes,No,No,No,Yes,One year,Yes,Electronic check,70.09,1133.41,4,Yes
9052-DN,Female,0,Yes,No,67,Yes,Yes,DSL,Yes,No,Yes,Yes,No,Yes,Month-to-month,Yes,Credit card (automatic),74.63,5052.06,1,No
2856-PW,Female,1,No,No,59,Yes,Yes,Fiber optic,No,No,Yes,No,Yes,Yes,Month-to-month,Yes,Mailed check,92.47,5490.34,2,Yes
7229-PS,Male,0,No,No,39,Yes,No,Fiber optic,No,Yes,Yes,Yes,No,No,One year,No,Bank transfer (automatic),87.75,3412.58,1,No
8865-NT,Male,0,No,No,63,Yes,No,Fiber optic,No,Yes,Yes,No,No,Yes,Month-to-month,Yes,Mailed check,91.31,5761.44,3,No
1500-LA,Female,0,Yes,No,25,No,No phone service,No,No internet service,No internet service,No internet service,No internet service,No internet service,No internet service,Month-to-month,No,Electronic check,18.5,511.72,1,No
8540-QI,Female,0,Yes,Yes,41,Yes,Yes,Fiber optic,No,No,No,Yes,Yes,No,Month-to-month,Yes,Bank transfer (automatic),84.63,3485.64,0,Yes
6759-WS,Female,0,Yes,No,28,Yes,No,DSL,No,Yes,No,No,No,Yes,Two year,Yes,Credit card (automatic),66.17,1896.58,2,No
4057-GI,Male,0,No,Yes,21,Yes,Yes,DSL,No,No,No,Yes,Yes,No,Month-to-month,Yes,Bank transfer (automatic),64.64,1372.28,1,No
7997-ZU,Male,0,Yes,No,61,Yes,Yes,DSL,Yes,No,No,No,No,No,Month-to-month,No,Bank transfer (automatic),56.33,3411.13,1,No
5747-GN,Male,0,No,No,57,Yes,No,DSL,No,Yes,No,No,Yes,No,One year,No,Mailed check,65.59,3826.02,0,No
8758-FU,Female,0,No,No,11,Yes,No,DSL,Yes,No,Yes,No,Yes,No,Month-to-month,Yes,Electronic check,68.11,842.35,1,Yes
8053-BH,Male,0,Yes,No,19,Yes,Yes,DSL,No,No,No,No,Yes,No,Month-to-month,No,Credit card (automatic),55.69,1120.26,3,Yes
3924-WF,Male,0,Yes,No,1,No,No phone service,DSL,No,Yes,No,Yes,Yes,Yes,One year,Yes,Electronic check,74.43,85.99,1,No
5964-YA,Female,0,No,No,32,No,No phone service,DSL,No,Yes,Yes,Yes,No,No,Month-to-month,No,Mailed check,54.53,1742.02,3,No
4071-IF,Male,0,Yes,No,34,Yes,Yes,DSL,No,No,No,Yes,Yes,Yes,One year,No,Electronic check,75.24,2611.4,1,No
7387-ZG,Female,1,Yes,No,17,Yes,No,No,No internet service,No internet service,No internet service,No internet service,No internet service,No internet service,Month-to-month,Yes,Credit card (automatic),18.65,311.81,1,Yes
7632-EN,Male,0,Yes,No,55,Yes,No,No,No internet service,No internet service,No internet service,No internet service,No internet service,No internet service,Month-to-month,No,Electronic check,24.57,1290.84,0,No
8716-HG,Female,0,Yes,Yes,19,Yes,No,Fiber optic,No,Yes,Yes,Yes,No,No,Month-to-month,Yes,Bank transfer (automatic),89.76,1695.87,1,No
4404-MH,Male,0,No,No,42,Yes,Yes,Fiber optic,No,Yes,Yes,No,Yes,No,Month-to-month,No,Electronic check,91.86,3901.04,1,No
1106-ZR,Female,1,Yes,No,59,Yes,No,Fiber optic,No,Yes,No,Yes,No,Yes,Month-to-month,Yes,Credit card (automatic),88.39,5227.36,2,No
4154-FV,Male,0,Yes,Yes,38,Yes,Yes,Fiber optic,No,Yes,No,Yes,No,No,One year,Yes,Electronic check,82.77,3144.87,1,No
5801-MW,Female,0,No,No,31,Yes,No,Fiber optic,No,Yes,No,No,Yes,No,Two year,Yes,Credit card (automatic),80.72,2464.1,1,No
6400-ZK,Female,0,Yes,Yes,66,Yes,Yes,DSL,No,Yes,No,Yes,Yes,Yes,Month-to-month,Yes,Electronic check,85.07,5546.56,1,No
5289-QH,Male,1,Yes,No,69,Yes,Yes,Fiber optic,No,No,No,No,No,No,Two year,Yes,Bank transfer (automatic),70.76,4858.91,3,No
7177-FV,Male,0,No,Yes,50,Yes,No,DSL,No,Yes,No,No,No,Yes,One year,Yes,Bank transfer (automatic),67.76,3405.46,2,No
3372-PH,Female,1,No,No,30,No,No phone service,DSL,No,Yes,No,No,Yes,No,Month-to-month,Yes,Credit card (automatic),57.11,1683.4,2,No
7834-PM,Male,0,Yes,Yes,35,Yes,No,Fiber optic,Yes,No,No,No,No,Yes,One year,No,Mailed check,82.61,2896.61,3,No
7617-TG,Female,0,Yes,No,59,Yes,Yes,No,No internet service,No internet service,No internet service,No internet service,No internet service,No internet service,Two year,No,Mailed check,18.5,1120.78,1,No
5158-PW,Female,0,No,No,17,Yes,No,Fiber optic,No,Yes,Yes,No,Yes,Yes,One year,Yes,Mailed check,103.05,1790.36,3,No
1303-LN,Male,0,No,No,66,Yes,No,Fiber optic,Yes,No,Yes,No,Yes,No,Two year,No,Bank transfer (automatic),92.38,6108.4,4,No
5506-RP,Male,1,Yes,No,21,Yes,Yes,Fiber optic,No,Yes,No,Yes,No,Yes,One year,Yes,Electronic check,93.81,1900.74,2,No
4763-PM,Male,0,Yes,No,52,Yes,No,No,No internet service,No internet service,No internet service,No internet service,No internet service,No internet service,One year,Yes,Bank transfer (automatic),18.5,979.1,2,No
1732-IZ,Female,0,Yes,No,65,Yes,Yes,Fiber optic,No,No,No,No,No,Yes,Month-to-month,No,Bank transfer (automatic),79.73,5173.84,3,No
6659-IM,Female,0,No,Yes,14,Yes,Yes,DSL,Yes,Yes,Yes,No,Yes,Yes,Month-to-month,No,Electronic check,92.64,1185.02,2,Yes
7652-DI,Male,0,Yes,Yes,16,Yes,No,Fiber optic,No,No,Yes,Yes,Yes,Yes,Month-to-month,No,Mailed check,106.34,1686.07,1,Yes
7605-SL,Female,0,No,Yes,55,Yes,No,DSL,No,No,No,No,No,Yes,Two year,No,Electronic check,51.86,2944.35,1,No
3292-ZY,Female,0,No,No,9,Yes,No,DSL,No,No,No,Yes,No,No,One year,Yes,Electronic check,52.62,479.85,0,No
1997-CZ,Male,0,No,No,8,Yes,No,Fiber optic,Yes,Yes,No,No,No,Yes,Two year,Yes,Electronic check,86.5,720.97,1,Yes
5664-VT,Female,0,No,No,34,Yes,No,Fiber optic,Yes,No,No,No,No,Yes,Month-to-month,No,Bank transfer (automatic),80.93,2827.2,2,Yes
2679-TX,Female,0,Yes,No,33,Yes,Yes,DSL,No,No,Yes,No,Yes,Yes,One year,Yes,Credit card (automatic),74.68,2475.82,1,No
5886-QP,Female,0,No,No,7,Yes,No,DSL,No,Yes,Yes,No,Yes,Yes,One year,No,Bank transfer (automatic),79.94,561.52,0,No
7821-HS,Male,0,Yes,Yes,21,Yes,No,Fiber optic,No,No,No,Yes,No,Yes,Month-to-month,Yes,Electronic check,83.39,1678.4,1,No
7813-YZ,Male,0,Yes,Yes,5,No,No phone service,Fiber optic,No,Yes,No,Yes,No,Yes,Month-to-month,No,Bank transfer (automatic),81.92,407.61,2,Yes
5090-OR,Female,1,Yes,No,71,Yes,Yes,DSL,No,Yes,No,No,No,Yes,Month-to-month,No,Mailed check,64.95,4594.99,1,No
8471-MU,Male,0,Yes,Yes,12,Yes,No,DSL,No,No,No,No,No,No,Month-to-month,No,Electronic check,44.77,556.59,0,Yes
8008-YZ,Female,1,No,No,59,No,No phone service,Fiber optic,No,Yes,No,No,Yes,No,Month-to-month,No,Credit card (automatic),75.12,4409.61,2,Yes
1226-PB,Male,0,No,Yes,58,Yes,Yes,Fiber optic,No,No,No,No,Yes,Yes,Two year,Yes,Electronic check,91.18,5258.83,0,No
5718-AI,Female,0,No,No,37,Yes,No,No,No internet service,No internet service,No internet service,No internet service,No internet service,No internet service,Two year,Yes,Credit card (automatic),18.5,571.08,4,No
8727-DL,Female,0,Yes,No,45,Yes,No,DSL,No,Yes,No,Yes,Yes,Yes,One year,No,Mailed check,82.26,3746.0,2,No
6280-AG,Female,0,No,No,25,Yes,No,Fiber optic,Yes,No,No,Yes,No,Yes,Two year,Yes,Bank transfer (automatic),92.42,2257.68,3,Yes
4199-RW,Female,0,Yes,No,27,No,No phone service,Fiber optic,Yes,No,No,No,Yes,No,Two year,No,Credit card (automatic),75.93,2080.84,4,No
9635-WO,Male,0,Yes,No,51,Yes,Yes,Fiber optic,No,No,Yes,No,No,No,Month-to-month,Yes,Bank transfer (automatic),75.35,3902.52,1,No
8897-YM,Female,0,No,Yes,42,Yes,No,No,No internet service,No internet service,No internet service,No internet service,No internet service,No internet service,One year,Yes,Credit card (automatic),18.5,737.36,1,No
9271-GP,Female,0,Yes,Yes,71,Yes,No,DSL,No,No,Yes,No,Yes,Yes,Month-to-month,Yes,Electronic check,77.06,5551.56,1,No
1589-QL,Male,0,No,Yes,42,Yes,No,DSL,No,Yes,Yes,Yes,Yes,No,Month-to-month,Yes,Electronic check,84.55,3556.11,0,No
2884-XX,Male,0,Yes,No,60,No,No phone service,Fiber optic,No,Yes,Yes,No,No,Yes,Month-to-month,No,Bank transfer (automatic),81.01,4880.46,3,No
9503-UD,Female,0,Yes,No,72,Yes,Yes,DSL,Yes,No,No,No,Yes,Yes,Month-to-month,No,Electronic check,83.8,6013.51,2,No
7837-BR,Female,0,No,Yes,58,Yes,No,Fiber optic,No,Yes,No,No,Yes,No,Month-to-month,Yes,Mailed check,82.81,4775.7,3,No
5481-YO,Male,0,No,No,72,Yes,Yes,Fiber optic,No,No,Yes,Yes,Yes,Yes,Month-to-month,Yes,Bank transfer (automatic),105.29,7492.29,0,No
8261-ZS,Female,1,Yes,No,22,Yes,No,DSL,Yes,Yes,No,Yes,No,Yes,Month-to-month,Yes,Credit card (automatic),79.55,1846.94,0,Yes
8017-XT,Female,1,No,No,58,Yes,No,DSL,No,No,Yes,Yes,Yes,Yes,Month-to-month,No,Bank transfer (automatic),87.29,4954.28,0,No
2913-JW,Female,0,No,No,11,Yes,No,DSL,No,No,No,Yes,Yes,No,Month-to-month,Yes,Mailed check,63.38,619.78,1,No
5004-IT,Female,0,Yes,No,6,Yes,No,Fiber optic,Yes,Yes,No,No,Yes,Yes,One year,No,Electronic check,100.59,595.46,2,Yes
8890-MR,Female,0,No,No,22,Yes,No,DSL,No,No,No,No,Yes,No,Month-to-month,Yes,Bank transfer (automatic),53.91,1179.85,4,No
8066-FJ,Female,0,Yes,No,12,Yes,No,Fiber optic,No,No,No,Yes,Yes,Yes,One year,No,Bank transfer (automatic),95.11,1059.01,1,No
9983-FU,Female,0,Yes,No,27,Yes,No,DSL,No,No,No,Yes,No,No,Month-to-month,Yes,Mailed check,53.35,1416.84,2,No
7118-BN,Female,1,Yes,Yes,1,Yes,Yes,Fiber optic,No,No,No,No,No,No,One year,Yes,Mailed check,67.03,34.31,3,Yes
3673-KJ,Female,0,No,Yes,64,Yes,No,No,No internet service,No internet service,No internet service,No internet service,No internet service,No internet service,Two year,Yes,Electronic check,24.03,1522.03,3,No
8082-BO,Male,0,Yes,No,39,Yes,Yes,Fiber optic,Yes,No,No,No,Yes,No,Two year,No,Mailed check,87.79,3470.41,1,No
2254-IE,Male,0,Yes,Yes,60,Yes,No,No,No internet service,No internet service,No internet service,No internet service,No internet service,No internet service,Month-to-month,No,Bank transfer (automatic),18.5,1181.4,3,No
7342-TB,Male,0,Yes,No,70,Yes,Yes,DSL,Yes,Yes,Yes,No,No,No,Two year,Yes,Bank transfer (automatic),62.02,4424.37,3,No
5130-BU,Female,0,Yes,No,54,Yes,Yes,DSL,No,No,No,No,No,Yes,Month-to-month,Yes,Electronic check,54.92,2993.92,2,No
4029-WS,Female,0,Yes,No,25,Yes,No,DSL,No,No,No,Yes,Yes,No,Month-to-month,No,Mailed check,65.52,1563.77,1,Yes
5035-XT,Female,0,Yes,Yes,20,Yes,No,Fiber optic,Yes,No,No,No,No,No,One year,No,Electronic check,77.56,1576.09,1,Yes
5443-VG,Male,0,Yes,No,36,Yes,Yes,DSL,Yes,Yes,No,Yes,No,Yes,Month-to-month,Yes,Credit card (automatic),81.16,2943.99,5,No
1912-SV,Male,1,Yes,No,23,No,No phone service,Fiber optic,No,No,No,No,No,No,Two year,No,Bank transfer (automatic),51.91,1214.11,2,No
2711-CO,Female,1,No,Yes,1,Yes,Yes,Fiber optic,No,No,No,No,No,Yes,One year,No,Mailed check,83.69,125.22,1,Yes
6613-ON,Male,0,No,No,27,Yes,Yes,Fiber optic,No,No,No,Yes,No,No,Month-to-month,No,Electronic check,75.56,2004.64,1,No
5216-CQ,Male,0,Yes,Yes,52,Yes,No,Fiber optic,Yes,No,Yes,No,Yes,No,One year,Yes,Mailed check,89.19,4573.33,0,Yes
5124-FQ,Female,0,Yes,No,2,Yes,Yes,DSL,Yes,Yes,No,Yes,No,No,Month-to-month,Yes,Bank transfer (automatic),69.18,79.01,1,No
7096-NX,Female,0,Yes,Yes,21,No,No phone service,DSL,No,No,No,Yes,Yes,No,One year,No,Mailed check,51.79,1053.37,1,No
9120-RY,Male,1,No,No,9,Yes,No,Fiber optic,No,Yes,Yes,No,No,No,Month-to-month,No,Electronic check,83.1,731.61,3,Yes
2508-HG,Female,0,Yes,No,48,Yes,Yes,Fiber optic,No,Yes,No,Yes,No,Yes,Two year,No,Credit card (automatic),95.98,4622.62,2,No
1863-DR,Male,0,Yes,No,39,No,No phone service,Fiber optic,No,No,Yes,No,Yes,No,Month-to-month,Yes,Electronic check,80.18,3095.04,0,Yes
4055-NS,Male,0,Yes,No,42,Yes,No,DSL,Yes,No,No,No,No,No,One year,Yes,Credit card (automatic),53.75,2326.45,3,No
6278-NI,Male,0,Yes,No,71,Yes,No,Fiber optic,Yes,No,Yes,No,Yes,No,One year,No,Electronic check,89.73,6372.29,1,No
1613-QS,Female,1,No,Yes,45,Yes,Yes,Fiber optic,Yes,Yes,Yes,No,Yes,Yes,One year,Yes,Mailed check,107.13,4789.11,5,No
8723-DP,Male,0,Yes,No,2,Yes,Yes,Fiber optic,Yes,No,Yes,No,No,No,Month-to-month,No,Mailed check,83.94,225.4,2,Yes
8189-DQ,Male,0,Yes,Yes,67,Yes,No,DSL,No,No,No,No,Yes,Yes,One year,Yes,Electronic check,68.92,4597.26,1,No
6386-KX,Female,0,Yes,No,43,Yes,No,DSL,No,No,Yes,No,No,Yes,One year,Yes,Mailed check,58.24,2470.65,2,No
9759-FU,Female,0,No,No,18,Yes,No,DSL,No,Yes,No,No,Yes,Yes,One year,No,Bank transfer (automatic),73.88,1399.46,3,No
1020-NJ,Male,0,Yes,No,39,Yes,Yes,Fiber optic,Yes,Yes,No,No,No,No,Month-to-month,Yes,Mailed check,81.71,3197.39,3,No
6767-GH,Female,1,Yes,Yes,6,Yes,Yes,DSL,No,No,Yes,No,Yes,No,Month-to-month,Yes,Electronic check,62.04,479.39,1,Yes
4515-HW,Female,0,Yes,Yes,42,Yes,Yes,Fiber optic,No,No,No,Yes,No,No,Month-to-month,No,Bank transfer (automatic),69.85,2872.0,3,No
9481-PI,Male,1,Yes,No,52,Yes,Yes,DSL,No,Yes,No,No,Yes,No,Month-to-month,Yes,Credit card (automatic),65.54,3335.51,2,No
9076-WL,Female,1,Yes,No,27,Yes,Yes,Fiber optic,No,No,No,Yes,No,Yes,Month-to-month,Yes,Credit card (automatic),91.08,2472.79,3,Yes
5314-VY,Male,0,Yes,No,15,Yes,No,Fiber optic,Yes,Yes,No,No,Yes,Yes,One year,Yes,Credit card (automatic),105.01,1671.28,2,No
3800-BM,Female,0,No,No,19,Yes,No,DSL,No,No,Yes,No,No,Yes,Month-to-month,Yes,Electronic check,63.91,1178.53,2,Yes
9772-AT,Female,1,No,Yes,62,Yes,No,No,No internet service,No internet service,No internet service,No internet service,No internet service,No internet service,Two year,Yes,Electronic check,27.41,1705.65,1,No
8453-MH,Male,0,No,No,64,Yes,Yes,Fiber optic,Yes,No,No,Yes,Yes,Yes,Two year,Yes,Electronic check,103.53,6598.17,1,No
3853-QL,Male,0,Yes,Yes,51,Yes,Yes,DSL,Yes,No,Yes,Yes,Yes,No,One year,Yes,Credit card (automatic),80.36,4077.93,3,No
6698-NZ,Female,0,No,Yes,47,Yes,Yes,Fiber optic,No,No,Yes,No,Yes,Yes,Month-to-month,Yes,Electronic check,94.82,4482.14,1,Yes
2886-HK,Female,0,No,Yes,57,Yes,No,Fiber optic,Yes,No,No,No,Yes,Yes,Month-to-month,Yes,Credit card (automatic),94.08,5315.13,2,Yes
4770-NH,Female,0,No,No,20,No,No phone service,Fiber optic,No,No,No,No,Yes,No,Two year,Yes,Mailed check,64.81,1214.54,2,No
3940-CG,Male,0,No,Yes,20,Yes,No,DSL,Yes,Yes,No,No,Yes,No,Month-to-month,Yes,Electronic check,71.55,1448.58,1,Yes
8899-SD,Female,0,No,No,64,Yes,Yes,No,No internet service,No internet service,No internet service,No internet service,No internet service,No internet service,One year,No,Bank transfer (automatic),18.5,1170.18,0,No
2656-PM,Male,0,Yes,Yes,38,Yes,No,Fiber optic,No,No,Yes,Yes,Yes,Yes,Month-to-month,Yes,Electronic check,106.16,4079.14,4,No
7611-SE,Female,0,Yes,Yes,38,Yes,Yes,Fiber optic,Yes,No,Yes,No,Yes,No,Month-to-month,Yes,Bank transfer (automatic),94.85,3653.97,0,Yes
2764-TX,Female,0,Yes,No,65,Yes,No,DSL,Yes,No,Yes,No,No,No,One year,No,Bank transfer (automatic),59.82,3835.43,1,No
8331-BZ,Female,0,Yes,No,5,No,No phone service,DSL,No,No,Yes,No,Yes,No,Month-to-month,No,Electronic check,58.31,281.15,0,No
6025-SQ,Female,0,Yes,No,64,Yes,Yes,Fiber optic,No,Yes,Yes,Yes,Yes,Yes,Month-to-month,Yes,Credit card (automatic),109.81,7054.81,1,Yes
4460-YR,Female,0,Yes,No,27,Yes,No,No,No internet service,No internet service,No internet service,No internet service,No internet service,No internet service,Month-to-month,Yes,Mailed check,20.35,590.89,2,Yes
4835-WU,Male,0,No,Yes,20,Yes,Yes,Fiber optic,Yes,Yes,Yes,No,Yes,No,Month-to-month,Yes,Electronic check,99.63,2065.36,3,Yes
1071-OM,Male,0,No,No,60,Yes,No,DSL,No,Yes,No,No,Yes,No,Two year,Yes,Bank transfer (automatic),63.32,3830.55,2,No
8635-MT,Male,0,Yes,No,40,No,No phone service,DSL,No,Yes,No,Yes,Yes,No,Two year,Yes,Credit card (automatic),62.21,2529.24,1,No
4042-OW,Female,1,Yes,No,6,Yes,Yes,Fiber optic,No,No,Yes,No,Yes,No,Month-to-month,Yes,Credit card (automatic),85.04,553.15,3,Yes
8332-ZV,Male,0,No,No,36,Yes,No,DSL,No,No,No,No,Yes,Yes,Month-to-month,No,Credit card (automatic),66.2,2471.47,0,Yes
7661-ND,Male,0,No,No,65,Yes,No,Fiber optic,No,No,No,No,No,No,Month-to-month,Yes,Bank transfer (automatic),66.1,4178.79,2,Yes
2877-SW,Female,0,Yes,Yes,11,Yes,No,Fiber optic,No,Yes,No,Yes,No,No,One year,Yes,Mailed check,78.68,962.54,4,No
7886-DB,Female,1,Yes,Yes,49,Yes,Yes,Fiber optic,No,No,Yes,No,Yes,Yes,Month-to-month,No,Mailed check,97.36,4778.6,1,Yes
1794-GC,Male,0,Yes,No,28,Yes,No,Fiber optic,No,No,Yes,Yes,No,No,Month-to-month,No,Bank transfer (automatic),77.22,2028.85,1,No
5014-AB,Male,0,Yes,Yes,22,Yes,No,Fiber optic,Yes,Yes,No,Yes,Yes,Yes,Month-to-month,Yes,Credit card (automatic),111.51,2464.85,1,Yes
6353-PY,Male,0,No,No,47,Yes,Yes,No,No internet service,No internet service,No internet service,No internet service,No internet service,No internet service,Month-to-month,Yes,Electronic check,22.87,1049.63,1,Yes
1974-XO,Male,0,No,No,66,Yes,Yes,Fiber optic,Yes,No,Yes,No,Yes,Yes,Month-to-month,Yes,Mailed check,100.94,6682.17,1,No
5237-VN,Male,0,Yes,No,25,Yes,Yes,Fiber optic,No,No,No,Yes,No,Yes,Month-to-month,Yes,Electronic check,83.26,2187.63,0,Yes
8248-RT,Male,0,No,No,67,Yes,No,Fiber optic,No,No,Yes,Yes,No,No,Month-to-month,Yes,Bank transfer (automatic),81.42,5388.76,3,No
9050-QP,Male,1,No,Yes,32,Yes,Yes,Fiber optic,Yes,No,No,No,Yes,No,Two year,Yes,Bank transfer (automatic),86.06,2786.22,2,No
6415-GT,Female,0,No,No,17,Yes,No,DSL,No,No,Yes,No,Yes,Yes,Month-to-month,No,Credit card (automatic),79.42,1367.61,3,Yes
1287-LI,Male,1,No,No,40,No,No phone service,Fiber optic,No,Yes,Yes,No,No,No,Two year,No,Mailed check,66.84,2658.91,1,No
8450-NT,Female,0,Yes,No,30,Yes,Yes,DSL,Yes,No,Yes,No,Yes,Yes,Two year,Yes,Bank transfer (automatic),79.34,2322.15,1,No
2120-JQ,Female,0,Yes,No,59,Yes,Yes,DSL,Yes,No,No,No,No,Yes,Month-to-month,Yes,Bank transfer (automatic),63.96,3787.04,1,No
7627-QR,Female,1,No,No,28,No,No phone service,Fiber optic,No,No,Yes,Yes,Yes,Yes,Month-to-month,Yes,Mailed check,97.28,2648.16,1,Yes
3163-WB,Male,0,No,No,47,Yes,No,DSL,No,No,No,No,Yes,Yes,Month-to-month,Yes,Mailed check,66.31,3084.26,3,Yes
4980-WY,Male,0,No,No,23,Yes,No,Fiber optic,No,Yes,No,No,No,No,Month-to-month,No,Mailed check,69.95,1572.16,1,Yes
2725-VT,Female,0,No,Yes,57,Yes,Yes,Fiber optic,Yes,Yes,Yes,No,Yes,Yes,One year,No,Credit card (automatic),108.94,6218.26,1,Yes
4413-OT,Male,1,Yes,No,1,Yes,Yes,DSL,No,No,Yes,No,Yes,No,Two year,No,Electronic check,66.42,18.5,1,No
1022-IC,Male,0,Yes,No,29,Yes,No,Fiber optic,No,No,No,Yes,Yes,Yes,One year,No,Bank transfer (automatic),97.18,2802.72,1,No
1557-QM,Female,0,No,Yes,50,Yes,Yes,No,No internet service,No internet service,No internet service,No internet service,No internet service,No internet service,Month-to-month,Yes,Mailed check,19.96,1010.45,2,No
4730-WO,Male,0,No,Yes,64,Yes,Yes,Fiber optic,Yes,No,Yes,No,No,No,One year,Yes,Electronic check,76.04,4999.92,1,No
8034-YN,Female,1,No,No,37,Yes,No,DSL,No,Yes,No,No,Yes,Yes,One year,No,Electronic check,79.13,2843.24,3,No
6441-GQ,Female,1,Yes,Yes,61,Yes,No,Fiber optic,Yes,No,Yes,No,Yes,Yes,One year,Yes,Bank transfer (automatic),103.22,6335.57,0,No
9645-UH,Female,0,No,Yes,7,Yes,Yes,DSL,Yes,Yes,No,No,Yes,No,Month-to-month,Yes,Bank transfer (automatic),68.05,517.2,2,Yes
6595-BA,Female,0,No,No,64,Yes,Yes,Fiber optic,Yes,No,No,Yes,No,No,One year,Yes,Mailed check,84.7,5428.87,4,No
3511-GV,Male,1,Yes,Yes,18,Yes,Yes,Fiber optic,No,No,No,No,No,No,One year,No,Mailed check,68.32,1182.22,4,Yes
1362-OM,Female,0,Yes,Yes,29,Yes,No,No,No internet service,No internet service,No internet service,No internet service,No internet service,No internet service,Two year,Yes,Bank transfer (automatic),23.33,741.65,0,No
4255-BN,Male,0,No,No,60,Yes,No,Fiber optic,Yes,Yes,No,Yes,Yes,Yes,Month-to-month,No,Electronic check,115.24,6914.93,1,No
6349-IG,Male,0,No,No,54,Yes,Yes,Fiber optic,Yes,Yes,No,No,Yes,No,Month-to-month,Yes,Electronic check,87.74,4756.18,3,Yes
7079-XI,Male,0,Yes,No,72,Yes,No,Fiber optic,No,Yes,No,Yes,No,Yes,Two year,Yes,Credit card (automatic),94.14,6732.27,1,No
9035-ID,Male,0,Yes,No,21,Yes,No,Fiber optic,No,No,Yes,Yes,No,No,Month-to-month,Yes,Credit card (automatic),82.47,1738.13,2,Yes
2003-DY,Female,0,Yes,No,21,Yes,No,No,No internet service,No internet service,No internet service,No internet service,No internet service,No internet service,Month-to-month,Yes,Bank transfer (automatic),20.32,473.98,2,No
1925-XT,Female,0,Yes,No,58,Yes,No,DSL,Yes,No,No,No,No,Yes,Two year,Yes,Credit card (automatic),68.51,3999.85,1,No
7583-XG,Female,1,Yes,Yes,49,Yes,No,DSL,Yes,Yes,No,No,No,No,Month-to-month,No,Electronic check,57.71,2810.7,2,No
1985-MV,Female,0,No,Yes,36,Yes,Yes,DSL,No,No,Yes,No,Yes,No,Month-to-month,Yes,Mailed check,69.1,2528.8,2,No
5231-WE,Female,0,Yes,No,17,Yes,Yes,DSL,No,Yes,No,Yes,Yes,Yes,One year,Yes,Mailed check,83.44,1439.32,1,No
6291-MT,Male,1,No,No,53,Yes,No,Fiber optic,Yes,No,No,Yes,Yes,Yes,One year,Yes,Electronic check,105.47,5553.43,4,No
6051-RX,Female,0,Yes,No,15,Yes,Yes,DSL,No,No,No,Yes,No,No,One year,Yes,Electronic check,52.28,713.38,2,No
2331-DU,Male,0,Yes,No,40,Yes,Yes,No,No internet service,No internet service,No internet service,No internet service,No internet service,No internet service,Month-to-month,No,Electronic check,22.2,959.9,0,Yes
2806-UF,Male,0,No,No,51,Yes,Yes,Fiber optic,Yes,No,Yes,Yes,Yes,Yes,One year,Yes,Credit card (automatic),114.43,5865.04,1,No
5147-XH,Female,0,Yes,Yes,65,Yes,No,Fiber optic,No,No,No,Yes,Yes,No,Two year,Yes,Credit card (automatic),90.01,5959.08,1,No
1027-UP,Male,0,Yes,No,13,Yes,Yes,Fiber optic,No,No,No,No,Yes,Yes,Month-to-month,No,Electronic check,82.47,1166.24,1,Yes
9955-VP,Male,0,No,No,38,Yes,Yes,No,No internet service,No internet service,No internet service,No internet service,No internet service,No internet service,One year,Yes,Credit card (automatic),19.85,744.55,3,No
7690-QI,Female,0,Yes,No,26,Yes,No,Fiber optic,No,No,No,No,No,No,Month-to-month,Yes,Mailed check,66.53,1744.77,0,Yes
4832-CT,Female,0,Yes,Yes,15,Yes,No,DSL,No,No,No,Yes,Yes,Yes,Month-to-month,No,Bank transfer (automatic),79.7,1192.32,2,No
1559-VX,Female,0,No,No,5,Yes,No,DSL,No,No,No,Yes,No,No,One year,Yes,Mailed check,52.76,202.06,1,No
8344-TO,Male,0,No,No,2,Yes,No,No,No internet service,No internet service,No internet service,No internet service,No internet service,No internet service,Month-to-month,Yes,Electronic check,20.53,123.47,0,Yes
5929-HV,Female,0,Yes,Yes,65,Yes,Yes,Fiber optic,No,No,No,No,Yes,No,Month-to-month,No,Credit card (automatic),78.41,5122.89,2,No
3072-BS,Female,0,Yes,No,60,Yes,Yes,DSL,No,No,Yes,No,Yes,No,Month-to-month,No,Electronic check,61.37,3729.15,2,No
7088-IM,Male,0,No,No,56,Yes,No,Fiber optic,No,Yes,No,No,No,No,One year,Yes,Electronic check,69.26,3819.59,1,No
6838-SU,Female,0,Yes,No,38,No,No phone service,No,No internet service,No internet service,No internet service,No internet service,No internet service,No internet service,Two year,Yes,Credit card (automatic),18.5,701.6,2,No
2550-RG,Male,0,No,Yes,57,Yes,No,No,No internet service,No internet service,No internet service,No internet service,No internet service,No internet service,Month-to-month,Yes,Bank transfer (automatic),20.03,1060.24,0,No
6497-KH,Male,0,Yes,Yes,51,Yes,No,DSL,Yes,No,Yes,No,Yes,Yes,Month-to-month,Yes,Mailed check,83.71,4263.23,0,No
2829-HB,Female,0,No,No,41,Yes,No,No,No internet service,No internet service,No internet service,No internet service,No internet service,No internet service,Month-to-month,Yes,Credit card (automatic),21.88,881.7,3,No
7601-LQ,Male,0,Yes,No,70,Yes,Yes,Fiber optic,No,No,No,Yes,No,No,One year,Yes,Bank transfer (automatic),71.03,4925.34,0,No
7182-DC,Male,0,No,No,52,Yes,No,Fiber optic,Yes,No,No,No,No,No,Month-to-month,No,Mailed check,68.3,3525.83,2,No
3094-DY,Female,0,Yes,No,1,Yes,Yes,DSL,Yes,Yes,No,No,Yes,No,One year,Yes,Electronic check,70.09,138.59,1,No
2548-RU,Female,0,No,Yes,18,Yes,Yes,No,No internet service,No internet service,No internet service,No internet service,No internet service,No internet service,Two year,Yes,Bank transfer (automatic),18.5,368.82,1,No
9559-AD,Female,0,Yes,No,27,Yes,No,Fiber optic,Yes,Yes,No,Yes,Yes,No,One year,Yes,Credit card (automatic),97.62,2638.66,0,No
5849-HT,Male,1,Yes,No,72,Yes,No,DSL,Yes,No,No,No,No,Yes,Month-to-month,Yes,Mailed check,67.59,4816.92,0,No
6674-TU,Male,0,Yes,No,42,Yes,No,Fiber optic,No,No,Yes,No,Yes,No,One year,Yes,Mailed check,82.43,3482.34,2,No
6620-US,Female,0,No,No,6,Yes,No,Fiber optic,No,No,No,No,Yes,No,Month-to-month,No,Credit card (automatic),79.05,393.46,2,Yes
4606-SR,Female,1,Yes,No,24,Yes,No,Fiber optic,No,No,Yes,Yes,No,No,Month-to-month,Yes,Credit card (automatic),86.35,2004.35,2,No
4506-KC,Female,0,Yes,No,45,Yes,Yes,DSL,Yes,No,No,No,Yes,Yes,Month-to-month,Yes,Mailed check,78.28,3597.28,0,No
2395-SJ,Male,1,Yes,Yes,71,Yes,Yes,Fiber optic,No,No,No,No,No,No,Month-to-month,Yes,Electronic check,62.6,4523.63,0,Yes
9303-ET,Female,0,No,Yes,7,Yes,No,DSL,Yes,Yes,No,No,No,No,Two year,Yes,Electronic check,60.95,317.66,1,No
8336-HK,Male,0,Yes,Yes,16,Yes,Yes,No,No internet service,No internet service,No internet service,No internet service,No internet service,No internet service,Month-to-month,Yes,Credit card (automatic),25.24,416.32,2,No
6967-GO,Female,0,Yes,No,58,Yes,Yes,DSL,No,No,No,Yes,Yes,Yes,Month-to-month,Yes,Credit card (automatic),82.07,4861.9,2,No
5348-UT,Male,0,No,No,57,Yes,No,Fiber optic,Yes,Yes,No,No,Yes,No,One year,Yes,Bank transfer (automatic),98.73,5603.71,4,No
2942-QF,Male,0,No,No,42,Yes,No,Fiber optic,No,Yes,No,Yes,Yes,Yes,Month-to-month,Yes,Mailed check,103.78,4372.59,1,Yes
6422-HG,Female,0,Yes,No,14,Yes,No,Fiber optic,No,Yes,No,No,No,Yes,Month-to-month,No,Mailed check,82.65,1126.61,1,Yes
6196-WF,Male,1,No,No,56,Yes,No,DSL,Yes,No,Yes,No,Yes,No,One year,Yes,Electronic check,73.93,4168.52,2,No
7268-ET,Male,0,Yes,Yes,12,Yes,No,Fiber optic,Yes,No,No,No,Yes,No,Month-to-month,Yes,Credit card (automatic),81.68,928.81,2,Yes
5636-RO,Female,0,Yes,No,15,Yes,No,No,No internet service,No internet service,No internet service,No internet service,No internet service,No internet service,One year,No,Mailed check,20.35,322.46,0,No
8702-JC,Female,0,No,No,8,Yes,No,DSL,No,No,Yes,Yes,No,No,One year,No,Mailed check,58.7,570.77,3,No
5087-MH,Male,0,No,No,58,Yes,No,DSL,No,No,No,No,No,No,One year,No,Mailed check,41.88,2438.26,3,No
4925-UB,Male,0,Yes,No,53,Yes,Yes,No,No internet service,No internet service,No internet service,No internet service,No internet service,No internet service,One year,Yes,Credit card (automatic),18.5,959.14,2,No
9172-AL,Male,0,Yes,No,9,Yes,No,No,No internet service,No internet service,No internet service,No internet service,No internet service,No internet service,Month-to-month,Yes,Electronic check,21.36,132.54,2,Yes
4796-EH,Female,0,Yes,No,46,Yes,Yes,Fiber optic,Yes,Yes,No,No,No,Yes,Month-to-month,No,Mailed check,90.27,4162.0,1,No
7266-CF,Male,0,No,No,7,Yes,Yes,Fiber optic,No,No,No,No,Yes,No,Month-to-month,No,Credit card (automatic),77.84,498.44,1,No
5860-RX,Male,0,No,No,44,Yes,Yes,Fiber optic,Yes,No,No,No,Yes,Yes,Two year,Yes,Bank transfer (automatic),100.2,4345.83,2,No
8962-GL,Female,0,Yes,No,14,Yes,Yes,DSL,No,Yes,No,No,No,No,One year,Yes,Mailed check,54.03,689.51,2,No
7761-LK,Female,1,No,No,6,Yes,Yes,Fiber optic,No,No,Yes,No,No,No,Month-to-month,Yes,Bank transfer (automatic),75.61,371.55,2,Yes
5754-FY,Female,0,Yes,No,35,Yes,No,DSL,Yes,Yes,Yes,No,Yes,No,Two year,Yes,Bank transfer (automatic),80.75,2812.93,1,No
6278-IT,Female,0,No,No,70,Yes,No,Fiber optic,No,Yes,Yes,No,No,Yes,Two year,Yes,Mailed check,90.34,6401.29,1,No
2225-EM,Female,0,Yes,No,61,Yes,Yes,DSL,No,No,No,Yes,No,No,One year,Yes,Mailed check,59.39,3675.54,1,No
1895-BR,Male,0,No,Yes,24,Yes,Yes,DSL,Yes,Yes,Yes,No,Yes,Yes,Month-to-month,Yes,Bank transfer (automatic),88.94,2175.37,1,Yes
2620-AX,Male,0,Yes,No,2,Yes,No,Fiber optic,Yes,No,No,Yes,No,Yes,Month-to-month,Yes,Credit card (automatic),92.74,147.93,0,Yes
6419-JB,Male,0,No,No,51,Yes,Yes,DSL,Yes,Yes,Yes,No,Yes,Yes,One year,No,Mailed check,84.56,4319.24,1,No
3433-WX,Female,0,Yes,No,31,Yes,No,Fiber optic,Yes,No,Yes,No,Yes,No,Month-to-month,No,Credit card (automatic),91.7,2827.14,1,Yes
2301-NK,Female,0,Yes,No,27,Yes,No,DSL,No,No,No,No,Yes,No,Two year,Yes,Mailed check,50.6,1466.16,1,No
9950-KQ,Female,0,No,No,31,No,No phone service,DSL,No,Yes,Yes,No,No,Yes,One year,Yes,Bank transfer (automatic),59.01,1775.73,3,No
6644-GP,Male,0,Yes,No,70,Yes,No,DSL,No,No,No,No,Yes,Yes,Month-to-month,Yes,Electronic check,69.41,4776.56,2,Yes
6088-MA,Female,0,Yes,No,43,Yes,Yes,DSL,No,No,No,No,Yes,No,Month-to-month,No,Bank transfer (automatic),60.45,2530.81,2,Yes
8493-TC,Female,0,No,No,52,Yes,No,DSL,No,No,No,No,No,No,Month-to-month,Yes,Mailed check,43.01,2258.66,0,No
4307-EI,Female,0,No,No,14,Yes,No,DSL,No,No,Yes,Yes,No,Yes,Month-to-month,Yes,Mailed check,75.88,1025.26,2,No
4833-LJ,Male,0,Yes,No,59,No,No phone service,Fiber optic,Yes,No,No,Yes,No,Yes,Month-to-month,Yes,Electronic check,79.37,4652.32,0,No
5537-EI,Female,0,Yes,No,20,Yes,No,DSL,Yes,Yes,No,No,Yes,No,Two year,Yes,Electronic check,69.72,1306.86,2,No
5762-ZT,Female,0,Yes,No,52,Yes,No,DSL,No,No,No,No,Yes,No,One year,Yes,Mailed check,56.84,2916.66,0,No
8472-JU,Male,0,No,No,40,Yes,No,Fiber optic,No,Yes,No,Yes,No,No,Month-to-month,No,Bank transfer (automatic),82.36,3331.71,1,No
4584-VP,Female,0,Yes,No,68,Yes,Yes,Fiber optic,No,No,Yes,No,No,Yes,Month-to-month,Yes,Electronic check,87.44,5850.33,1,No
5665-OW,Female,0,Yes,Yes,44,Yes,No,DSL,No,Yes,Yes,No,Yes,Yes,Month-to-month,No,Electronic check,82.09,3585.93,2,No
2351-EF,Female,0,No,No,6,Yes,No,DSL,Yes,No,No,No,Yes,Yes,One year,Yes,Electronic check,77.62,465.51,1,No
8190-TN,Male,0,Yes,Yes,57,Yes,No,DSL,No,No,Yes,Yes,No,No,Two year,Yes,Electronic check,61.38,3530.93,0,No
3646-KF,Female,0,Yes,No,58,No,No phone service,Fiber optic,No,Yes,No,No,No,Yes,Month-to-month,No,Electronic check,71.77,4134.68,2,Yes
8434-ML,Female,0,No,No,72,Yes,No,Fiber optic,No,Yes,No,No,Yes,Yes,Month-to-month,No,Electronic check,99.71,7162.82,1,No
3037-BU,Male,0,Yes,No,30,Yes,Yes,DSL,No,Yes,No,Yes,No,Yes,Month-to-month,Yes,Credit card (automatic),76.2,2342.05,2,No
8778-WD,Male,0,No,No,52,Yes,Yes,No,No internet service,No internet service,No internet service,No internet service,No internet service,No internet service,Month-to-month,Yes,Credit card (automatic),18.5,944.46,2,No
2424-VF,Female,0,No,No,11,Yes,Yes,No,No internet service,No internet service,No internet service,No internet service,No internet service,No internet service,One year,No,Credit card (automatic),21.65,293.11,2,No
3318-KX,Male,0,Yes,No,47,Yes,Yes,DSL,No,Yes,No,Yes,No,Yes,Month-to-month,Yes,Credit card (automatic),76.58,3743.54,2,No
6058-FZ,Female,1,Yes,No,5,Yes,Yes,DSL,Yes,No,Yes,No,No,Yes,One year,Yes,Mailed check,74.01,382.45,2,No
5929-NI,Male,0,No,No,3,Yes,No,DSL,Yes,Yes,No,No,No,No,One year,Yes,Mailed check,56.67,113.84,2,No
9702-MZ,Female,0,No,Yes,15,Yes,No,Fiber optic,Yes,Yes,Yes,No,No,Yes,Month-to-month,Yes,Bank transfer (automatic),95.66,1462.47,3,Yes
9683-LR,Female,0,Yes,No,2,Yes,No,Fiber optic,No,No,No,Yes,No,Yes,Two year,No,Credit card (automatic),83.05,222.77,0,No
2520-UP,Female,0,Yes,Yes,2,Yes,Yes,DSL,Yes,No,No,No,Yes,No,One year,Yes,Bank transfer (automatic),65.16,93.4,2,No
7704-UX,Male,0,No,No,72,Yes,Yes,No,No internet service,No internet service,No internet service,No internet service,No internet service,No internet service,One year,Yes,Bank transfer (automatic),18.5,1364.68,0,No
2575-KX,Male,0,Yes,No,54,No,No phone service,Fiber optic,No,No,Yes,Yes,No,Yes,Month-to-month,Yes,Mailed check,86.25,4556.88,2,No
7176-WM,Female,0,Yes,Yes,46,Yes,No,Fiber optic,No,No,Yes,No,Yes,No,One year,Yes,Mailed check,84.41,3931.5,1,No
3613-UQ,Female,1,No,Yes,41,Yes,No,Fiber optic,No,No,Yes,Yes,Yes,Yes,Month-to-month,No,Mailed check,95.02,3854.18,2,Yes
9653-NP,Female,0,Yes,Yes,69,Yes,No,Fiber optic,No,Yes,Yes,No,No,Yes,Month-to-month,No,Electronic check,97.57,6640.83,1,Yes
9112-FZ,Female,1,No,No,30,No,No phone service,DSL,Yes,Yes,No,No,No,Yes,Month-to-month,Yes,Electronic check,57.91,1710.33,0,No
4515-GZ,Male,0,No,No,44,Yes,Yes,Fiber optic,No,No,Yes,No,Yes,No,Month-to-month,Yes,Electronic check,88.23,3944.78,0,Yes
7489-AY,Male,0,Yes,No,10,Yes,No,Fiber optic,Yes,Yes,No,No,No,Yes,Month-to-month,Yes,Mailed check,93.38,930.8,3,No
4534-TU,Female,0,No,No,30,Yes,Yes,DSL,Yes,No,No,No,Yes,Yes,Month-to-month,No,Electronic check,80.44,2402.46,0,Yes
3525-ZM,Male,0,No,Yes,49,Yes,Yes,DSL,Yes,Yes,Yes,No,No,Yes,Month-to-month,Yes,Mailed check,75.71,3753.39,1,No
3333-BS,Male,0,Yes,No,35,No,No phone service,DSL,No,Yes,Yes,Yes,Yes,Yes,Month-to-month,Yes,Credit card (automatic),83.05,2927.22,2,No
9302-LO,Male,0,Yes,Yes,65,Yes,No,No,No internet service,No internet service,No internet service,No internet service,No internet service,No internet service,One year,No,Bank transfer (automatic),21.21,1349.41,2,No
9984-RN,Female,0,No,No,17,Yes,Yes,Fiber optic,No,No,No,No,Yes,No,Month-to-month,No,Electronic check,80.66,1369.17,3,No
4414-FZ,Female,0,No,No,31,Yes,No,Fiber optic,No,No,No,No,No,No,Month-to-month,Yes,Credit card (automatic),61.59,2006.95,7,Yes
7749-IY,Male,0,No,No,70,Yes,No,No,No internet service,No internet service,No internet service,No internet service,No internet service,No internet service,One year,Yes,Mailed check,20.29,1421.86,5,No
6283-QB,Male,0,No,Yes,52,Yes,No,DSL,No,No,No,No,Yes,Yes,Month-to-month,Yes,Credit card (automatic),71.54,3728.26,1,No
8511-NZ,Female,1,Yes,Yes,26,Yes,Yes,Fiber optic,No,No,No,No,Yes,Yes,Month-to-month,Yes,Bank transfer (automatic),85.73,2336.32,1,Yes
9263-NB,Female,0,No,No,5,Yes,Yes,Fiber optic,No,Yes,Yes,No,No,Yes,Month-to-month,Yes,Mailed check,87.05,358.71,0,Yes
1879-DA,Female,1,Yes,No,14,Yes,No,Fiber optic,Yes,No,No,Yes,Yes,No,One year,Yes,Bank transfer (automatic),90.14,1297.22,1,No
8222-TN,Male,0,Yes,No,51,Yes,No,Fiber optic,No,Yes,No,No,No,No,Month-to-month,No,Credit card (automatic),70.48,3609.94,0,No
4239-YY,Male,0,Yes,No,15,Yes,Yes,Fiber optic,No,Yes,No,Yes,Yes,No,Month-to-month,Yes,Mailed check,91.35,1358.74,1,No
2125-VZ,Male,0,No,No,12,Yes,No,Fiber optic,Yes,Yes,No,Yes,No,No,Month-to-month,Yes,Electronic check,90.67,1138.36,0,Yes
8975-FF,Female,0,Yes,No,46,Yes,Yes,Fiber optic,No,Yes,No,No,No,Yes,Month-to-month,No,Bank transfer (automatic),84.69,3840.44,0,No
7083-GX,Female,1,Yes,Yes,64,Yes,No,Fiber optic,Yes,Yes,No,No,Yes,No,One year,Yes,Electronic check,91.97,5871.84,0,No
2938-GC,Female,0,Yes,No,72,Yes,No,DSL,No,No,No,No,No,No,Month-to-month,Yes,Mailed check,42.97,3029.48,1,No
4232-AN,Female,1,Yes,Yes,59,Yes,Yes,No,No internet service,No internet service,No internet service,No internet service,No internet service,No internet service,Month-to-month,No,Electronic check,20.14,1166.51,1,No
4465-YN,Female,0,No,No,26,Yes,No,DSL,Yes,No,No,No,Yes,No,One year,Yes,Bank transfer (automatic),66.78,1698.34,1,Yes
9803-FP,Male,0,No,No,29,Yes,No,DSL,No,Yes,Yes,Yes,No,No,Month-to-month,No,Mailed check,62.94,1870.0,1,No
6755-UA,Male,0,No,No,4,Yes,No,DSL,No,No,Yes,Yes,Yes,No,Two year,No,Mailed check,71.15,299.9,2,No
1005-IO,Male,0,No,Yes,50,Yes,Yes,Fiber optic,No,Yes,No,Yes,No,Yes,Month-to-month,No,Credit card (automatic),94.25,4661.84,1,Yes
6739-CK,Female,0,No,No,25,Yes,Yes,No,No internet service,No internet service,No internet service,No internet service,No internet service,No internet service,One year,No,Mailed check,20.81,525.12,1,No
3606-CN,Male,0,No,No,40,Yes,No,No,No internet service,No internet service,No internet service,No internet service,No internet service,No internet service,Two year,Yes,Credit card (automatic),21.15,661.86,2,No
7337-DZ,Female,0,No,No,32,Yes,No,Fiber optic,No,No,No,Yes,No,No,Month-to-month,Yes,Electronic check,72.08,2327.69,1,No
5491-BQ,Male,0,Yes,No,37,Yes,Yes,DSL,Yes,No,No,Yes,No,Yes,One year,Yes,Credit card (automatic),74.25,2644.37,0,No
6922-JP,Male,0,Yes,Yes,10,Yes,Yes,Fiber optic,Yes,No,No,No,No,No,Two year,No,Mailed check,73.22,765.72,0,No
8381-IK,Female,0,Yes,No,38,Yes,No,No,No internet service,No internet service,No internet service,No internet service,No internet service,No internet service,Month-to-month,Yes,Credit card (automatic),21.41,792.49,1,No
1014-CP,Male,1,Yes,No,61,Yes,No,DSL,No,No,Yes,No,Yes,Yes,Two year,Yes,Mailed check,76.32,4756.58,1,No
3685-UU,Male,0,Yes,No,27,Yes,Yes,Fiber optic,No,Yes,Yes,No,No,No,Two year,No,Mailed check,77.99,2018.23,3,No
9159-WE,Male,0,No,Yes,7,Yes,Yes,Fiber optic,No,No,No,No,No,Yes,Month-to-month,Yes,Mailed check,74.96,556.15,0,Yes
7374-IU,Male,0,No,No,9,Yes,No,DSL,No,No,No,No,Yes,No,Month-to-month,Yes,Electronic check,54.58,578.1,0,Yes
6521-UH,Male,0,Yes,No,59,Yes,No,DSL,No,No,No,No,No,Yes,Month-to-month,No,Electronic check,52.21,3056.07,1,No
8155-BJ,Male,0,Yes,Yes,36,No,No phone service,Fiber optic,No,Yes,No,No,No,No,Two year,No,Bank transfer (automatic),61.13,2206.87,0,No
4890-IY,Male,1,No,No,30,Yes,Yes,No,No internet service,No internet service,No internet service,No internet service,No internet service,No internet service,Month-to-month,Yes,Electronic check,18.5,546.93,3,No
1791-HX,Female,1,Yes,No,19,Yes,No,No,No internet service,No internet service,No internet service,No internet service,No internet service,No internet service,Month-to-month,Yes,Bank transfer (automatic),19.16,383.3,1,No
4063-XA,Male,1,Yes,No,41,Yes,Yes,Fiber optic,No,No,No,No,Yes,Yes,Two year,No,Electronic check,82.84,3393.32,0,Yes
3091-YX,Female,0,No,No,55,Yes,No,No,No internet service,No internet service,No internet service,No internet service,No internet service,No internet service,One year,Yes,Mailed check,23.01,1231.27,2,No
8408-BK,Male,0,Yes,No,6,Yes,Yes,DSL,Yes,No,Yes,No,No,No,Two year,No,Bank transfer (automatic),62.61,378.08,1,No
4793-WV,Female,1,No,Yes,22,Yes,Yes,Fiber optic,Yes,Yes,Yes,Yes,Yes,Yes,Month-to-month,Yes,Electronic check,118.9,2771.32,2,Yes
6162-RH,Female,0,No,No,70,Yes,Yes,DSL,Yes,No,No,No,No,Yes,Two year,Yes,Bank transfer (automatic),58.93,4184.64,0,No
7446-IO,Male,1,No,No,24,Yes,Yes,Fiber optic,No,Yes,No,No,No,Yes,Two year,No,Bank transfer (automatic),83.48,1955.33,2,Yes
4603-MM,Female,0,Yes,No,62,No,No phone service,Fiber optic,No,Yes,No,Yes,Yes,Yes,Month-to-month,Yes,Mailed check,95.61,5951.73,2,No
2216-TD,Female,0,Yes,Yes,42,Yes,Yes,DSL,No,Yes,Yes,No,Yes,Yes,Month-to-month,Yes,Bank transfer (automatic),79.96,3239.7,4,Yes
4811-DM,Male,0,Yes,No,22,Yes,Yes,No,No internet service,No internet service,No internet service,No internet service,No internet service,No internet service,Two year,No,Mailed check,18.5,382.51,1,No
5993-ZW,Female,0,Yes,No,16,Yes,Yes,DSL,Yes,Yes,Yes,No,No,No,Two year,No,Electronic check,72.65,1150.52,1,No
7862-DF,Male,0,Yes,Yes,13,Yes,No,Fiber optic,No,No,No,No,No,Yes,Month-to-month,No,Electronic check,76.66,1020.91,2,Yes
8526-FC,Female,0,No,Yes,37,No,No phone service,DSL,Yes,Yes,No,No,Yes,No,Two year,No,Bank transfer (automatic),63.02,2331.63,2,No
6347-JU,Female,0,No,Yes,52,Yes,No,Fiber optic,No,Yes,No,Yes,No,Yes,Month-to-month,No,Credit card (automatic),92.94,4813.63,0,No
8933-FT,Female,0,No,No,24,Yes,Yes,DSL,Yes,No,Yes,Yes,No,No,Two year,No,Credit card (automatic),72.27,1739.75,1,No
7211-DM,Female,0,Yes,No,17,Yes,No,DSL,No,No,No,Yes,No,Yes,Month-to-month,Yes,Electronic check,66.93,1154.93,1,No
9527-YN,Male,0,No,Yes,16,Yes,No,No,No internet service,No internet service,No internet service,No internet service,No internet service,No internet service,Two year,Yes,Electronic check,21.68,404.66,0,No
9970-BV,Male,0,Yes,Yes,1,Yes,Yes,Fiber optic,No,No,Yes,Yes,No,Yes,Month-to-month,Yes,Bank transfer (automatic),92.93,110.46,2,Yes
4447-XG,Male,0,Yes,No,1,Yes,Yes,Fiber optic,No,Yes,No,No,No,No,Month-to-month,Yes,Electronic check,70.99,50.01,1,Yes
5899-GP,Male,0,No,Yes,30,Yes,No,Fiber optic,No,No,Yes,No,No,No,One year,No,Bank transfer (automatic),70.87,2076.63,3,No
9825-FF,Male,1,Yes,No,24,No,No phone service,Fiber optic,No,No,No,No,Yes,Yes,Month-to-month,Yes,Credit card (automatic),75.66,1790.66,3,No
9545-XH,Female,0,No,No,46,Yes,Yes,No,No internet service,No internet service,No internet service,No internet service,No internet service,No internet service,Month-to-month,Yes,Mailed check,20.06,859.32,0,No
2885-GY,Male,0,No,No,2,Yes,No,Fiber optic,Yes,No,No,No,No,Yes,Month-to-month,No,Credit card (automatic),86.2,166.16,4,Yes
4022-YV,Female,0,Yes,No,15,No,No phone service,Fiber optic,Yes,No,Yes,No,Yes,Yes,One year,Yes,Electronic check,95.64,1403.71,0,Yes
6265-LW,Male,0,No,No,29,Yes,No,Fiber optic,No,Yes,No,No,Yes,No,One year,Yes,Electronic check,83.11,2427.81,0,No
5204-GY,Male,0,Yes,Yes,62,No,No phone service,No,No internet service,No internet service,No internet service,No internet service,No internet service,No internet service,Month-to-month,No,Mailed check,18.5,1095.61,0,No
2757-JB,Male,1,No,No,13,Yes,Yes,Fiber optic,No,No,Yes,Yes,Yes,Yes,Month-to-month,Yes,Bank transfer (automatic),100.94,1415.74,7,Yes
5917-FI,Male,0,Yes,No,65,Yes,No,DSL,Yes,No,No,No,Yes,Yes,One year,Yes,Credit card (automatic),80.45,5217.1,0,No
4052-IM,Female,0,Yes,No,45,Yes,Yes,Fiber optic,Yes,Yes,No,No,No,No,Month-to-month,No,Electronic check,77.24,3578.46,1,No
1932-NE,Male,0,Yes,No,47,Yes,Yes,No,No internet service,No internet service,No internet service,No internet service,No internet service,No internet service,Month-to-month,Yes,Electronic check,18.5,821.99,0,No
8240-HG,Female,1,No,No,16,Yes,No,DSL,No,No,Yes,No,No,Yes,Month-to-month,Yes,Mailed check,58.24,940.43,3,Yes
1565-CW,Female,0,No,No,3,Yes,No,No,No internet service,No internet service,No internet service,No internet service,No internet service,No internet service,Month-to-month,Yes,Mailed check,18.5,28.96,1,Yes
1743-AG,Male,0,No,No,70,Yes,Yes,DSL,No,Yes,No,Yes,No,No,Two year,No,Electronic check,61.69,4368.33,0,No
9722-BN,Female,1,No,No,5,Yes,Yes,DSL,No,No,No,No,Yes,No,Two year,No,Electronic check,57.92,300.72,2,Yes
9753-ON,Female,1,No,No,26,No,No phone service,DSL,No,Yes,No,No,No,No,Month-to-month,No,Electronic check,45.31,1107.73,1,Yes
4767-YS,Male,0,Yes,No,15,Yes,No,DSL,No,No,No,No,No,Yes,Month-to-month,No,Mailed check,61.13,938.1,0,Yes
9701-SV,Female,0,No,No,55,No,No phone service,Fiber optic,No,No,No,No,No,No,Month-to-month,Yes,Electronic check,52.48,2921.48,1,Yes
8248-VS,Male,0,Yes,No,22,Yes,No,Fiber optic,No,Yes,No,No,No,Yes,Two year,Yes,Bank transfer (automatic),83.8,1800.9,0,No
9986-PT,Male,0,Yes,No,37,Yes,No,DSL,Yes,No,No,No,Yes,Yes,Two year,No,Electronic check,70.83,2618.08,0,No
5856-SA,Female,1,Yes,No,29,Yes,Yes,Fiber optic,No,No,Yes,No,Yes,Yes,Month-to-month,Yes,Electronic check,93.59,2777.45,1,Yes
1434-GW,Female,0,Yes,No,26,No,No phone service,DSL,No,No,Yes,No,Yes,No,Month-to-month,Yes,Electronic check,54.08,1384.64,0,Yes
2706-EQ,Female,0,No,No,70,Yes,Yes,Fiber optic,No,No,No,No,No,No,One year,No,Mailed check,57.87,4070.02,3,No
8018-XZ,Female,1,Yes,Yes,11,Yes,No,No,No internet service,No internet service,No internet service,No internet service,No internet service,No internet service,Month-to-month,Yes,Credit card (automatic),18.5,112.51,0,Yes
7825-LJ,Female,0,No,No,20,Yes,Yes,Fiber optic,No,Yes,Yes,No,Yes,Yes,Two year,Yes,Bank transfer (automatic),103.43,2200.07,2,No
7156-ZR,Female,0,No,No,70,Yes,Yes,Fiber optic,No,No,No,No,No,No,Two year,No,Electronic check,62.41,4378.82,3,No
7194-TQ,Female,0,Yes,Yes,33,Yes,No,Fiber optic,No,No,Yes,No,No,Yes,Month-to-month,Yes,Bank transfer (automatic),82.03,2659.62,1,No
7867-PE,Male,0,No,No,30,No,No phone service,Fiber optic,Yes,No,No,No,No,No,Two year,No,Electronic check,64.69,1905.69,0,No
4546-OZ,Male,1,No,Yes,50,No,No phone service,DSL,Yes,Yes,No,No,No,No,One year,No,Electronic check,48.82,2313.51,1,No
3303-BM,Male,0,Yes,Yes,34,Yes,Yes,DSL,No,Yes,No,No,Yes,Yes,One year,No,Mailed check,73.25,2514.88,1,No
4221-HW,Female,1,No,No,5,Yes,Yes,No,No internet service,No internet service,No internet service,No internet service,No internet service,No internet service,Two year,Yes,Bank transfer (automatic),23.27,164.04,1,No
2082-QD,Female,1,Yes,No,12,Yes,Yes,DSL,Yes,Yes,Yes,No,Yes,No,Month-to-month,Yes,Mailed check,86.14,1176.8,1,Yes
2592-IW,Female,1,Yes,No,52,Yes,No,DSL,Yes,No,Yes,No,Yes,Yes,Month-to-month,No,Bank transfer (automatic),85.62,4470.85,3,No
6179-IX,Male,0,Yes,Yes,51,Yes,No,DSL,No,No,Yes,No,Yes,Yes,Two year,No,Bank transfer (automatic),76.75,3924.45,1,No
2590-UP,Male,0,No,Yes,21,Yes,No,Fiber optic,Yes,No,No,No,Yes,No,Two year,No,Credit card (automatic),89.58,1891.9,1,Yes
8230-XW,Male,0,Yes,No,71,Yes,No,Fiber optic,Yes,No,Yes,No,Yes,No,Two year,No,Credit card (automatic),88.09,6215.11,2,No
8960-ZQ,Female,0,Yes,No,58,Yes,No,Fiber optic,Yes,No,No,No,No,Yes,Month-to-month,Yes,Mailed check,88.39,5110.59,3,No
4646-MI,Male,0,Yes,Yes,64,No,No phone service,DSL,Yes,No,No,No,Yes,Yes,Month-to-month,No,Bank transfer (automatic),69.98,4455.42,2,No
5942-GA,Male,0,No,No,6,Yes,No,DSL,Yes,No,Yes,No,Yes,No,Month-to-month,No,Mailed check,68.3,364.74,0,Yes
2600-EX,Female,0,No,No,49,Yes,Yes,DSL,No,Yes,No,Yes,Yes,No,Month-to-month,No,Credit card (automatic),73.68,3617.46,2,Yes
1709-MZ,Male,0,No,No,72,Yes,No,Fiber optic,No,No,Yes,Yes,No,No,One year,Yes,Electronic check,79.83,5792.75,1,No
4099-HO,Male,1,Yes,No,37,No,No phone service,Fiber optic,No,Yes,No,Yes,Yes,Yes,Month-to-month,Yes,Electronic check,92.51,3339.89,1,Yes
6765-FD,Male,0,Yes,Yes,10,Yes,Yes,DSL,Yes,No,Yes,Yes,No,Yes,Month-to-month,No,Electronic check,73.76,736.91,2,No
6322-UR,Female,0,No,No,66,Yes,No,DSL,Yes,No,Yes,Yes,Yes,Yes,Two year,Yes,Electronic check,95.04,6310.29,2,No
6309-LU,Male,0,Yes,No,56,Yes,No,Fiber optic,No,Yes,No,No,No,No,One year,Yes,Electronic check,69.03,3883.33,2,Yes
6413-HO,Female,0,Yes,Yes,71,Yes,Yes,Fiber optic,Yes,No,Yes,No,Yes,No,Month-to-month,No,Bank transfer (automatic),91.76,6538.75,1,No
1179-PF,Female,0,Yes,No,66,Yes,No,DSL,No,Yes,Yes,No,No,No,One year,Yes,Credit card (automatic),60.16,4001.65,3,No
8188-QI,Male,0,No,No,45,No,No phone service,Fiber optic,No,Yes,No,No,Yes,Yes,Two year,No,Electronic check,87.23,3947.88,2,No
8666-RY,Male,1,Yes,No,68,Yes,No,DSL,No,Yes,Yes,No,Yes,No,Month-to-month,No,Credit card (automatic),73.19,4900.99,2,No
6285-LK,Female,0,Yes,Yes,64,Yes,Yes,DSL,Yes,No,Yes,No,Yes,Yes,Month-to-month,Yes,Electronic check,82.99,5344.41,2,No
2519-TQ,Female,1,No,No,16,Yes,Yes,No,No internet service,No internet service,No internet service,No internet service,No internet service,No internet service,One year,No,Bank transfer (automatic),23.25,342.07,3,No
7611-IA,Female,1,No,No,10,Yes,Yes,DSL,No,Yes,No,No,Yes,Yes,One year,Yes,Bank transfer (automatic),72.03,709.34,2,No
7457-CU,Female,0,No,Yes,21,No,No phone service,DSL,Yes,No,Yes,No,No,No,Month-to-month,Yes,Bank transfer (automatic),54.71,1170.31,1,Yes
3070-IV,Female,0,Yes,No,12,Yes,No,DSL,No,No,Yes,Yes,No,Yes,Month-to-month,Yes,Electronic check,75.72,905.6,1,Yes
9530-MW,Male,0,No,No,13,Yes,No,Fiber optic,No,Yes,No,No,Yes,Yes,Month-to-month,Yes,Mailed check,90.83,1128.93,0,Yes
6491-SW,Female,1,Yes,No,10,Yes,No,Fiber optic,Yes,No,Yes,No,No,No,Two year,Yes,Electronic check,82.14,868.44,3,No
4290-GD,Male,0,No,No,13,Yes,Yes,Fiber optic,No,Yes,No,No,No,Yes,Month-to-month,No,Electronic check,81.36,1011.15,1,Yes
8670-NB,Female,0,No,Yes,34,Yes,Yes,Fiber optic,No,No,No,Yes,No,No,One year,Yes,Electronic check,70.36,2373.74,0,No
1800-RT,Male,0,Yes,Yes,59,Yes,No,DSL,No,Yes,No,No,No,No,Month-to-month,Yes,Electronic check,57.2,3420.01,1,No
4495-CZ,Female,0,Yes,Yes,49,Yes,No,No,No internet service,No internet service,No internet service,No internet service,No internet service,No internet service,Month-to-month,Yes,Bank transfer (automatic),18.5,861.57,2,No
7558-FV,Male,0,Yes,No,6,Yes,No,DSL,No,No,No,No,Yes,Yes,Month-to-month,No,Mailed check,64.9,470.88,2,Yes
3088-IT,Male,1,Yes,No,12,Yes,Yes,DSL,No,Yes,No,Yes,No,No,Month-to-month,No,Mailed check,57.9,654.9,4,Yes
3126-MV,Female,0,Yes,No,29,Yes,Yes,No,No internet service,No internet service,No internet service,No internet service,No internet service,No internet service,Two year,Yes,Bank transfer (automatic),18.5,508.73,0,No
6903-BZ,Female,0,No,Yes,26,No,No phone service,No,No internet service,No internet service,No internet service,No internet service,No internet service,No internet service,Two year,No,Electronic check,18.5,491.48,2,No
4322-FB,Male,0,Yes,No,68,Yes,No,Fiber optic,No,No,Yes,No,Yes,Yes,Two year,No,Mailed check,104.57,7032.75,3,No
3861-KX,Male,0,No,Yes,16,Yes,Yes,Fiber optic,Yes,Yes,No,No,Yes,No,Month-to-month,Yes,Mailed check,92.94,1413.6,2,Yes
2755-NL,Male,0,Yes,No,53,Yes,Yes,No,No internet service,No internet service,No internet service,No internet service,No internet service,No internet service,Month-to-month,Yes,Electronic check,18.5,1080.55,1,No
7227-AL,Female,0,Yes,Yes,19,No,No phone service,Fiber optic,No,No,No,No,Yes,Yes,One year,Yes,Mailed check,83.42,1591.71,2,No
3567-IB,Female,0,Yes,No,47,Yes,Yes,Fiber optic,Yes,No,No,Yes,Yes,No,Month-to-month,Yes,Mailed check,90.72,4309.66,0,No
4123-ME,Female,0,No,No,32,No,No phone service,DSL,Yes,No,No,No,No,No,Month-to-month,No,Bank transfer (automatic),41.36,1362.56,1,No
8081-LQ,Female,0,No,Yes,70,Yes,No,Fiber optic,Yes,Yes,Yes,Yes,Yes,No,Two year,Yes,Electronic check,107.77,7551.5,2,No
5962-OG,Male,0,No,No,70,Yes,Yes,DSL,No,Yes,No,Yes,No,Yes,Month-to-month,Yes,Bank transfer (automatic),74.93,5240.47,1,No
4549-FD,Female,0,Yes,No,61,Yes,Yes,Fiber optic,Yes,No,No,No,No,Yes,Month-to-month,No,Credit card (automatic),85.61,5177.18,1,No
2976-IF,Female,0,Yes,No,5,Yes,Yes,DSL,No,No,No,Yes,No,No,Month-to-month,No,Electronic check,52.86,332.37,0,Yes
8180-VT,Female,0,No,No,59,Yes,Yes,DSL,No,No,Yes,No,Yes,No,Month-to-month,No,Electronic check,66.46,3897.53,3,No
6987-BZ,Female,1,No,No,2,Yes,No,Fiber optic,Yes,Yes,No,No,No,Yes,Two year,Yes,Mailed check,94.6,162.52,3,Yes
4619-HM,Female,1,No,No,2,Yes,No,DSL,No,No,No,Yes,Yes,Yes,Month-to-month,Yes,Electronic check,72.8,18.5,3,Yes
9689-IA,Male,0,Yes,No,3,Yes,No,DSL,No,No,No,Yes,Yes,No,Month-to-month,Yes,Bank transfer (automatic),67.51,275.28,1,Yes
6452-RO,Female,0,No,No,70,Yes,Yes,DSL,No,No,No,No,No,Yes,One year,Yes,Electronic check,53.42,3732.27,3,No
4681-KN,Male,0,Yes,No,43,Yes,Yes,No,No internet service,No internet service,No internet service,No internet service,No internet service,No internet service,Month-to-month,No,Credit card (automatic),18.5,756.84,0,Yes
2845-ON,Female,0,Yes,No,5,Yes,Yes,DSL,No,Yes,No,Yes,No,Yes,One year,No,Electronic check,74.75,464.93,2,No
9111-WO,Female,0,Yes,Yes,50,Yes,Yes,DSL,No,No,Yes,Yes,Yes,No,One year,Yes,Bank transfer (automatic),73.01,3551.21,1,No
4090-IE,Female,0,No,Yes,10,Yes,No,Fiber optic,No,Yes,Yes,No,Yes,Yes,Two year,Yes,Bank transfer (automatic),104.78,985.08,3,No
7180-KT,Female,0,No,No,27,Yes,No,Fiber optic,No,Yes,No,No,No,No,Month-to-month,Yes,Mailed check,71.32,1858.55,2,Yes
9376-XD,Male,0,Yes,No,24,Yes,Yes,Fiber optic,No,No,Yes,No,Yes,Yes,Month-to-month,No,Mailed check,90.53,2195.61,1,Yes
1831-RY,Male,0,Yes,No,22,Yes,Yes,No,No internet service,No internet service,No internet service,No internet service,No internet service,No internet service,Month-to-month,No,Electronic check,18.5,410.07,2,No
6538-DN,Female,0,Yes,Yes,3,Yes,Yes,DSL,Yes,Yes,No,No,Yes,No,Month-to-month,No,Electronic check,71.69,224.06,3,Yes
9455-XP,Male,0,Yes,No,16,No,No phone service,Fiber optic,No,No,Yes,No,No,No,Month-to-month,Yes,Credit card (automatic),64.54,1082.81,1,Yes
2286-ZQ,Male,0,Yes,Yes,30,Yes,No,Fiber optic,Yes,No,No,No,No,No,Month-to-month,No,Electronic check,69.55,2093.78,1,Yes
7655-VV,Female,1,Yes,No,43,No,No phone service,Fiber optic,No,Yes,Yes,Yes,No,Yes,Month-to-month,No,Bank transfer (automatic),88.98,3832.09,3,Yes
6431-NO,Male,0,No,Yes,4,Yes,No,DSL,No,Yes,No,No,No,No,Two year,No,Credit card (automatic),52.71,107.54,2,Yes
1100-PE,Male,0,Yes,No,40,Yes,No,Fiber optic,No,Yes,No,No,Yes,Yes,Month-to-month,Yes,Electronic check,97.84,3928.84,2,No
8425-TY,Female,1,Yes,No,16,Yes,No,No,No internet service,No internet service,No internet service,No internet service,No internet service,No internet service,Month-to-month,No,Mailed check,20.73,280.16,2,Yes
9296-VI,Female,0,No,No,72,Yes,No,Fiber optic,No,No,No,Yes,No,Yes,Month-to-month,Yes,Electronic check,86.3,6227.01,1,No
4491-OK,Male,0,Yes,No,16,Yes,Yes,DSL,No,Yes,No,No,No,Yes,One year,Yes,Electronic check,62.77,1025.96,1,No
4392-RA,Female,1,No,No,66,Yes,No,DSL,No,No,No,No,No,No,Month-to-month,Yes,Electronic check,40.6,2716.74,1,Yes
4783-YP,Female,0,Yes,No,55,No,No phone service,Fiber optic,No,Yes,Yes,No,No,No,Month-to-month,No,Mailed check,70.38,4003.12,1,No
6973-RV,Female,0,No,No,20,No,No phone service,DSL,Yes,No,No,No,No,No,Two year,Yes,Electronic check,43.48,952.38,0,No
5648-LS,Male,0,Yes,No,51,Yes,No,Fiber optic,No,No,Yes,No,Yes,No,One year,Yes,Electronic check,86.09,4456.07,1,No
9024-RE,Female,0,No,Yes,57,Yes,No,DSL,No,Yes,Yes,Yes,No,Yes,Month-to-month,Yes,Mailed check,85.13,4818.46,1,No
2018-BG,Female,0,Yes,No,51,Yes,Yes,DSL,No,No,No,No,Yes,No,One year,No,Electronic check,56.81,3012.83,0,No
4657-OY,Male,0,No,No,18,Yes,Yes,Fiber optic,Yes,No,Yes,No,No,Yes,Month-to-month,Yes,Electronic check,88.91,1619.51,1,Yes
1774-EO,Male,0,Yes,Yes,59,Yes,Yes,Fiber optic,No,No,Yes,Yes,Yes,No,Two year,Yes,Credit card (automatic),93.56,5635.33,1,No
8867-TO,Male,1,No,Yes,28,Yes,Yes,Fiber optic,Yes,Yes,No,No,Yes,No,Month-to-month,No,Mailed check,94.82,2691.52,0,Yes
5329-XZ,Male,1,Yes,Yes,69,Yes,No,DSL,No,No,No,Yes,No,Yes,Month-to-month,Yes,Credit card (automatic),65.1,4361.93,0,No
2404-ZN,Male,0,No,No,28,Yes,No,Fiber optic,No,No,Yes,No,No,No,Month-to-month,No,Electronic check,71.23,2041.61,4,Yes
2369-ZJ,Female,0,No,Yes,13,Yes,No,DSL,No,No,No,No,No,No,Month-to-month,No,Bank transfer (automatic),48.35,646.63,1,No
3064-UN,Male,0,Yes,Yes,6,No,No phone service,Fiber optic,No,Yes,Yes,Yes,Yes,Yes,Month-to-month,Yes,Credit card (automatic),107.9,623.83,0,Yes
3817-PM,Female,0,Yes,Yes,29,Yes,No,DSL,Yes,Yes,No,No,Yes,No,Month-to-month,Yes,Bank transfer (automatic),71.14,2089.0,1,Yes
5040-GP,Male,0,Yes,Yes,9,Yes,No,DSL,Yes,No,No,No,No,Yes,Month-to-month,Yes,Credit card (automatic),62.44,559.23,3,No
6367-VI,Female,0,Yes,No,29,Yes,Yes,Fiber optic,Yes,No,No,Yes,No,Yes,Two year,Yes,Electronic check,93.62,2737.47,1,No
9789-WG,Female,0,Yes,No,38,Yes,Yes,Fiber optic,No,No,No,Yes,No,Yes,Month-to-month,No,Electronic check,88.54,3345.24,2,No
7383-IX,Male,0,No,No,65,Yes,No,Fiber optic,No,Yes,Yes,No,No,Yes,Month-to-month,No,Electronic check,94.89,6165.16,2,Yes
4667-GK,Male,0,No,Yes,56,Yes,Yes,Fiber optic,Yes,No,No,Yes,No,No,Month-to-month,No,Bank transfer (automatic),83.69,4661.21,1,No
3822-ST,Male,0,No,No,30,Yes,No,DSL,No,No,No,No,No,Yes,Month-to-month,Yes,Credit card (automatic),55.32,1633.41,1,No
